id,name,manufacturer,architecture,gpu_chip,release_date,bus_interface,memory_size,memory_type,memory_bus,memory_bandwidth,gpu_clock,boost_clock,memory_clock,shaders,tmus,rops,tdp,process_node,transistors,die_size,source_url,source_page,collected_at,last_updated_at,memory_size_gb,tdp_w,release_year,created_at
1822,2×,AMD,Radeon Pro V series,,381.7672,,,,,,,,,,,,,,,,,List_of_AMD_graphics_processing_units,2026-07-20T05:59:44Z,2026-07-20T05:59:47Z,,,,2026-07-20 05:59:44
1086,3D Rage,AMD,Rage series,,April 1996,PCI,,EDO,64,0.32,40,,40,1:0:1:1,,,,500,,,,List_of_AMD_graphics_processing_units,2026-07-20T05:59:28Z,2026-07-20T05:59:28Z,,,1996,2026-07-20 05:59:28
1087,3D Rage II,AMD,Rage series,,September 1996,"AGP 1× (Rage IIc only), PCI",,"EDO, SGRAM, SDR",64,0.664,60,,83 (66 MHz with EDO),1:0:1:1,,,,500,,,,List_of_AMD_graphics_processing_units,2026-07-20T05:59:28Z,2026-07-20T05:59:28Z,,,1996,2026-07-20 05:59:28
1948,AMD Instinct MI100(Arcturus),AMD,Radeon Instinct series,,"Nov 16, 2020",PCIe 4.0×16,32,HBM24096-bit,,1228.8,,,,,,,,CDNA 1TSMC N7,25.6×109750 mm2,,,List_of_AMD_graphics_processing_units,2026-07-20T05:59:47Z,2026-07-20T05:59:47Z,,,2020,2026-07-20 05:59:47
1949,AMD Instinct MI210(Aldebaran),AMD,Radeon Instinct series,,"Mar 22, 2022",PCIe 4.0×16,64,HBM2E4096-bit,,1638.4,,,,,,,,CDNA 2TSMC N6,28 × 109~770 mm2,,,List_of_AMD_graphics_processing_units,2026-07-20T05:59:47Z,2026-07-20T05:59:47Z,,,2022,2026-07-20 05:59:47
1950,AMD Instinct MI250(Aldebaran),AMD,Radeon Instinct series,,"Nov 8, 2021",PCIe 4.0×16,2 × 64,HBM2E2 × 4096-bit,,2 × 1638.4,,,,,,,,CDNA 2TSMC N6,58 × 1091540 mm2,,,List_of_AMD_graphics_processing_units,2026-07-20T05:59:47Z,2026-07-20T05:59:47Z,,,2021,2026-07-20 05:59:47
1951,AMD Instinct MI250X(Aldebaran),AMD,Radeon Instinct series,,"Nov 8, 2021",PCIe 4.0×16,2 × 64,HBM2E2 × 4096-bit,,2 × 1638.4,,,,,,,,CDNA 2TSMC N6,58 × 1091540 mm2,,,List_of_AMD_graphics_processing_units,2026-07-20T05:59:47Z,2026-07-20T05:59:47Z,,,2021,2026-07-20 05:59:47
1952,AMD Instinct MI300A(Antares),AMD,Radeon Instinct series,,"Dec 6, 2023",PCIe 5.0×16,128,HBM38192-bit,,5300,,,,,,,,CDNA 3TSMC N5 & N6,146 × 1091017 mm2,,,List_of_AMD_graphics_processing_units,2026-07-20T05:59:47Z,2026-07-20T05:59:47Z,,,2023,2026-07-20 05:59:47
1953,AMD Instinct MI300X(Aqua Vanjaram),AMD,Radeon Instinct series,,"Dec 6, 2023",PCIe 5.0×16,192,HBM38192-bit,,5300,,,,,,,,CDNA 3TSMC N5 & N6,153 × 1091017 mm2,,,List_of_AMD_graphics_processing_units,2026-07-20T05:59:47Z,2026-07-20T05:59:47Z,,,2023,2026-07-20 05:59:47
1954,AMD Instinct MI350X,AMD,Radeon Instinct series,,"Jun 12, 2025",PCIe 5.0×16 (OAM),288,HBM3e8192-bit,,8000,,,,,,,,CDNA 4TSMC N3 & N6,185 × 1091017 mm2,,,List_of_AMD_graphics_processing_units,2026-07-20T05:59:47Z,2026-07-20T05:59:47Z,,,2025,2026-07-20 05:59:47
1955,AMD Instinct MI355X,AMD,Radeon Instinct series,,"Jun 12, 2025",PCIe 5.0×16 (OAM),288,HBM3e8192-bit,,8000,,,,,,,,CDNA 4TSMC N3 & N6,185 × 1091017 mm2,,,List_of_AMD_graphics_processing_units,2026-07-20T05:59:47Z,2026-07-20T05:59:47Z,,,2025,2026-07-20 05:59:47
1985,Aerith (Steam Deck),AMD,Console GPUs,RDNA 2,February 2022,Integrated,,,128,88,~1000/~1600 (Boost),,,512:32:16:8,,,,TSMC 7 nm / 6 nm,"probably ~2,400",,,List_of_AMD_graphics_processing_units,2026-07-20T05:59:48Z,2026-07-20T05:59:48Z,,,2022,2026-07-20 05:59:48
1247,All-in-Wonder 128,AMD,All-in-Wonder series,Rage 4,"January 25, 1999",AGP PCI,16,SDR,128,1.44,90,,90,2:0:2:2,,,5,250,,,,List_of_AMD_graphics_processing_units,2026-07-20T05:59:32Z,2026-07-20T05:59:32Z,,5,1999,2026-07-20 05:59:32
1266,All-in-Wonder 2006,AMD,All-in-Wonder series,RV515,"December 22, 2005",PCIe ×16,256,DDR2,128,12.8,450,,800,4:2:4:4,,,23,90,,,,List_of_AMD_graphics_processing_units,2026-07-20T05:59:32Z,2026-07-20T05:59:32Z,,23,2005,2026-07-20 05:59:32
1250,All-in-Wonder 7500,AMD,All-in-Wonder series,RV200,"January 22, 2002",AGP 4×,64,DDR,128,5.760,260,,180,2:1:6:2,,,,150,,,,List_of_AMD_graphics_processing_units,2026-07-20T05:59:32Z,2026-07-20T05:59:32Z,,,2002,2026-07-20 05:59:32
1251,All-in-Wonder 8500,AMD,All-in-Wonder series,R200,"April 4, 2002",AGP 4×,128,DDR,128,8.8,260,,275,4:2:8:4,,,31,150,,,,List_of_AMD_graphics_processing_units,2026-07-20T05:59:32Z,2026-07-20T05:59:32Z,,31,2002,2026-07-20 05:59:32
1252,All-in-Wonder 8500 DV,AMD,All-in-Wonder series,R200,"August 30, 2001",AGP 4×,64,DDR,128,6.08,230,,190,4:2:8:4,,,31,150,,,,List_of_AMD_graphics_processing_units,2026-07-20T05:59:32Z,2026-07-20T05:59:32Z,,31,2001,2026-07-20 05:59:32
1253,All-in-Wonder 9000 Pro,AMD,All-in-Wonder series,RV250,"March 31, 2003",AGP 8x,"64, 128",DDR,128,7.2,275,,225,4:1:4:4,,,,150,,,,List_of_AMD_graphics_processing_units,2026-07-20T05:59:32Z,2026-07-20T05:59:32Z,,,2003,2026-07-20 05:59:32
1254,All-in-Wonder 9200,AMD,All-in-Wonder series,RV250,"January 26, 2004",AGP 8x,128,DDR,128,6.4,250,,200,4:1:4:4,,,,150,,,,List_of_AMD_graphics_processing_units,2026-07-20T05:59:32Z,2026-07-20T05:59:32Z,,,2004,2026-07-20 05:59:32
1255,All-in-Wonder 9200 SE,AMD,All-in-Wonder series,RV250,,AGP 8x,128,DDR,64,2.656,250,,166,4:1:4:4,,,,150,,,,List_of_AMD_graphics_processing_units,2026-07-20T05:59:32Z,2026-07-20T05:59:32Z,,,,2026-07-20 05:59:32
1256,All-in-Wonder 9600,AMD,All-in-Wonder series,RV350,"January 26, 2004",AGP 8x,128,DDR,128,6.4,325,,400,4:2:4:4,,,17,130,,,,List_of_AMD_graphics_processing_units,2026-07-20T05:59:32Z,2026-07-20T05:59:32Z,,17,2004,2026-07-20 05:59:32
1257,All-in-Wonder 9600 Pro,AMD,All-in-Wonder series,RV350,"August 5, 2003",AGP 8x,128,DDR,128,10.4,400,,650,4:2:4:4,,,19,130,,,,List_of_AMD_graphics_processing_units,2026-07-20T05:59:32Z,2026-07-20T05:59:32Z,,19,2003,2026-07-20 05:59:32
1258,All-in-Wonder 9600 XT,AMD,All-in-Wonder series,RV350,"January 26, 2004",AGP 8x,128,DDR,128,10.4,525,,650,4:2:4:4,,,20,130,,,,List_of_AMD_graphics_processing_units,2026-07-20T05:59:32Z,2026-07-20T05:59:32Z,,20,2004,2026-07-20 05:59:32
1259,All-in-Wonder 9700 Pro,AMD,All-in-Wonder series,R300,"December 30, 2002",AGP 8x,128,DDR,256,19.84,325,,620,8:4:8:8,,,50,150,,,,List_of_AMD_graphics_processing_units,2026-07-20T05:59:32Z,2026-07-20T05:59:32Z,,50,2002,2026-07-20 05:59:32
1260,All-in-Wonder 9800 Pro,AMD,All-in-Wonder series,R350,"April 7, 2003",AGP 8x,128,DDR,256,21.76,380,,680,8:4:8:8,,,52,150,,,,List_of_AMD_graphics_processing_units,2026-07-20T05:59:32Z,2026-07-20T05:59:32Z,,52,2003,2026-07-20 05:59:32
1261,All-in-Wonder 9800 SE,AMD,All-in-Wonder series,R350,"November 1, 2003",AGP 8x,128,DDR,128,10.88,380,,680,4:4:4:8,,,39,150,,,,List_of_AMD_graphics_processing_units,2026-07-20T05:59:32Z,2026-07-20T05:59:32Z,,39,2003,2026-07-20 05:59:32
1269,All-in-Wonder HD 3650,AMD,All-in-Wonder series,RV635,"June 28, 2008",PCIe ×16,512,DDR2,128,19.2,725,,1200,120:8:4,,,26,55,,,,List_of_AMD_graphics_processing_units,2026-07-20T05:59:33Z,2026-07-20T05:59:33Z,,26,2008,2026-07-20 05:59:33
1249,All-in-Wonder Radeon,AMD,All-in-Wonder series,R100,"July 31, 2000",AGP 4×,32,DDR,128,5.312,166,,166,2:1:6:2,,,13,180,,,,List_of_AMD_graphics_processing_units,2026-07-20T05:59:32Z,2026-07-20T05:59:32Z,,13,2000,2026-07-20 05:59:32
1248,All-in-Wonder VE,AMD,All-in-Wonder series,RV100,"December 2, 2002",PCI,64,DDR,64,2.9,183,,183,1:0:3:1,,,10,180,,,,List_of_AMD_graphics_processing_units,2026-07-20T05:59:32Z,2026-07-20T05:59:32Z,,10,2002,2026-07-20 05:59:32
1267,All-in-Wonder X1800 XL,AMD,All-in-Wonder series,R520,"November 21, 2005",PCIe ×16,256,GDDR3,256,32,500,,1000,16:8:16:16,,,78,90,,,,List_of_AMD_graphics_processing_units,2026-07-20T05:59:32Z,2026-07-20T05:59:32Z,,78,2005,2026-07-20 05:59:32
1268,All-in-Wonder X1900,AMD,All-in-Wonder series,R580,"January 24, 2006",PCIe ×16,256,GDDR3,256,30.72,500,,960,48:8:16:16,,,91,90,,,,List_of_AMD_graphics_processing_units,2026-07-20T05:59:32Z,2026-07-20T05:59:32Z,,91,2006,2026-07-20 05:59:32
1262,All-in-Wonder X600 Pro,AMD,All-in-Wonder series,RV370,"September 21, 2004",AGP 8x,"AGP 128, PCIe 256",DDR,128,9.6,400,,600,4:2:4:4,,,30,110,,,,List_of_AMD_graphics_processing_units,2026-07-20T05:59:32Z,2026-07-20T05:59:32Z,,30,2004,2026-07-20 05:59:32
1263,All-in-Wonder X800 GT,AMD,All-in-Wonder series,R430,"August 8, 2005",PCIe ×16,128,GDDR3,256,31.36,490,,980,8:6:8:16,,,35,110,,,,List_of_AMD_graphics_processing_units,2026-07-20T05:59:32Z,2026-07-20T05:59:32Z,,35,2005,2026-07-20 05:59:32
1264,All-in-Wonder X800 XL,AMD,All-in-Wonder series,R430,"July 5, 2005",PCIe ×16AGP 8×,256,GDDR3,256,31.36,400,,980,16:6:16:16,,,57,110,,,,List_of_AMD_graphics_processing_units,2026-07-20T05:59:32Z,2026-07-20T05:59:32Z,,57,2005,2026-07-20 05:59:32
1265,All-in-Wonder X800 XT,AMD,All-in-Wonder series,R420,"September 9, 2004",AGP 8×,256,GDDR3,256,32,500,,1000,16:6:16:16,,,81,130,,,,List_of_AMD_graphics_processing_units,2026-07-20T05:59:32Z,2026-07-20T05:59:32Z,,81,2004,2026-07-20 05:59:32
1983,Anaconda (Xbox Series X),AMD,Console GPUs,RDNA 2,"November 10, 2020",Integrated,,,320,560,1825,,,3328:208:64:52,,,,TSMC 7 nm / 6 nm,"15,300",,,List_of_AMD_graphics_processing_units,2026-07-20T05:59:48Z,2026-07-20T05:59:48Z,,,2020,2026-07-20 05:59:48
1989,Code Name (Console Model),AMD,Console GPUs,GPU Code Name and/or Architecture,Launch,Bus interface,,,Memory,Memory,Core clock (MHz),,,"Core config1,2,3",,,,Fab(nm),Transistors(million),,,List_of_AMD_graphics_processing_units,2026-07-20T05:59:48Z,2026-07-20T05:59:48Z,,,,2026-07-20 05:59:48
1978,Durango (Xbox One),AMD,Console GPUs,GCN 2,"November 22, 2013",Integrated,,,,"68.3218, 219 (One S)","853,(One S) 914",,,768:48:16,,,,TSMC 28 nm(One S) 16 nm,"4,800 GPU + eSRAM GPU probably ~2,000",,,List_of_AMD_graphics_processing_units,2026-07-20T05:59:47Z,2026-07-20T05:59:47Z,,,2013,2026-07-20 05:59:47
1722,FireGL 8700,AMD,FireGL series,,2001,AGP,64,DDR,64 × 2,8.64,250,,270,2:4:8:41,,,,150,,,,List_of_AMD_graphics_processing_units,2026-07-20T05:59:42Z,2026-07-20T05:59:42Z,,,2001,2026-07-20 05:59:42
1723,FireGL 8800,AMD,FireGL series,,2001,AGP,128,DDR,64 × 2,9.28,300,,290,2:4:8:41,,,,150,,,,List_of_AMD_graphics_processing_units,2026-07-20T05:59:42Z,2026-07-20T05:59:42Z,,,2001,2026-07-20 05:59:42
1725,FireGL T2-128,AMD,FireGL series,,2003,AGP,128,DDR,128,10.2,400,,320,2:4:4:41,,,,130,,,,List_of_AMD_graphics_processing_units,2026-07-20T05:59:42Z,2026-07-20T05:59:42Z,,,2003,2026-07-20 05:59:42
1724,FireGL T2-64,AMD,FireGL series,,2003,AGP,64,DDR,128,6.4,325,,200,2:4:4:41,,,,130,,,,List_of_AMD_graphics_processing_units,2026-07-20T05:59:42Z,2026-07-20T05:59:42Z,,,2003,2026-07-20 05:59:42
1732,FireGL V3100,AMD,FireGL series,,2005,PCIe x16,128,DDR,128,6.4,400,,200,2:4:4:41,,,,110,,,,List_of_AMD_graphics_processing_units,2026-07-20T05:59:43Z,2026-07-20T05:59:43Z,,,2005,2026-07-20 05:59:43
1733,FireGL V3200,AMD,FireGL series,,2005,PCIe x16,128,DDR2,128,12.8,500,,400,2:4:4:41,,,,130,,,,List_of_AMD_graphics_processing_units,2026-07-20T05:59:43Z,2026-07-20T05:59:43Z,,,2005,2026-07-20 05:59:43
1734,FireGL V3300,AMD,FireGL series,,2006,PCIe x16,128,GDDR2,64,6.4,600,,400,2:4:4:41,,,,90,,,,List_of_AMD_graphics_processing_units,2026-07-20T05:59:43Z,2026-07-20T05:59:43Z,,,2006,2026-07-20 05:59:43
1735,FireGL V3350,AMD,FireGL series,,2006,PCIe x16,256,GDDR2,64,6.4,600,,400,2:4:4:41,,,,90,,,,List_of_AMD_graphics_processing_units,2026-07-20T05:59:43Z,2026-07-20T05:59:43Z,,,2006,2026-07-20 05:59:43
1736,FireGL V3400,AMD,FireGL series,,2006,PCIe x16,128,GDDR3,128,16.0,500,,500,5:12:4:41,,,,90,,,,List_of_AMD_graphics_processing_units,2026-07-20T05:59:43Z,2026-07-20T05:59:43Z,,,2006,2026-07-20 05:59:43
1737,FireGL V3600,AMD,FireGL series,,2007,PCIe x16,256,GDDR3,128,16.0,600,,500,1202(24×5):8:4:3,,,,65,,,,List_of_AMD_graphics_processing_units,2026-07-20T05:59:43Z,2026-07-20T05:59:43Z,,,2007,2026-07-20 05:59:43
1738,FireGL V5000,AMD,FireGL series,,2005,PCIe x16,128,GDDR3,128,13.6,425,,430,6:8:8:81,,,,130,,,,List_of_AMD_graphics_processing_units,2026-07-20T05:59:43Z,2026-07-20T05:59:43Z,,,2005,2026-07-20 05:59:43
1739,FireGL V5100,AMD,FireGL series,,2005,PCIe x16,128,DDR,256,22.4,450,,350,6:12:12:121,,,,130,,,,List_of_AMD_graphics_processing_units,2026-07-20T05:59:43Z,2026-07-20T05:59:43Z,,,2005,2026-07-20 05:59:43
1740,FireGL V5200,AMD,FireGL series,,2005,PCIe x16,256,GDDR3,128,22.4,600,,700,5:12:4:41,,,,90,,,,List_of_AMD_graphics_processing_units,2026-07-20T05:59:43Z,2026-07-20T05:59:43Z,,,2005,2026-07-20 05:59:43
1741,FireGL V5600,AMD,FireGL series,,2007,PCIe,512,GDDR4,128,35.2,800,,1100,1202(24×5):8:4:3,,,,65,,,,List_of_AMD_graphics_processing_units,2026-07-20T05:59:43Z,2026-07-20T05:59:43Z,,,2007,2026-07-20 05:59:43
1742,FireGL V7100,AMD,FireGL series,,2005,PCIe,256,GDDR3,256,28.8,500,,450,6:16:16:161,,,,130,,,,List_of_AMD_graphics_processing_units,2026-07-20T05:59:43Z,2026-07-20T05:59:43Z,,,2005,2026-07-20 05:59:43
1743,FireGL V7200,AMD,FireGL series,,2006,PCIe ×16,256,GDDR3,256,41.6,600,,650,6:16:16:161,,,,90,,,,List_of_AMD_graphics_processing_units,2026-07-20T05:59:43Z,2026-07-20T05:59:43Z,,,2006,2026-07-20 05:59:43
1744,FireGL V7300,AMD,FireGL series,,2006,PCIe,512,GDDR3,256,41.6,600,,650,6:16:16:161,,,,90,,,,List_of_AMD_graphics_processing_units,2026-07-20T05:59:43Z,2026-07-20T05:59:43Z,,,2006,2026-07-20 05:59:43
1745,FireGL V7350,AMD,FireGL series,,2006,PCIe,1024,GDDR3,256,41.6,600,,650,6:16:16:161,,,,90,,,,List_of_AMD_graphics_processing_units,2026-07-20T05:59:43Z,2026-07-20T05:59:43Z,,,2006,2026-07-20 05:59:43
1746,FireGL V7400,AMD,FireGL series,,2006 (canceled),PCIe,512?,GDDR3,256,41.6?,550?,,650?,8:36:16:161,,,,80,,,,List_of_AMD_graphics_processing_units,2026-07-20T05:59:43Z,2026-07-20T05:59:43Z,,,2006,2026-07-20 05:59:43
1747,FireGL V7600,AMD,FireGL series,,2007,PCIe,512,GDDR3,256,51.2,600,,800,2402(48×5):12:12:3,,,,80,,,,List_of_AMD_graphics_processing_units,2026-07-20T05:59:43Z,2026-07-20T05:59:43Z,,,2007,2026-07-20 05:59:43
1748,FireGL V7700,AMD,FireGL series,,2007 (2008),PCIe 2.0,512,GDDR4,256,72,775,,1125,3202(64×5):16:16:4,,,,55,,,,List_of_AMD_graphics_processing_units,2026-07-20T05:59:43Z,2026-07-20T05:59:43Z,,,2007,2026-07-20 05:59:43
1749,FireGL V8600,AMD,FireGL series,,2007,PCIe,1024,GDDR4,512,111.1,688,,868,3202(64×5):16:16:4,,,,80,,,,List_of_AMD_graphics_processing_units,2026-07-20T05:59:43Z,2026-07-20T05:59:43Z,,,2007,2026-07-20 05:59:43
1750,FireGL V8650,AMD,FireGL series,,2007,PCIe,2048,GDDR4,512,111.1,688,,868,3202(64×5):16:16:4,,,,80,,,,List_of_AMD_graphics_processing_units,2026-07-20T05:59:43Z,2026-07-20T05:59:43Z,,,2007,2026-07-20 05:59:43
1727,FireGL X1-128,AMD,FireGL series,,2002,AGP,128,DDR,256,19.8,325,,310,4:8:8:81,,,,150,,,,List_of_AMD_graphics_processing_units,2026-07-20T05:59:42Z,2026-07-20T05:59:42Z,,,2002,2026-07-20 05:59:42
1728,FireGL X1-256,AMD,FireGL series,,2002,AGP Pro,256,DDR,256,19.8,325,,310,4:8:8:81,,,,150,,,,List_of_AMD_graphics_processing_units,2026-07-20T05:59:42Z,2026-07-20T05:59:42Z,,,2002,2026-07-20 05:59:42
1729,FireGL X2-256,AMD,FireGL series,,2003,AGP,256,DDR2,256,22.4,380,,350,4:8:8:81,,,,150,,,,List_of_AMD_graphics_processing_units,2026-07-20T05:59:42Z,2026-07-20T05:59:42Z,,,2003,2026-07-20 05:59:42
1730,FireGL X2-256T,AMD,FireGL series,,2003,AGP,256,DDR2,256,22.0,412,,344,4:8:8:81,,,,150,,,,List_of_AMD_graphics_processing_units,2026-07-20T05:59:42Z,2026-07-20T05:59:42Z,,,2003,2026-07-20 05:59:42
1731,FireGL X3-256,AMD,FireGL series,,2004,AGP,256,GDDR3,256,28.8,450,,450,6:12:12:121,,,,130,,,,List_of_AMD_graphics_processing_units,2026-07-20T05:59:42Z,2026-07-20T05:59:42Z,,,2004,2026-07-20 05:59:42
1726,FireGL Z1-128,AMD,FireGL series,,2002,AGP,128,DDR,256,19.8,325,,310,4:4:4:41,,,,150,,,,List_of_AMD_graphics_processing_units,2026-07-20T05:59:42Z,2026-07-20T05:59:42Z,,,2002,2026-07-20 05:59:42
1751,FireMV 2200 PCI,AMD,FireMV (Multi-View) series,,January 2006,PCI,64,DDR,64,3.2,240,,200,1:4:4:4,,,15,,,,,List_of_AMD_graphics_processing_units,2026-07-20T05:59:43Z,2026-07-20T05:59:43Z,,15,2006,2026-07-20 05:59:43
1752,FireMV 2200 PCIe,AMD,FireMV (Multi-View) series,,January 2006,PCIe ×16,128,DDR,64,3.2,324,,196,2:4:4:4,,,15,,,,,List_of_AMD_graphics_processing_units,2026-07-20T05:59:43Z,2026-07-20T05:59:43Z,,15,2006,2026-07-20 05:59:43
1753,FireMV 2260,AMD,FireMV (Multi-View) series,,January 2008,"PCIe 2.0 ×1/×16, PCI",256,DDR2,256,32,600,,500,40(8×5):4:4,,,15/8,,,,,List_of_AMD_graphics_processing_units,2026-07-20T05:59:43Z,2026-07-20T05:59:43Z,,15,2008,2026-07-20 05:59:43
1754,FireMV 2400 PCI,AMD,FireMV (Multi-View) series,,January 2008,PCI,128,DDR,128,16,500,,500,2:4:4:4,,,20,,,,,List_of_AMD_graphics_processing_units,2026-07-20T05:59:43Z,2026-07-20T05:59:43Z,,20,2008,2026-07-20 05:59:43
1755,FireMV 2400 PCIe,AMD,FireMV (Multi-View) series,,January 2008,PCIe ×1,256,DDR3,128,16,500,,500,2:4:4:4,,,20,,,,,List_of_AMD_graphics_processing_units,2026-07-20T05:59:43Z,2026-07-20T05:59:43Z,,20,2008,2026-07-20 05:59:43
1756,FirePro 2250,AMD,FirePro (Multi-View) series,,2007-01-01,PCIe x1/x16,256,DDR2,256,32,600,,500,2:4:4:4,,,20/11,80,107,100,,List_of_AMD_graphics_processing_units,2026-07-20T05:59:43Z,2026-07-20T05:59:43Z,,20,2007,2026-07-20 05:59:43
1757,FirePro 2270,AMD,FirePro (Multi-View) series,,2011-01-31,PCIe 2.1 x1/x16,5121024,GDDR3,64,9.6,600,,600,80(16×5):8:4:1,,,15/817/8,40,292,59,,List_of_AMD_graphics_processing_units,2026-07-20T05:59:43Z,2026-07-20T05:59:43Z,,15,2011,2026-07-20 05:59:43
1758,FirePro 2450 Multi-View,AMD,FirePro (Multi-View) series,,2009-01-01,PCIe 2.0 ×1/×16,512,GDDR3,256,38.4,600,,600,2× 40(8×5):4:4:1,,,36/18,55,2× 181,2× 61,,List_of_AMD_graphics_processing_units,2026-07-20T05:59:43Z,2026-07-20T05:59:43Z,,36,2009,2026-07-20 05:59:43
1759,FirePro 2460 Multi-View,AMD,FirePro (Multi-View) series,,2010-04-01,PCIe 2.1 ×16,512,GDDR5,64,32,500,,500,80(16×5):8:4:1,,,17/13,40,292,59,,List_of_AMD_graphics_processing_units,2026-07-20T05:59:43Z,2026-07-20T05:59:43Z,,17,2010,2026-07-20 05:59:43
1760,FirePro 3D V3700,AMD,FirePro 3D series (V000),RV620 PRO,"August 8, 2008",PCIe 2.0 ×16,256,GDDR3,64,15.2,800,,950,40(8×5):4:4:2,,,32,55,181,67,,List_of_AMD_graphics_processing_units,2026-07-20T05:59:43Z,2026-07-20T05:59:43Z,,32,2008,2026-07-20 05:59:43
1761,FirePro 3D V3750,AMD,FirePro 3D series (V000),RV730 PRO,"September 11, 2008",PCIe 2.0 ×16,256,GDDR3,128,24,550,,750,320(64×5):32:8:4,,,48,55,514,146,,List_of_AMD_graphics_processing_units,2026-07-20T05:59:43Z,2026-07-20T05:59:43Z,,48,2008,2026-07-20 05:59:43
1762,FirePro 3D V3800,AMD,FirePro 3D series (V000),Redwood Pro GL (RV830),"April 26, 2010",PCIe 2.1 ×16,512,GDDR3,64,14.4,650,,900,400(80×5):20:8:5,,,43,40,627,104,,List_of_AMD_graphics_processing_units,2026-07-20T05:59:43Z,2026-07-20T05:59:43Z,,43,2010,2026-07-20 05:59:43
1763,FirePro 3D V4800,AMD,FirePro 3D series (V000),Redwood XT GL (RV830),"April 26, 2010",PCIe 2.1 ×16,1024,GDDR52,128,57.6,775,,9002,400(80×5):20:8:5,,,69,40,672,104,,List_of_AMD_graphics_processing_units,2026-07-20T05:59:43Z,2026-07-20T05:59:43Z,,69,2010,2026-07-20 05:59:43
1764,FirePro 3D V5700,AMD,FirePro 3D series (V000),RV730 XT,"August 8, 2008",PCIe 2.0 ×16,512,GDDR3,128,28.8,700,,900,320(64×5):32:8:4,,,58,55,514,146,,List_of_AMD_graphics_processing_units,2026-07-20T05:59:43Z,2026-07-20T05:59:43Z,,58,2008,2026-07-20 05:59:43
1765,FirePro 3D V5800,AMD,FirePro 3D series (V000),Juniper XT GL (RV840),"April 26, 2010",PCIe 2.1 ×16,1024,GDDR52,128,64,700,,10002,800(160×5):40:16:10,,,74,40,1040,166,,List_of_AMD_graphics_processing_units,2026-07-20T05:59:43Z,2026-07-20T05:59:43Z,,74,2010,2026-07-20 05:59:43
1766,FirePro 3D V7750,AMD,FirePro 3D series (V000),RV730 XTX,"March 27, 2009",PCIe 2.0 ×16,1024,GDDR3,128,28.8,800,,900,320(64×5):32:8:4,,,76,55,514,146,,List_of_AMD_graphics_processing_units,2026-07-20T05:59:43Z,2026-07-20T05:59:43Z,,76,2009,2026-07-20 05:59:43
1767,FirePro 3D V7800,AMD,FirePro 3D series (V000),Cypress Pro GL (RV870),"April 26, 2010",PCIe 2.1 ×16,2048,GDDR52,256,128,700,,10002,1440(288×5):72:32:18,,,138,40,2154,334,,List_of_AMD_graphics_processing_units,2026-07-20T05:59:43Z,2026-07-20T05:59:43Z,,138,2010,2026-07-20 05:59:43
1768,FirePro 3D V8700,AMD,FirePro 3D series (V000),RV770 XT,"September 11, 2008",PCIe 2.1 ×16,1024,GDDR52,256,108.8,750,,8502,800(160×5):40:16:10,,,151,55,956,256,,List_of_AMD_graphics_processing_units,2026-07-20T05:59:43Z,2026-07-20T05:59:43Z,,151,2008,2026-07-20 05:59:43
1769,FirePro 3D V8750,AMD,FirePro 3D series (V000),RV770 XT,"July 28, 2009",PCIe 2.1 ×16,2048,GDDR52,256,115.2,750,,9002,800(160×5):40:16:10,,,154,55,956,256,,List_of_AMD_graphics_processing_units,2026-07-20T05:59:43Z,2026-07-20T05:59:43Z,,154,2009,2026-07-20 05:59:43
1770,FirePro 3D V8800,AMD,FirePro 3D series (V000),Cypress XT GL (RV870),"April 7, 2010",PCIe 2.1 ×16,2048,GDDR52,256,147.2,825,,11502,1600(320×5):80:32:20,,,208,40,2154,334,,List_of_AMD_graphics_processing_units,2026-07-20T05:59:43Z,2026-07-20T05:59:43Z,,208,2010,2026-07-20 05:59:43
1771,FirePro 3D V9800,AMD,FirePro 3D series (V000),Cypress XT GL (RV870),"September 9, 2010",PCIe 2.1 ×16,4096,GDDR52,256,147.2,850,,11502,1600(320×5):80:32:20,,,225,40,2154,334,,List_of_AMD_graphics_processing_units,2026-07-20T05:59:43Z,2026-07-20T05:59:43Z,,225,2010,2026-07-20 05:59:43
1781,FirePro D300,AMD,FirePro D-Series,Pitcairn XT GL,"January 18, 2014",PCIe 3.0 ×16,,GDDR5,256,162.6,850,,1270,1280:80:32:20,,,150,28,,,,List_of_AMD_graphics_processing_units,2026-07-20T05:59:43Z,2026-07-20T05:59:43Z,,150,2014,2026-07-20 05:59:43
1782,FirePro D500,AMD,FirePro D-Series,Tahiti LE GL,"January 18, 2014",PCIe 3.0 ×16,,GDDR5,384,243.8,725,,1270,1536:96:32:24,,,274,28,,,,List_of_AMD_graphics_processing_units,2026-07-20T05:59:43Z,2026-07-20T05:59:43Z,,274,2014,2026-07-20 05:59:43
1783,FirePro D700,AMD,FirePro D-Series,Tahiti XT GL,"January 18, 2014",PCIe 3.0 ×16,,GDDR5,384,263,850,,1370,2048:128:32:32,,,274,28,,,,List_of_AMD_graphics_processing_units,2026-07-20T05:59:44Z,2026-07-20T05:59:44Z,,274,2014,2026-07-20 05:59:44
1860,FirePro M2000 (Turks GL),AMD,FirePro Mobile series,,2012-07-01,PCIe 2.1 x16,1024,GDDR564-bit,,,,,,,,,,Terascale 2(40 nm),,,,List_of_AMD_graphics_processing_units,2026-07-20T05:59:45Z,2026-07-20T05:59:45Z,,,2012,2026-07-20 05:59:45
1855,FirePro M3900 (Seymour XT),AMD,FirePro Mobile series,,2011-04-13,PCIe 2.1 x16,1024,DDR364-bit,,,,,,,,,,Terascale 2(40 nm),,,,List_of_AMD_graphics_processing_units,2026-07-20T05:59:45Z,2026-07-20T05:59:45Z,,,2011,2026-07-20 05:59:45
1861,FirePro M4000 (Chelsea XT GL),AMD,FirePro Mobile series,,2012-06-27,PCIe 2.1 x16,2048,GDDR5128-bit,,,,,,,,,,GCN 1st gen(28 nm),,,,List_of_AMD_graphics_processing_units,2026-07-20T05:59:45Z,2026-07-20T05:59:45Z,,,2012,2026-07-20 05:59:45
1863,FirePro M4100 (Mars),AMD,FirePro Mobile series,,2013-10-16,PCIe 3.0 x16,2048,GDDR5128-bit,,,,,,,,,,GCN 1st gen(28 nm),,,,List_of_AMD_graphics_processing_units,2026-07-20T05:59:45Z,2026-07-20T05:59:45Z,,,2013,2026-07-20 05:59:45
1866,FirePro M5100 (Venus XT),AMD,FirePro Mobile series,,2013-10-16,PCIe 3.0 x16,2048,GDDR5128-bit,,,,,,,,,,GCN 1st gen(28 nm),,,,List_of_AMD_graphics_processing_units,2026-07-20T05:59:45Z,2026-07-20T05:59:45Z,,,2013,2026-07-20 05:59:45
1853,FirePro M5725 (M96 GL),AMD,FirePro Mobile series,,2009-01-01,PCIe 2.0 x16,256,GDDR3128-bit,,,,,,,,,,Terascale 2(55 nm),,,,List_of_AMD_graphics_processing_units,2026-07-20T05:59:45Z,2026-07-20T05:59:45Z,,,2009,2026-07-20 05:59:45
1854,FirePro M5800 (Madison XT GL),AMD,FirePro Mobile series,,2010-03-01,PCIe 2.0 x16,1024,GDDR5128-bit,,,,,,,,,,Terascale 2(40 nm),,,,List_of_AMD_graphics_processing_units,2026-07-20T05:59:45Z,2026-07-20T05:59:45Z,,,2010,2026-07-20 05:59:45
1856,FirePro M5950 (Whistler XT),AMD,FirePro Mobile series,,2011-01-04,PCIe 2.1 x16,1024,GDDR5128-bit,,,,,,,,,,Terascale 2(40 nm),,,,List_of_AMD_graphics_processing_units,2026-07-20T05:59:45Z,2026-07-20T05:59:45Z,,,2011,2026-07-20 05:59:45
1862,FirePro M6000 (Heathrow XT GL),AMD,FirePro Mobile series,,2012-06-27,PCIe 3.0 x16,2048,GDDR5128-bit,,,,,,,,,,GCN 1st gen(28 nm),,,,List_of_AMD_graphics_processing_units,2026-07-20T05:59:45Z,2026-07-20T05:59:45Z,,,2012,2026-07-20 05:59:45
1869,FirePro M6100 (Saturn XT GL),AMD,FirePro Mobile series,,2013-10-16,PCIe 3.0 x16,2048,GDDR5128-bit,,,,,,,,,,GCN 2nd gen(28 nm),,,,List_of_AMD_graphics_processing_units,2026-07-20T05:59:45Z,2026-07-20T05:59:45Z,,,2013,2026-07-20 05:59:45
1857,FirePro M7740 (M97XT GL),AMD,FirePro Mobile series,,2009-08-04,PCIe 2.0 x16,1024,GDDR5128-bit,,,,,,,,,,Terascale 1(40 nm),,,,List_of_AMD_graphics_processing_units,2026-07-20T05:59:45Z,2026-07-20T05:59:45Z,,,2009,2026-07-20 05:59:45
1858,FirePro M7820 (Juniper XT),AMD,FirePro Mobile series,,2010-05-01,PCIe 2.0 x16,1024,GDDR5128-bit,,,,,,,,,,Terascale 2(40 nm),,,,List_of_AMD_graphics_processing_units,2026-07-20T05:59:45Z,2026-07-20T05:59:45Z,,,2010,2026-07-20 05:59:45
1859,FirePro M8900 (Blackcomb XT GL),AMD,FirePro Mobile series,,2011-04-12,PCIe 2.1 x16,2048,GDDR5256-bit,,,,,,,,,,Terascale 2(40 nm),,,,List_of_AMD_graphics_processing_units,2026-07-20T05:59:45Z,2026-07-20T05:59:45Z,,,2011,2026-07-20 05:59:45
1914,FirePro R5000,AMD,FirePro Remote series,Pitcairn LE GL (GCN 1st gen),"February 25, 2013",PCIe 3.0 ×16,2048,GDDR5,256,102.4,825,,800,768:48:32:12,,,<150,28,,,,List_of_AMD_graphics_processing_units,2026-07-20T05:59:46Z,2026-07-20T05:59:46Z,,150,2013,2026-07-20 05:59:46
1913,FirePro RG220,AMD,FirePro Remote series,RV711,May 2010,PCIe 2.0 ×16,512,"GDDR3 for GPU,RDRAM for PCoIP",64,12.8,500,,800,80(16×5):8:4:1,,,35,55,,,,List_of_AMD_graphics_processing_units,2026-07-20T05:59:46Z,2026-07-20T05:59:46Z,,35,2010,2026-07-20 05:59:46
1926,FirePro S10000,AMD,FirePro Server series (S000x/Sxx 000),2× Zaphod (Tahiti Pro GL),"November 12, 2012",PCIe 3.0 x16,,GDDR5,384,2× 240,825,,1250,2× 1792:112:32:28,,,<375,28,,,,List_of_AMD_graphics_processing_units,2026-07-20T05:59:46Z,2026-07-20T05:59:46Z,,375,2012,2026-07-20 05:59:46
1927,FirePro S10000 passive,AMD,FirePro Server series (S000x/Sxx 000),2× Tahiti PRO GL,"November 12, 2012",PCIe 3.0 x16,,GDDR5,384,2× 240,825,,1250,2× 1792:112:32:28,,,<375,28,,,,List_of_AMD_graphics_processing_units,2026-07-20T05:59:46Z,2026-07-20T05:59:46Z,,375,2012,2026-07-20 05:59:46
1915,FirePro S4000x,AMD,FirePro Server series (S000x/Sxx 000),Venus XT,"August 7, 2014",PCIe 3.0 x16,,GDDR5,256,72,950,,1200,640:40:16:10,,,<45,28,,,,List_of_AMD_graphics_processing_units,2026-07-20T05:59:46Z,2026-07-20T05:59:46Z,,45,2014,2026-07-20 05:59:46
1916,FirePro S7000,AMD,FirePro Server series (S000x/Sxx 000),Pitcairn XT,"August 27, 2012",PCIe 3.0 x16,,GDDR5,256,153.6,950,,1200,1280:80:32:20,,,<150,28,,,,List_of_AMD_graphics_processing_units,2026-07-20T05:59:46Z,2026-07-20T05:59:46Z,,150,2012,2026-07-20 05:59:46
1917,FirePro S7100X,AMD,FirePro Server series (S000x/Sxx 000),Amethyst XT,"May 25, 2016",PCIe 3.0 x16,,GDDR5,256,160,723,,1050,2048:128:32:32,,,100,28,,,,List_of_AMD_graphics_processing_units,2026-07-20T05:59:46Z,2026-07-20T05:59:46Z,,100,2016,2026-07-20 05:59:46
1918,FirePro S7150,AMD,FirePro Server series (S000x/Sxx 000),Tonga PRO GL,"February 1, 2016",PCIe 3.0 x16,,GDDR5,256,160,1050,,1250,1792:112:32:28,,,150,28,,,,List_of_AMD_graphics_processing_units,2026-07-20T05:59:46Z,2026-07-20T05:59:46Z,,150,2016,2026-07-20 05:59:46
1919,FirePro S7150 X2,AMD,FirePro Server series (S000x/Sxx 000),2× Tonga PRO GL,"February 1, 2016",PCIe 3.0 x16,,GDDR5,256,2× 160,1050,,1250,2× 1792:112:32:28,,,265,28,,,,List_of_AMD_graphics_processing_units,2026-07-20T05:59:46Z,2026-07-20T05:59:46Z,,265,2016,2026-07-20 05:59:46
1920,FirePro S9000,AMD,FirePro Server series (S000x/Sxx 000),Tahiti PRO GL,"August 27, 2012",PCIe 3.0 x16,,GDDR5,384,264,900,,1375,1792:112:32:28,,,<225,28,,,,List_of_AMD_graphics_processing_units,2026-07-20T05:59:46Z,2026-07-20T05:59:46Z,,225,2012,2026-07-20 05:59:46
1921,FirePro S9050,AMD,FirePro Server series (S000x/Sxx 000),Tahiti PRO GL,"August 6, 2014",PCIe 3.0 x16,,GDDR5,384,264,900,,1375,1792:112:32:28,,,<225,28,,,,List_of_AMD_graphics_processing_units,2026-07-20T05:59:46Z,2026-07-20T05:59:46Z,,225,2014,2026-07-20 05:59:46
1922,FirePro S9100,AMD,FirePro Server series (S000x/Sxx 000),Hawaii Pro GL,"October 2, 2014",PCIe 3.0 x16,,GDDR5,512,320,824,,1250,2560:160:64:40,,,<225,28,,,,List_of_AMD_graphics_processing_units,2026-07-20T05:59:46Z,2026-07-20T05:59:46Z,,225,2014,2026-07-20 05:59:46
1923,FirePro S9150,AMD,FirePro Server series (S000x/Sxx 000),Hawaii XT GL,"August 6, 2014",PCIe 3.0 x16,,GDDR5,512,320,900,,1250,2816:176:64:44,,,<235,28,,,,List_of_AMD_graphics_processing_units,2026-07-20T05:59:46Z,2026-07-20T05:59:46Z,,235,2014,2026-07-20 05:59:46
1924,FirePro S9170,AMD,FirePro Server series (S000x/Sxx 000),Grenada XT GL,"July 8, 2015",PCIe 3.0 x16,,GDDR5,512,320,930,,1375,2816:176:64:44,,,<275,28,,,,List_of_AMD_graphics_processing_units,2026-07-20T05:59:46Z,2026-07-20T05:59:46Z,,275,2015,2026-07-20 05:59:46
1925,FirePro S9300 x2,AMD,FirePro Server series (S000x/Sxx 000),2× Capsaicin XT,"March 31, 2016",PCIe 3.0 x16,,HBM,2× 4096,2× 512,850,,2× 500,2× 4096:256:64:64,,,300,28,,,,List_of_AMD_graphics_processing_units,2026-07-20T05:59:46Z,2026-07-20T05:59:46Z,,300,2016,2026-07-20 05:59:46
1772,FirePro V3900,AMD,FirePro series (Vx900),Turks GL,"February 7, 2012",PCIe 2.1 ×16,,GDDR3,128,28.8,650,,900,480(96×5):24:8:6,,,50,40,,,,List_of_AMD_graphics_processing_units,2026-07-20T05:59:43Z,2026-07-20T05:59:43Z,,50,2012,2026-07-20 05:59:43
1773,FirePro V4900,AMD,FirePro series (Vx900),Turks XT GL,"November 1, 2011",PCIe 2.1 ×16,,GDDR52,128,64,800,,1000,480(96×5):24:8:6,,,<75 max,40,,,,List_of_AMD_graphics_processing_units,2026-07-20T05:59:43Z,2026-07-20T05:59:43Z,,75,2011,2026-07-20 05:59:43
1774,FirePro V5900,AMD,FirePro series (Vx900),Cayman LE GL,"May 24, 2011",PCIe 2.1 ×16,,GDDR52,256,64,600,,5002,512(128×4):32:32:8,,,<75 max,40,,,,List_of_AMD_graphics_processing_units,2026-07-20T05:59:43Z,2026-07-20T05:59:43Z,,75,2011,2026-07-20 05:59:43
1775,FirePro V7900,AMD,FirePro series (Vx900),Cayman Pro GL,"May 24, 2011",PCIe 2.1 ×16,,GDDR52,256,160,725,,12502,1280(320×4):80:32:20,,,<150 max,40,,,,List_of_AMD_graphics_processing_units,2026-07-20T05:59:43Z,2026-07-20T05:59:43Z,,150,2011,2026-07-20 05:59:43
1784,FirePro W2100,AMD,FirePro Workstation series (Wx100),Oland XT,"August 13, 2014",PCIe 3.0 x8,,DDR3,128,28.8,630,,900,320:20:8:5,,,<26,28,,,,List_of_AMD_graphics_processing_units,2026-07-20T05:59:44Z,2026-07-20T05:59:44Z,,26,2014,2026-07-20 05:59:44
1785,FirePro W4100,AMD,FirePro Workstation series (Wx100),Cape Verde,"August 13, 2014",PCIe 3.0 ×16,,GDDR5,128,72,630,,1125,512:32:16:8,,,<50,28,,,,List_of_AMD_graphics_processing_units,2026-07-20T05:59:44Z,2026-07-20T05:59:44Z,,50,2014,2026-07-20 05:59:44
1864,FirePro W4170M (Mars XTX),AMD,FirePro Mobile series,,2014-04-28,PCIe 3.0 x16,2048,GDDR5128-bit,,,,,,,,,,GCN 1st gen(28 nm),,,,List_of_AMD_graphics_processing_units,2026-07-20T05:59:45Z,2026-07-20T05:59:45Z,,,2014,2026-07-20 05:59:45
1865,FirePro W4190M (Opal),AMD,FirePro Mobile series,,2015-11-12,PCIe 3.0 x16,2048,GDDR5128-bit,,,,,,,,,,GCN 1st gen(28 nm),,,,List_of_AMD_graphics_processing_units,2026-07-20T05:59:45Z,2026-07-20T05:59:45Z,,,2015,2026-07-20 05:59:45
1790,FirePro W4300,AMD,FirePro Workstation series (Wx300),Bonaire PRO (GCN 2nd Gen),"December 1, 2015",PCIe 3.0 x16,,GDDR5,128,96,930,,1500,768:48:16:12,,,<50,28,,,,List_of_AMD_graphics_processing_units,2026-07-20T05:59:44Z,2026-07-20T05:59:44Z,,50,2015,2026-07-20 05:59:44
1777,FirePro W5000,AMD,FirePro Workstation series (Wx000),Pitcairn LE GL,"June 13, 2012",PCIe 3.0 x16,,GDDR5,256,102.4,825,,800,768:48:32:12,,,<75,28,,,,List_of_AMD_graphics_processing_units,2026-07-20T05:59:43Z,2026-07-20T05:59:43Z,,75,2012,2026-07-20 05:59:43
1786,FirePro W5100,AMD,FirePro Workstation series (Wx100),Bonaire Pro,"August 13, 2014",PCIe 3.0 ×16,,GDDR5,128,96,930,,1500,768:48:16:12,,,<75,28,,,,List_of_AMD_graphics_processing_units,2026-07-20T05:59:44Z,2026-07-20T05:59:44Z,,75,2014,2026-07-20 05:59:44
1867,FirePro W5130M (Tropo LE),AMD,FirePro Mobile series,,2015-10-02,PCIe 3.0 x16,up to 2048,GDDR5128-bit,,,,,,,,,,GCN 1st gen(28 nm),,,,List_of_AMD_graphics_processing_units,2026-07-20T05:59:45Z,2026-07-20T05:59:45Z,,,2015,2026-07-20 05:59:45
1868,FirePro W5170M (Tropo XT),AMD,FirePro Mobile series,,2014-08-25,PCIe 3.0 x16,up to 2048,GDDR5128-bit,,,,,,,,,,GCN 1st gen(28 nm),,,,List_of_AMD_graphics_processing_units,2026-07-20T05:59:45Z,2026-07-20T05:59:45Z,,,2014,2026-07-20 05:59:45
1776,FirePro W600,AMD,FirePro Workstation series (Wx000),Cape Verde Pro GL,"June 13, 2012",PCIe 3.0 x16,,GDDR5,128,64,750,,1000,512:32:16:8,,,75,28,,,,List_of_AMD_graphics_processing_units,2026-07-20T05:59:43Z,2026-07-20T05:59:43Z,,75,2012,2026-07-20 05:59:43
1870,FirePro W6150M (Saturn XT GL),AMD,FirePro Mobile series,,2015-11-12,PCIe 3.0 x16,4096,GDDR5128-bit,,,,,,,,,,GCN 2nd gen(28 nm),,,,List_of_AMD_graphics_processing_units,2026-07-20T05:59:45Z,2026-07-20T05:59:45Z,,,2015,2026-07-20 05:59:45
1871,FirePro W6170M (Saturn XT GL),AMD,FirePro Mobile series,,2014-08-25,PCIe 3.0 x16,4096,GDDR5128-bit,,,,,,,,,,GCN 2nd gen(28 nm),,,,List_of_AMD_graphics_processing_units,2026-07-20T05:59:45Z,2026-07-20T05:59:45Z,,,2014,2026-07-20 05:59:45
1778,FirePro W7000,AMD,FirePro Workstation series (Wx000),Pitcairn XT GL,"June 13, 2012",PCIe 3.0 x16,,GDDR5,256,153.6,950,,1200,1280:80:32:20,,,<150,28,,,,List_of_AMD_graphics_processing_units,2026-07-20T05:59:43Z,2026-07-20T05:59:43Z,,150,2012,2026-07-20 05:59:43
1787,FirePro W7100,AMD,FirePro Workstation series (Wx100),Tonga Pro GL,"August 13, 2014",PCIe 3.0 ×16,,GDDR5,256,160,920,,1400,1792:112:32:28,,,<150,28,,,,List_of_AMD_graphics_processing_units,2026-07-20T05:59:44Z,2026-07-20T05:59:44Z,,150,2014,2026-07-20 05:59:44
1872,FirePro W7170M (Amethyst XT),AMD,FirePro Mobile series,,2015-10-02,PCIe 3.0 x16,4096,GDDR5256-bit,,,,,,,,,,GCN 3rd gen(28 nm),,,,List_of_AMD_graphics_processing_units,2026-07-20T05:59:45Z,2026-07-20T05:59:45Z,,,2015,2026-07-20 05:59:45
1779,FirePro W8000,AMD,FirePro Workstation series (Wx000),Tahiti PRO GL,"June 14, 2012",PCIe 3.0 x16,,GDDR5,256,176,900,,1375,1792:112:32:28,,,<225,28,,,,List_of_AMD_graphics_processing_units,2026-07-20T05:59:43Z,2026-07-20T05:59:43Z,,225,2012,2026-07-20 05:59:43
1788,FirePro W8100,AMD,FirePro Workstation series (Wx100),Hawaii Pro GL,"June 26, 2014",PCIe 3.0 ×16,,GDDR5,512,320,824,,1250,2560:160:64:40,,,220,28,,,,List_of_AMD_graphics_processing_units,2026-07-20T05:59:44Z,2026-07-20T05:59:44Z,,220,2014,2026-07-20 05:59:44
1780,FirePro W9000,AMD,FirePro Workstation series (Wx000),Tahiti XT GL,"June 14, 2012",PCIe 3.0 x16,,GDDR5,384,264,975,,1375,2048:128:32:32,,,274,28,,,,List_of_AMD_graphics_processing_units,2026-07-20T05:59:43Z,2026-07-20T05:59:43Z,,274,2012,2026-07-20 05:59:43
1789,FirePro W9100,AMD,FirePro Workstation series (Wx100),Hawaii XT,"March 26, 2014",PCIe 3.0 ×16,,GDDR5,512,320,930,,1250,2816:176:64:44,,,275,28,,,,List_of_AMD_graphics_processing_units,2026-07-20T05:59:44Z,2026-07-20T05:59:44Z,,275,2014,2026-07-20 05:59:44
1908,FireStream 9170(RV670),AMD,FireStream series,,"November 8, 2007",PCIe 2.0 x16,2048,,256,51.2,800,,800,,,,105,TeraScale 155 nm,,,,List_of_AMD_graphics_processing_units,2026-07-20T05:59:46Z,2026-07-20T05:59:46Z,,105,2007,2026-07-20 05:59:46
1909,FireStream 9250(RV770),AMD,FireStream series,,"June 16, 2008",PCIe 2.0 x16,1024,,256,63.6,625,,993,,,,150,TeraScale 155 nm,,,,List_of_AMD_graphics_processing_units,2026-07-20T05:59:46Z,2026-07-20T05:59:46Z,,150,2008,2026-07-20 05:59:46
1910,FireStream 9270(RV770),AMD,FireStream series,,"November 13, 2008",PCIe 2.0 x16,2048,,256,108.8,750,,850,,,,160,TeraScale 155 nm,,,,List_of_AMD_graphics_processing_units,2026-07-20T05:59:46Z,2026-07-20T05:59:46Z,,160,2008,2026-07-20 05:59:46
1911,FireStream 9350(Cypress XT),AMD,FireStream series,,"June 23, 2010",PCIe 2.1 x16,2048,,256,128,700,,1000,,,,150,TeraScale 240 nm,,,,List_of_AMD_graphics_processing_units,2026-07-20T05:59:46Z,2026-07-20T05:59:46Z,,150,2010,2026-07-20 05:59:46
1912,FireStream 9370(Cypress XT),AMD,FireStream series,,"June 23, 2010",PCIe 2.1 x16,4096,,256,147.2,825,,1150,,,,225,TeraScale 240 nm,,,,List_of_AMD_graphics_processing_units,2026-07-20T05:59:46Z,2026-07-20T05:59:46Z,,225,2010,2026-07-20 05:59:46
1979,Liverpool (PlayStation 4),AMD,Console GPUs,GCN 2,"November 15, 2013",Integrated,,,256,176,800,,,1152:72:32,,,,TSMC 28 nm16 nm,"probably ~2,800",,,List_of_AMD_graphics_processing_units,2026-07-20T05:59:47Z,2026-07-20T05:59:47Z,,,2013,2026-07-20 05:59:47
1982,Lockhart (Xbox Series S),AMD,Console GPUs,RDNA 2,"November 10, 2020",Integrated,,,128,224,1565,,,1280:80:32:20,,,,TSMC 7 nm / 6 nm,"5,900",,,List_of_AMD_graphics_processing_units,2026-07-20T05:59:48Z,2026-07-20T05:59:48Z,,,2020,2026-07-20 05:59:48
1079,Mach 32,AMD,Mach series,,1992,"ISA, EISA, VLB, PCI, MCA",,"DRAM, VRAM",64,,,,,,,,,800,,,,List_of_AMD_graphics_processing_units,2026-07-20T05:59:28Z,2026-07-20T05:59:28Z,,,1992,2026-07-20 05:59:28
1082,Mach 64 CT,AMD,Mach series,,1995,PCI,,"DRAM, VRAM, EDO",64,,,,,,,,,600,,,,List_of_AMD_graphics_processing_units,2026-07-20T05:59:28Z,2026-07-20T05:59:28Z,,,1995,2026-07-20 05:59:28
1080,Mach 64 CX,AMD,Mach series,,1994,"ISA, VLB, PCI",,"DRAM, VRAM",64,,,,,,,,,700,,,,List_of_AMD_graphics_processing_units,2026-07-20T05:59:28Z,2026-07-20T05:59:28Z,,,1994,2026-07-20 05:59:28
1081,Mach 64 GX,AMD,Mach series,,1994,"ISA, VLB, PCI",,"DRAM, VRAM",64,,,,,,,,,700,,,,List_of_AMD_graphics_processing_units,2026-07-20T05:59:28Z,2026-07-20T05:59:28Z,,,1994,2026-07-20 05:59:28
1083,Mach 64 VT (264VT),AMD,Mach series,,1995,PCI,,"DRAM, VRAM, EDO",64,,,,,,,,,600,,,,List_of_AMD_graphics_processing_units,2026-07-20T05:59:28Z,2026-07-20T05:59:28Z,,,1995,2026-07-20 05:59:28
1084,Mach 64 VT2 (264VT2),AMD,Mach series,,1996,PCI,,EDO,64,,,,,,,,,600,,,,List_of_AMD_graphics_processing_units,2026-07-20T05:59:28Z,2026-07-20T05:59:28Z,,,1996,2026-07-20 05:59:28
1085,Mach 64 VT4 (264VT4),AMD,Mach series,,1998,PCI,,"EDO, SGRAM",64,,,,,,,,,600,,,,List_of_AMD_graphics_processing_units,2026-07-20T05:59:28Z,2026-07-20T05:59:28Z,,,1998,2026-07-20 05:59:28
1078,Mach 8,AMD,Mach series,,1991,"ISA, MCA",,"DRAM, VRAM",32,,,,,,,,,800,,,,List_of_AMD_graphics_processing_units,2026-07-20T05:59:28Z,2026-07-20T05:59:28Z,,,1991,2026-07-20 05:59:28
1841,Mobility FireGL 7800 (M7-GL),AMD,Mobility FireGL series,,2001-09-29,AGP 4x,64,DDR128-bit,,,,,,,,,,R100(150 nm),,,,List_of_AMD_graphics_processing_units,2026-07-20T05:59:45Z,2026-07-20T05:59:45Z,,,2001,2026-07-20 05:59:45
1842,Mobility FireGL 9000 (M9-GL),AMD,Mobility FireGL series,,2002-01-01,AGP 4x,64,DDR128-bit,,,,,,,,,,R200(150 nm),,,,List_of_AMD_graphics_processing_units,2026-07-20T05:59:45Z,2026-07-20T05:59:45Z,,,2002,2026-07-20 05:59:45
1843,Mobility FireGL T2 (M10-GL),AMD,Mobility FireGL series,,2003-11-01,AGP 4x,128,DDR128-bit,,,,,,,,,,R300(130 nm),,,,List_of_AMD_graphics_processing_units,2026-07-20T05:59:45Z,2026-07-20T05:59:45Z,,,2003,2026-07-20 05:59:45
1844,Mobility FireGL T2e (M11-GL),AMD,Mobility FireGL series,,2004-08-01,AGP 4x,128,DDR128-bit,,,,,,,,,,R300(130 nm),,,,List_of_AMD_graphics_processing_units,2026-07-20T05:59:45Z,2026-07-20T05:59:45Z,,,2004,2026-07-20 05:59:45
1845,Mobility FireGL V3100 (M22-GL),AMD,Mobility FireGL series,,2004-06-01,PCIe 1.0 x16,128,DDR128-bit,,,,,,,,,,R300(110 nm),,,,List_of_AMD_graphics_processing_units,2026-07-20T05:59:45Z,2026-07-20T05:59:45Z,,,2004,2026-07-20 05:59:45
1846,Mobility FireGL V3200 (M24-GL),AMD,Mobility FireGL series,,2004-06-01,PCIe 1.0 x16,128,DDR2128-bit,,,,,,,,,,R300(130 nm),,,,List_of_AMD_graphics_processing_units,2026-07-20T05:59:45Z,2026-07-20T05:59:45Z,,,2004,2026-07-20 05:59:45
1847,Mobility FireGL V5000 (M26-GL),AMD,Mobility FireGL series,,2005-02-03,PCIe 1.0 x16,128,GDDR3128-bit,,,,,,,,,,R420(110 nm),,,,List_of_AMD_graphics_processing_units,2026-07-20T05:59:45Z,2026-07-20T05:59:45Z,,,2005,2026-07-20 05:59:45
1848,Mobility FireGL V5200 (M56-GL),AMD,Mobility FireGL series,,2006-02-01,PCIe 1.0 x16,256,GDDR3128-bit,,,,,,,,,,R520(90 nm),,,,List_of_AMD_graphics_processing_units,2026-07-20T05:59:45Z,2026-07-20T05:59:45Z,,,2006,2026-07-20 05:59:45
1849,Mobility FireGL V5250 (M66-GL),AMD,Mobility FireGL series,,2007-01-01,PCIe 1.0 x16,256,GDDR3128-bit,,,,,,,,,,R520(90 nm),,,,List_of_AMD_graphics_processing_units,2026-07-20T05:59:45Z,2026-07-20T05:59:45Z,,,2007,2026-07-20 05:59:45
1850,Mobility FireGL V5600 (M76-GL),AMD,Mobility FireGL series,,2007-05-14,PCIe 2.0 x16,256,GDDR3128-bit,,,,,,,,,,TeraScale 1(65 nm),,,,List_of_AMD_graphics_processing_units,2026-07-20T05:59:45Z,2026-07-20T05:59:45Z,,,2007,2026-07-20 05:59:45
1851,Mobility FireGL V5700 (M86-GL),AMD,Mobility FireGL series,,2008-01-07,PCIe 2.0 x16,512,GDDR3128-bit,,,,,,,,,,Terascale 2(55 nm),,,,List_of_AMD_graphics_processing_units,2026-07-20T05:59:45Z,2026-07-20T05:59:45Z,,,2008,2026-07-20 05:59:45
1852,Mobility FireGL V5725 (M86-GL),AMD,Mobility FireGL series,,2009-01-01,PCIe 2.0 x16,256,GDDR3128-bit,,,,,,,,,,Terascale 2(55 nm),,,,List_of_AMD_graphics_processing_units,2026-07-20T05:59:45Z,2026-07-20T05:59:45Z,,,2009,2026-07-20 05:59:45
1491,Mobility Radeon 7000,AMD,Mobility Radeon series,RV100,Feb 2001,AGP 4×,81632,SDRDDR,3264,1.4642.928,144167,,144183,0:1:3:1,,,,180,,,,List_of_AMD_graphics_processing_units,2026-07-20T05:59:37Z,2026-07-20T05:59:37Z,,,2001,2026-07-20 05:59:37
1492,Mobility Radeon 7500,AMD,Mobility Radeon series,RV200,Dec 2001,AGP 4×,3264,DDR,64128,3.26.4,280,,200,1:2:6:2,,,,150,,,,List_of_AMD_graphics_processing_units,2026-07-20T05:59:37Z,2026-07-20T05:59:37Z,,,2001,2026-07-20 05:59:37
1493,Mobility Radeon 9000,AMD,Mobility Radeon series,RV250,Aug 2002,AGP 4×,3264,DDR,64128,3.26.4,250,,200,1:4:4:4,,,,150,,,,List_of_AMD_graphics_processing_units,2026-07-20T05:59:37Z,2026-07-20T05:59:37Z,,,2002,2026-07-20 05:59:37
1494,Mobility Radeon 9200,AMD,Mobility Radeon series,RV280,Mar 2003,AGP 8×,3264,DDR,64128,3.2/3.526.4/7.04,250/250,,200/220,1:4:4:4,,,,150,,,,List_of_AMD_graphics_processing_units,2026-07-20T05:59:37Z,2026-07-20T05:59:37Z,,,2003,2026-07-20 05:59:37
1495,Mobility Radeon 9500,AMD,Mobility Radeon series,RV360,2004?,AGP 8×,64,DDR,64128,Unknown,Unknown,,Unknown,2:4:4:4,,,,130,,,,List_of_AMD_graphics_processing_units,2026-07-20T05:59:37Z,2026-07-20T05:59:37Z,,,2004,2026-07-20 05:59:37
1496,Mobility Radeon 9550,AMD,Mobility Radeon series,RV360,2005,AGP 8×,64,DDR,64128,2.9285.856,210,,183,2:4:4:4,,,,130,,,,List_of_AMD_graphics_processing_units,2026-07-20T05:59:37Z,2026-07-20T05:59:37Z,,,2005,2026-07-20 05:59:37
1497,Mobility Radeon 9600,AMD,Mobility Radeon series,RV350,Mar 2003,AGP 8×,64128,DDR,64128,4.89.6,300,,300,2:4:4:4,,,,130,,,,List_of_AMD_graphics_processing_units,2026-07-20T05:59:37Z,2026-07-20T05:59:37Z,,,2003,2026-07-20 05:59:37
1498,Mobility Radeon 9600 Pro,AMD,Mobility Radeon series,RV350,2004,AGP 8×,128,DDR,128,11.2,350,,350,2:4:4:4,,,,130,,,,List_of_AMD_graphics_processing_units,2026-07-20T05:59:37Z,2026-07-20T05:59:37Z,,,2004,2026-07-20 05:59:37
1499,Mobility Radeon 9700,AMD,Mobility Radeon series,RV360,Feb 2004,AGP 8×,128,DDR,128,8.8,450,,275,2:4:4:4,,,,130,,,,List_of_AMD_graphics_processing_units,2026-07-20T05:59:37Z,2026-07-20T05:59:37Z,,,2004,2026-07-20 05:59:37
1500,Mobility Radeon 9800,AMD,Mobility Radeon series,R420,Sep 2004,AGP 8×,256,DDR,256,19.2,350,,300,4:8:8:8,,,,130,,,,List_of_AMD_graphics_processing_units,2026-07-20T05:59:37Z,2026-07-20T05:59:37Z,,,2004,2026-07-20 05:59:37
1517,Mobility Radeon HD 2300,AMD,Mobility Radeon HD 2000 series,RV515,"March 1, 2007",PCIe ×16,128256512,DDRDDR2GDDR3,64128,6.412.8,480,,400,2:4:4:41,,,,90,,,,List_of_AMD_graphics_processing_units,2026-07-20T05:59:38Z,2026-07-20T05:59:38Z,,,2007,2026-07-20 05:59:38
1518,Mobility Radeon HD 2400,AMD,Mobility Radeon HD 2000 series,RV610,"May 14, 2007",PCIe ×16,256+ Hyper Memory,DDR2,64,6.4,450,,400,40:4:42,,,,65,,,,List_of_AMD_graphics_processing_units,2026-07-20T05:59:38Z,2026-07-20T05:59:38Z,,,2007,2026-07-20 05:59:38
1519,Mobility Radeon HD 2400 XT,AMD,Mobility Radeon HD 2000 series,RV610,"May 14, 2007",PCIe ×16,256+ Hyper Memory,DDR2GDDR3,64,6.411.2,600600,,400700,40:4:42,,,,65,,,,List_of_AMD_graphics_processing_units,2026-07-20T05:59:38Z,2026-07-20T05:59:38Z,,,2007,2026-07-20 05:59:38
1520,Mobility Radeon HD 2600,AMD,Mobility Radeon HD 2000 series,RV630,"May 14, 2007",PCIe ×16,256+ Hyper Memory,DDR2GDDR3,128,12.819.2,500500,,400600,120:8:42,,,,65,,,,List_of_AMD_graphics_processing_units,2026-07-20T05:59:38Z,2026-07-20T05:59:38Z,,,2007,2026-07-20 05:59:38
1521,Mobility Radeon HD 2600 XT,AMD,Mobility Radeon HD 2000 series,RV630,"May 14, 2007",PCIe ×16,256+ Hyper Memory,GDDR3,128,24,680,,750,120:8:42,,,,65,,,,List_of_AMD_graphics_processing_units,2026-07-20T05:59:38Z,2026-07-20T05:59:38Z,,,2007,2026-07-20 05:59:38
1522,Mobility Radeon HD 2700,AMD,Mobility Radeon HD 2000 series,RV630,"December 12, 2007",PCIe ×16,256+ Hyper Memory (total 768),GDDR3,128,22.4,650,,700,120:8:42,,,,65,,,,List_of_AMD_graphics_processing_units,2026-07-20T05:59:38Z,2026-07-20T05:59:38Z,,,2007,2026-07-20 05:59:38
1523,Mobility Radeon HD 3100,AMD,Mobility Radeon HD 3000 series,RV620,"August 1, 2008",PCIe ×16 1.1,up to 512 from system memory,DDR2,64/128,6.4/12.8,300,,800(system memory),40:4:4,,,,55,,,,List_of_AMD_graphics_processing_units,2026-07-20T05:59:38Z,2026-07-20T05:59:38Z,,,2008,2026-07-20 05:59:38
1524,Mobility Radeon HD 3200,AMD,Mobility Radeon HD 3000 series,RV620,"June 4, 2008",PCIe ×16 1.1,up to 512 from system memory,DDR2,64/128,6.4/12.8,500,,800(system memory),40:4:4,,,,55,,,,List_of_AMD_graphics_processing_units,2026-07-20T05:59:38Z,2026-07-20T05:59:38Z,,,2008,2026-07-20 05:59:38
1525,Mobility Radeon HD 3410,AMD,Mobility Radeon HD 3000 series,RV620,"July 25, 2008",PCIe ×16 1.1,"256, 512",DDR2,64,6.4,400,,400,40:4:4,,,,55,,,,List_of_AMD_graphics_processing_units,2026-07-20T05:59:38Z,2026-07-20T05:59:38Z,,,2008,2026-07-20 05:59:38
1526,Mobility Radeon HD 3430,AMD,Mobility Radeon HD 3000 series,RV620,"July 25, 2008",PCIe ×16 2.0,256,DDR2,64,6.4,450,,400,40:4:4,,,,55,,,,List_of_AMD_graphics_processing_units,2026-07-20T05:59:38Z,2026-07-20T05:59:38Z,,,2008,2026-07-20 05:59:38
1527,Mobility Radeon HD 3450,AMD,Mobility Radeon HD 3000 series,RV620,"January 7, 2008",PCIe ×16 2.0,256,DDR2GDDR3,64,6.411.2,500,,400700,40:4:4,,,,55,,,,List_of_AMD_graphics_processing_units,2026-07-20T05:59:38Z,2026-07-20T05:59:38Z,,,2008,2026-07-20 05:59:38
1528,Mobility Radeon HD 3470,AMD,Mobility Radeon HD 3000 series,RV620,"January 7, 2008",PCIe ×16 2.0,256,DDR2GDDR3,64,6.412.8,680,,400800,40:4:4,,,,55,,,,List_of_AMD_graphics_processing_units,2026-07-20T05:59:38Z,2026-07-20T05:59:38Z,,,2008,2026-07-20 05:59:38
1529,Mobility Radeon HD 3650,AMD,Mobility Radeon HD 3000 series,RV635,"January 7, 2008",PCIe ×16 2.0,5121024,DDR2GDDR3GDDR4,128,16.022.4,500,,500700,120:8:4,,,,55,,,,List_of_AMD_graphics_processing_units,2026-07-20T05:59:38Z,2026-07-20T05:59:38Z,,,2008,2026-07-20 05:59:38
1530,Mobility Radeon HD 3670,AMD,Mobility Radeon HD 3000 series,RV635,"January 7, 2008",PCIe ×16 2.0,5121024,DDR2GDDR3GDDR4,128,25.6,680,,800,120:8:4,,,30,55,,,,List_of_AMD_graphics_processing_units,2026-07-20T05:59:38Z,2026-07-20T05:59:38Z,,30,2008,2026-07-20 05:59:38
1531,Mobility Radeon HD 3850,AMD,Mobility Radeon HD 3000 series,RV670,"June 4, 2008",PCIe ×16 2.0,512,GDDR3,256,48.0,580,,750,320:16:16,,,,55,,,,List_of_AMD_graphics_processing_units,2026-07-20T05:59:38Z,2026-07-20T05:59:38Z,,,2008,2026-07-20 05:59:38
1533,Mobility Radeon HD 3850 X2,AMD,Mobility Radeon HD 3000 series,R680,"June 5, 2008",PCIe ×16 2.0,2× 512,GDDR3,2× 256,2× 48.0,580,,750,2x,,,,55,,,,List_of_AMD_graphics_processing_units,2026-07-20T05:59:38Z,2026-07-20T05:59:38Z,,,2008,2026-07-20 05:59:38
1532,Mobility Radeon HD 3870,AMD,Mobility Radeon HD 3000 series,RV670,"June 4, 2008",PCIe ×16 2.0,512,GDDR3,256,54.4,660,,850,320:16:16,,,55,55,,,,List_of_AMD_graphics_processing_units,2026-07-20T05:59:38Z,2026-07-20T05:59:38Z,,55,2008,2026-07-20 05:59:38
1534,Mobility Radeon HD 3870 X2,AMD,Mobility Radeon HD 3000 series,R680,"September 1, 2008",PCIe ×16 2.0,2× 512,GDDR3,2× 256,2× 54.4,660,,850,2x,,,110,55,,,,List_of_AMD_graphics_processing_units,2026-07-20T05:59:38Z,2026-07-20T05:59:38Z,,110,2008,2026-07-20 05:59:38
1535,Mobility Radeon HD 4200,AMD,Mobility Radeon HD 4000 series,RV620,"September 10, 2009",Internal PCIe x16 1.1,up to 512 from system memory,DDR2 DDR3,64/128,6.4/12.8,500,,800(system memory),40:4:4,,,,55,,,,List_of_AMD_graphics_processing_units,2026-07-20T05:59:38Z,2026-07-20T05:59:38Z,,,2009,2026-07-20 05:59:38
1536,Mobility Radeon HD 4225,AMD,Mobility Radeon HD 4000 series,RV620,"May 1, 2010",Internal PCIe x16 1.1,up to 512 from system memory,DDR2 DDR3,64/128,6.4/12.8,380,,800(system memory),40:4:4,,,,55,,,,List_of_AMD_graphics_processing_units,2026-07-20T05:59:38Z,2026-07-20T05:59:38Z,,,2010,2026-07-20 05:59:38
1537,Mobility Radeon HD 4250,AMD,Mobility Radeon HD 4000 series,RV620,"May 1, 2010",Internal PCIe x16 1.1,up to 512 from system memory,DDR2 DDR3,64/128,6.4/12.8,500,,800(system memory),40:4:4,,,,55,,,,List_of_AMD_graphics_processing_units,2026-07-20T05:59:38Z,2026-07-20T05:59:38Z,,,2010,2026-07-20 05:59:38
1538,Mobility Radeon HD 4270,AMD,Mobility Radeon HD 4000 series,RV620,"May 1, 2010",Internal PCIe x16 1.1,up to 512 from system memory,DDR2 DDR3,64/128,6.4/12.8,590,,800(system memory),40:4:4,,,,55,,,,List_of_AMD_graphics_processing_units,2026-07-20T05:59:38Z,2026-07-20T05:59:38Z,,,2010,2026-07-20 05:59:38
1539,Mobility Radeon HD 4330,AMD,Mobility Radeon HD 4000 series,RV710,"January 9, 2009",PCIe ×16 2.0,512,DDR2DDR3GDDR3,64,9.6,450,,600,80:8:4,,,,55,,,,List_of_AMD_graphics_processing_units,2026-07-20T05:59:38Z,2026-07-20T05:59:38Z,,,2009,2026-07-20 05:59:38
1540,Mobility Radeon HD 4530,AMD,Mobility Radeon HD 4000 series,RV710,"January 9, 2009",PCIe ×16 2.0,512,DDR2DDR3GDDR3,64,11.2,500,,700,80:8:4,,,,55,,,,List_of_AMD_graphics_processing_units,2026-07-20T05:59:38Z,2026-07-20T05:59:38Z,,,2009,2026-07-20 05:59:38
1541,Mobility Radeon HD 4550,AMD,Mobility Radeon HD 4000 series,RV710,"January 1, 2010",PCIe ×16 2.0,512,DDR2DDR3GDDR3,64,11.2,550,,700,80:8:4,,,,55,,,,List_of_AMD_graphics_processing_units,2026-07-20T05:59:38Z,2026-07-20T05:59:38Z,,,2010,2026-07-20 05:59:38
1542,Mobility Radeon HD 4570,AMD,Mobility Radeon HD 4000 series,RV710,"January 9, 2009",PCIe ×16 2.0,512,DDR2DDR3GDDR3,64,12.8,680,,800,80:8:4,,,,55,,,,List_of_AMD_graphics_processing_units,2026-07-20T05:59:38Z,2026-07-20T05:59:38Z,,,2009,2026-07-20 05:59:38
1543,Mobility Radeon HD 4650,AMD,Mobility Radeon HD 4000 series,RV730,"January 9, 2009",PCIe ×16 2.0,5121024,DDR2DDR3GDDR3,128,19.225.6,500550,,600800,320:32:8,,,,55,,,,List_of_AMD_graphics_processing_units,2026-07-20T05:59:38Z,2026-07-20T05:59:38Z,,,2009,2026-07-20 05:59:38
1544,Mobility Radeon HD 4670,AMD,Mobility Radeon HD 4000 series,RV730,"January 9, 2009",PCIe ×16 2.0,5121024,DDR2DDR3GDDR3,128,12.825.6,675,,800,320:32:8,,,,55,,,,List_of_AMD_graphics_processing_units,2026-07-20T05:59:38Z,2026-07-20T05:59:38Z,,,2009,2026-07-20 05:59:38
1545,Mobility Radeon HD 4830,AMD,Mobility Radeon HD 4000 series,RV740,"March 3, 2009",PCIe ×16 2.0,5121024,GDDR3DDR3,128,25.6/28.825.6/28.8,400/600400/600,,800/900800/900,640:32:16,,,,40,,,,List_of_AMD_graphics_processing_units,2026-07-20T05:59:38Z,2026-07-20T05:59:38Z,,,2009,2026-07-20 05:59:38
1546,Mobility Radeon HD 4850,AMD,Mobility Radeon HD 4000 series,RV770,"January 9, 2009",PCIe ×16 2.0,1024,GDDR3GDDR52,256,54.489.6,500,,850700,800:40:16,,,,55,,,,List_of_AMD_graphics_processing_units,2026-07-20T05:59:38Z,2026-07-20T05:59:38Z,,,2009,2026-07-20 05:59:38
1547,Mobility Radeon HD 4860,AMD,Mobility Radeon HD 4000 series,RV740,"March 3, 2009",PCIe ×16 2.0,1024,GDDR52,128,64.0,650,,1000,640:32:16,,,,40,,,,List_of_AMD_graphics_processing_units,2026-07-20T05:59:38Z,2026-07-20T05:59:38Z,,,2009,2026-07-20 05:59:38
1548,Mobility Radeon HD 4870,AMD,Mobility Radeon HD 4000 series,RV770,"January 9, 2009",PCIe ×16 2.0,5121024,GDDR3GDDR52,256,56.83289.6,550,,888700,800:40:16,,,,55,,,,List_of_AMD_graphics_processing_units,2026-07-20T05:59:38Z,2026-07-20T05:59:38Z,,,2009,2026-07-20 05:59:38
1549,Mobility Radeon HD 4870 X2,AMD,Mobility Radeon HD 4000 series,RV770,"January 9, 2009",PCIe ×16 2.0,2048,GDDR52,2× 256,2× 89.6,550,,700,2×,,,,55,,,,List_of_AMD_graphics_processing_units,2026-07-20T05:59:38Z,2026-07-20T05:59:38Z,,,2009,2026-07-20 05:59:38
1555,Mobility Radeon HD 5145,AMD,Mobility Radeon HD 5000 series,RV710,"January 7, 2010",PCIe ×16 2.0,1024,DDR3GDDR3,64,14.4,720,,900,80:8:4,,,15,55,,,,List_of_AMD_graphics_processing_units,2026-07-20T05:59:38Z,2026-07-20T05:59:38Z,,15,2010,2026-07-20 05:59:38
1556,Mobility Radeon HD 5165,AMD,Mobility Radeon HD 5000 series,RV730,"January 7, 2010",PCIe ×16 2.0,1024,DDR3GDDR3,128,28.8,600,,900,320:32:8,,,35,55,,,,List_of_AMD_graphics_processing_units,2026-07-20T05:59:38Z,2026-07-20T05:59:38Z,,35,2010,2026-07-20 05:59:38
1550,Mobility Radeon HD 530v,AMD,Mobility Radeon HD 5000 series,RV710,"May 5, 2010",PCIe ×16 2.0,1024,DDR2DDR3GDDR3,64,9.6,500,,600,80:8:4,,,10,55,,,,List_of_AMD_graphics_processing_units,2026-07-20T05:59:38Z,2026-07-20T05:59:38Z,,10,2010,2026-07-20 05:59:38
1557,Mobility Radeon HD 5430,AMD,Mobility Radeon HD 5000 series,Cedar (RV 810),"January 7, 2010",PCIe ×16 2.1,1024,DDR3GDDR3,64,12.8,500550,,800,80:8:4,,,7,40,,,,List_of_AMD_graphics_processing_units,2026-07-20T05:59:38Z,2026-07-20T05:59:38Z,,7,2010,2026-07-20 05:59:38
1558,Mobility Radeon HD 5450,AMD,Mobility Radeon HD 5000 series,Cedar (RV 810),"January 7, 2010",PCIe ×16 2.1,1024,DDR3GDDR3,64,12.8,675,,800,80:8:4,,,11,40,,,,List_of_AMD_graphics_processing_units,2026-07-20T05:59:38Z,2026-07-20T05:59:38Z,,11,2010,2026-07-20 05:59:38
1551,Mobility Radeon HD 545v,AMD,Mobility Radeon HD 5000 series,RV710,"May 5, 2010",PCIe ×16 2.0,512 1024,DDR2DDR3GDDR3,64,6.4 12.8,720,,400 800,80:8:4,,,15,55,,,,List_of_AMD_graphics_processing_units,2026-07-20T05:59:38Z,2026-07-20T05:59:38Z,,15,2010,2026-07-20 05:59:38
1559,Mobility Radeon HD 5470,AMD,Mobility Radeon HD 5000 series,Cedar (RV 810),"January 7, 2010",PCIe ×16 2.1,1024512,DDR3GDDR3GDDR5,64,12.825.6,750,,800,80:8:4,,,1315,40,,,,List_of_AMD_graphics_processing_units,2026-07-20T05:59:39Z,2026-07-20T05:59:39Z,,1315,2010,2026-07-20 05:59:39
1552,Mobility Radeon HD 550v,AMD,Mobility Radeon HD 5000 series,RV730,"May 5, 2010",PCIe ×16 2.0,1024,DDR2DDR3GDDR3,128,19.2,450,,600,320:32:8,,,10,55,,,,List_of_AMD_graphics_processing_units,2026-07-20T05:59:38Z,2026-07-20T05:59:38Z,,10,2010,2026-07-20 05:59:38
1553,Mobility Radeon HD 560v,AMD,Mobility Radeon HD 5000 series,RV730,"May 5, 2010",PCIe ×16 2.0,1024,DDR2DDR3GDDR3,128,25.6,550,,800,320:32:8,,,15,55,,,,List_of_AMD_graphics_processing_units,2026-07-20T05:59:38Z,2026-07-20T05:59:38Z,,15,2010,2026-07-20 05:59:38
1560,Mobility Radeon HD 5650,AMD,Mobility Radeon HD 5000 series,Redwood (RV 830),"January 7, 2010",PCIe ×16 2.1,1024,DDR3GDDR3,128,25.6,450650,,800,400:20:8,,,1519,40,,,,List_of_AMD_graphics_processing_units,2026-07-20T05:59:39Z,2026-07-20T05:59:39Z,,1519,2010,2026-07-20 05:59:39
1554,Mobility Radeon HD 565v,AMD,Mobility Radeon HD 5000 series,RV730,"May 5, 2010",PCIe ×16 2.0,1024,DDR2DDR3GDDR3,128,25.6,675,,800,320:32:8,,,20,55,,,,List_of_AMD_graphics_processing_units,2026-07-20T05:59:38Z,2026-07-20T05:59:38Z,,20,2010,2026-07-20 05:59:38
1561,Mobility Radeon HD 5730,AMD,Mobility Radeon HD 5000 series,Redwood (RV 830),"January 7, 2010",PCIe ×16 2.1,1024,DDR3GDDR3,128,25.6,650,,800,400:20:8,,,26,40,,,,List_of_AMD_graphics_processing_units,2026-07-20T05:59:39Z,2026-07-20T05:59:39Z,,26,2010,2026-07-20 05:59:39
1562,Mobility Radeon HD 5750,AMD,Mobility Radeon HD 5000 series,Redwood (RV 830),"January 7, 2010",PCIe ×16 2.1,1024,GDDR5,128,51.2,550,,800,400:20:8,,,25,40,,,,List_of_AMD_graphics_processing_units,2026-07-20T05:59:39Z,2026-07-20T05:59:39Z,,25,2010,2026-07-20 05:59:39
1563,Mobility Radeon HD 5770,AMD,Mobility Radeon HD 5000 series,Redwood (RV 830),"January 7, 2010",PCIe ×16 2.0/2.1,1024,GDDR5,128,51.2,650,,800,400:20:8,,,30,40,,,,List_of_AMD_graphics_processing_units,2026-07-20T05:59:39Z,2026-07-20T05:59:39Z,,30,2010,2026-07-20 05:59:39
1564,Mobility Radeon HD 5830,AMD,Mobility Radeon HD 5000 series,Juniper (RV 840),"January 7, 2010",PCIe ×16 2.1,1024,DDR3GDDR3,128,25.6,500,,800,800:40:16,,,24,40,,,,List_of_AMD_graphics_processing_units,2026-07-20T05:59:39Z,2026-07-20T05:59:39Z,,24,2010,2026-07-20 05:59:39
1565,Mobility Radeon HD 5850,AMD,Mobility Radeon HD 5000 series,Juniper (RV 840),"January 7, 2010",PCIe ×16 2.1,20481024,DDR3GDDR3,128,28.86464,625500625,,9001000,800:40:16,,,313039,40,,,,List_of_AMD_graphics_processing_units,2026-07-20T05:59:39Z,2026-07-20T05:59:39Z,,313039,2010,2026-07-20 05:59:39
1566,Mobility Radeon HD 5870,AMD,Mobility Radeon HD 5000 series,Juniper (RV 840),"January 7, 2010",PCIe ×16 2.1,1024,GDDR5,128,64,700,,1000,800:40:16,,,50,40,,,,List_of_AMD_graphics_processing_units,2026-07-20T05:59:39Z,2026-07-20T05:59:39Z,,50,2010,2026-07-20 05:59:39
1506,Mobility Radeon X1300,AMD,Mobility Radeon X1000 series,RV515,"January 19, 2006",PCIe ×16,128 + shared,DDR DDR2,128,8,350,,250,2:4:4:4,,,,90,,,,List_of_AMD_graphics_processing_units,2026-07-20T05:59:37Z,2026-07-20T05:59:37Z,,,2006,2026-07-20 05:59:37
1507,Mobility Radeon X1350,AMD,Mobility Radeon X1000 series,RV515,"September 18, 2006",PCIe ×16,128 + shared,DDR2 GDDR3,128,11.2,470,,350,2:4:4:4,,,,90,,,,List_of_AMD_graphics_processing_units,2026-07-20T05:59:37Z,2026-07-20T05:59:37Z,,,2006,2026-07-20 05:59:37
1508,Mobility Radeon X1400,AMD,Mobility Radeon X1000 series,RV515,"January 19, 2006",PCIe ×16,128 + shared,DDR DDR2,128,8,445,,250,2:4:4:4,,,,90,,,,List_of_AMD_graphics_processing_units,2026-07-20T05:59:37Z,2026-07-20T05:59:37Z,,,2006,2026-07-20 05:59:37
1509,Mobility Radeon X1450,AMD,Mobility Radeon X1000 series,RV515,"September 18, 2006",PCIe ×16,128 + shared,DDR2 GDDR3,128,14.4,550,,450,2:4:4:4,,,,90,,,,List_of_AMD_graphics_processing_units,2026-07-20T05:59:37Z,2026-07-20T05:59:37Z,,,2006,2026-07-20 05:59:37
1510,Mobility Radeon X1600,AMD,Mobility Radeon X1000 series,RV530,"February 1, 2006",PCIe ×16,256,DDR2GDDR3,128,12.015.04,425450,,375470,5:12:4:4,,,,90,,,,List_of_AMD_graphics_processing_units,2026-07-20T05:59:37Z,2026-07-20T05:59:37Z,,,2006,2026-07-20 05:59:37
1511,Mobility Radeon X1700,AMD,Mobility Radeon X1000 series,RV535,"February 1, 2006",PCIe ×16,256,DDR2GDDR3,128,11.217.6,475,,400550,5:12:4:4,,,,90,,,,List_of_AMD_graphics_processing_units,2026-07-20T05:59:37Z,2026-07-20T05:59:37Z,,,2006,2026-07-20 05:59:37
1512,Mobility Radeon X1800,AMD,Mobility Radeon X1000 series,R520,"March 1, 2006",PCIe ×16,256,GDDR3,256,32,450,,500,8:12:12:12,,,,90,,,,List_of_AMD_graphics_processing_units,2026-07-20T05:59:38Z,2026-07-20T05:59:38Z,,,2006,2026-07-20 05:59:38
1513,Mobility Radeon X1800 XT,AMD,Mobility Radeon X1000 series,R520,"March 1, 2006",PCIe ×16,256,GDDR3,256,41.6,550,,650,8:16:16:16,,,,90,,,,List_of_AMD_graphics_processing_units,2026-07-20T05:59:38Z,2026-07-20T05:59:38Z,,,2006,2026-07-20 05:59:38
1514,Mobility Radeon X1900,AMD,Mobility Radeon X1000 series,RV570,"January 11, 2007",PCIe ×16,256,GDDR3,256,30.08,400,,470,8:36:12:12,,,,80,,,,List_of_AMD_graphics_processing_units,2026-07-20T05:59:38Z,2026-07-20T05:59:38Z,,,2007,2026-07-20 05:59:38
1515,Mobility Radeon X2300,AMD,Mobility Radeon HD 2000 series,RV515,"March 1, 2007",PCIe ×16,128,DDRDDR2GDDR3,64128,6.412.8,480,,400,2:4:4:41,,,,90,,,,List_of_AMD_graphics_processing_units,2026-07-20T05:59:38Z,2026-07-20T05:59:38Z,,,2007,2026-07-20 05:59:38
1516,Mobility Radeon X2500,AMD,Mobility Radeon HD 2000 series,RV530,"June 1, 2007",PCIe ×16,256,DDRDDR2GDDR3,128,12.8,460,,400,5:12:4:41,,,,90,,,,List_of_AMD_graphics_processing_units,2026-07-20T05:59:38Z,2026-07-20T05:59:38Z,,,2007,2026-07-20 05:59:38
1501,Mobility Radeon X300,AMD,"Mobility Radeon X300, X600, X700, X800 series",RV370,Nov 2005,PCIe ×16,128,DDR,64,4,350,,250,2:4:4:4,,,,110,,,,List_of_AMD_graphics_processing_units,2026-07-20T05:59:37Z,2026-07-20T05:59:37Z,,,2005,2026-07-20 05:59:37
1502,Mobility Radeon X600,AMD,"Mobility Radeon X300, X600, X700, X800 series",RV380,Jun 2004,PCIe ×16,"64, 128",DDR,128,8,400,,250,2:4:4:4,,,,130,,,,List_of_AMD_graphics_processing_units,2026-07-20T05:59:37Z,2026-07-20T05:59:37Z,,,2004,2026-07-20 05:59:37
1503,Mobility Radeon X700,AMD,"Mobility Radeon X300, X600, X700, X800 series",RV410,Mar 2005,PCIe ×16,"Shared-128? 64, 128","DDR, GDDR3",128,11.2,400-100 (PowerPlay),,350-200,6:8:8:4,,,,110,,,,List_of_AMD_graphics_processing_units,2026-07-20T05:59:37Z,2026-07-20T05:59:37Z,,,2005,2026-07-20 05:59:37
1504,Mobility Radeon X800,AMD,"Mobility Radeon X300, X600, X700, X800 series",R423,Nov 2004,PCIe ×16,256,GDDR3,256,25.6,400,,400,6:12:12:12,,,,130,,,,List_of_AMD_graphics_processing_units,2026-07-20T05:59:37Z,2026-07-20T05:59:37Z,,,2004,2026-07-20 05:59:37
1505,Mobility Radeon X800 XT,AMD,"Mobility Radeon X300, X600, X700, X800 series",R423,Jun 2005,PCIe ×16,256,GDDR3,256,35.2,480,,550,6:16:16:16,,,,130,,,,List_of_AMD_graphics_processing_units,2026-07-20T05:59:37Z,2026-07-20T05:59:37Z,,,2005,2026-07-20 05:59:37
1437,Model(Code name),AMD,Radeon 500 series,,,Bus interface,,Memory,,Memory,,,,,,,,Architecture& fab,Transistors& die size,,,List_of_AMD_graphics_processing_units,2026-07-20T05:59:36Z,2026-07-20T05:59:36Z,,,,2026-07-20 05:59:36
1341,Model(Codename),AMD,Radeon 300 series,,,Bus interface,,Memory,,,,,,,,,,Architecture(Fab),TransistorsDie Size,,,List_of_AMD_graphics_processing_units,2026-07-20T05:59:34Z,2026-07-20T05:59:35Z,,,,2026-07-20 05:59:34
1385,Model(codename),AMD,Radeon 200 series,,,Bus interface,,Memory,,,,,,,,,,Architecture& Fab,Transistors& Die Size,,,List_of_AMD_graphics_processing_units,2026-07-20T05:59:35Z,2026-07-20T05:59:35Z,,,,2026-07-20 05:59:35
1287,Model4,AMD,Radeon HD 4000 series,Code name,Launch,Bus interface,Size (MB),Bus type,Bus width (bit),Bandwidth (GB/s),Core (MHz),,Memory (MHz),Core config1,,,Idle,Fab (nm),Transistors (million),Die size (mm2),,List_of_AMD_graphics_processing_units,2026-07-20T05:59:33Z,2026-07-20T05:59:33Z,,,,2026-07-20 05:59:33
1980,Neo (PlayStation 4 Pro),AMD,Console GPUs,GCN 4,"November 10, 2016",Integrated,,,256,217.6,911,,,2304:144:32,,,,TSMC 16 nm,"5,700",,,List_of_AMD_graphics_processing_units,2026-07-20T05:59:48Z,2026-07-20T05:59:48Z,,,2016,2026-07-20 05:59:48
1984,Oberon (PlayStation 5),AMD,Console GPUs,RDNA 2,"November 12, 2020",Integrated,,,256,448,~2233 (Boost),,,2304:144:64:36,,,,TSMC 7 nm / 6 nm,"probably 10,600",,,List_of_AMD_graphics_processing_units,2026-07-20T05:59:48Z,2026-07-20T05:59:48Z,,,2020,2026-07-20 05:59:48
1977,Project Café (Wii U),AMD,Console GPUs,Latte4 GPU TeraScale (HD 4000 based),"November 18, 2012",Integrated,,,641024,12.870.4,550,,,160:16:8,,,,Renesas 45 nm,880 GPU + eDRAM,,,List_of_AMD_graphics_processing_units,2026-07-20T05:59:47Z,2026-07-20T05:59:47Z,,,2012,2026-07-20 05:59:47
1974,Project Dolphin (GameCube),AMD,Console GPUs,Flipper,"September 14, 2001",Integrated,,,648384/512,3.21.67.8/10.4,162,,,4:1:4:4,,,,NEC 180 nm,51 (GPU + eDRAM),,,List_of_AMD_graphics_processing_units,2026-07-20T05:59:47Z,2026-07-20T05:59:47Z,,,2001,2026-07-20 05:59:47
1243,Radeon 3000 Graphics (760G Chipset),AMD,Radeon HD 3000 series,RS780L,2009,HT 3.0,Up to 512 system,HT (system),—N/a,20.8 (system),350,,,40:4:4,,,,55,205,~73 (~9 × 8.05),,List_of_AMD_graphics_processing_units,2026-07-20T05:59:32Z,2026-07-20T05:59:32Z,,,2009,2026-07-20 05:59:32
1244,Radeon 3100 Graphics (780V Chipset),AMD,Radeon HD 3000 series,RS780C,2008Jan 23 (China)Mar 4 (worldwide),HT 3.0,Up to 512 system,HT (system),—N/a,20.8 (system),350,,,40:4:4,,,,55,205,~73 (~9 × 8.05),,List_of_AMD_graphics_processing_units,2026-07-20T05:59:32Z,2026-07-20T05:59:32Z,,,,2026-07-20 05:59:32
1103,Radeon 320,AMD,Radeon R100 series,A3,May 2002,FSB,,DDR,64,"1.6, 2.128",160,,"200, 266",1:0:3:1,,,,,,,,List_of_AMD_graphics_processing_units,2026-07-20T05:59:29Z,2026-07-20T05:59:29Z,,,2002,2026-07-20 05:59:29
1104,Radeon 330,AMD,Radeon R100 series,RS200L (wilma),2002,FSB,,DDR,64,"1.6, 2.128",150,,"200, 266",1:0:3:1,,,,,,,,List_of_AMD_graphics_processing_units,2026-07-20T05:59:29Z,2026-07-20T05:59:29Z,,,2002,2026-07-20 05:59:29
1105,Radeon 340,AMD,Radeon R100 series,RS200 (wilma),2002,FSB,,DDR,64,"1.6, 2.128",183,,"200, 266",1:0:3:1,,,,,,,,List_of_AMD_graphics_processing_units,2026-07-20T05:59:29Z,2026-07-20T05:59:29Z,,,2002,2026-07-20 05:59:29
1420,Radeon 520(Banks),AMD,Radeon M500 series,,18 April 2017,,,GDDR564-bit,,,,,,,,,50 W,GCN 1st gen(28 nm),,,,List_of_AMD_graphics_processing_units,2026-07-20T05:59:36Z,2026-07-20T05:59:41Z,,50,2017,2026-07-20 05:59:36
1421,Radeon 530(Weston),AMD,Radeon M500 series,,18 April 2017,,,DDR364-bit,,,,,,,,,50 W,GCN 3rd gen(28 nm),,,,List_of_AMD_graphics_processing_units,2026-07-20T05:59:36Z,2026-07-20T05:59:41Z,,50,2017,2026-07-20 05:59:36
1679,Radeon 530XRadeon 535(Polaris 24 XT),AMD,Radeon M500 series,,18 April 2017,,,GDDR564-bit,,,,,,,,,50 W,GCN 3rd gen(28 nm),,,,List_of_AMD_graphics_processing_units,2026-07-20T05:59:41Z,2026-07-20T05:59:41Z,,50,2017,2026-07-20 05:59:41
1681,Radeon 540X(Polaris 23 XL),AMD,Radeon M500 series,,11 April 2018,,,GDDR5128-bit,,,,,,,,,50 W,GCN 4th gen(14 nm),,,,List_of_AMD_graphics_processing_units,2026-07-20T05:59:41Z,2026-07-20T05:59:41Z,,50,2018,2026-07-20 05:59:41
1683,Radeon 550X(Polaris 23 XT),AMD,Radeon M500 series,,11 April 2018,,,GDDR5128-bit,,,,,,,,,50 W,GCN 4th gen(14 nm),,,,List_of_AMD_graphics_processing_units,2026-07-20T05:59:41Z,2026-07-20T05:59:41Z,,50,2018,2026-07-20 05:59:41
1691,Radeon 610(Banks),AMD,Radeon 600 series,,,PCIe 3.0 ×8,24,GDDR564-bit,,36.0,,,,,,,,GCN 1TSMC 28 nm,6.9×10856 mm2,,,List_of_AMD_graphics_processing_units,2026-07-20T05:59:41Z,2026-07-20T05:59:41Z,,,,2026-07-20 05:59:41
1692,Radeon 620(Polaris 24),AMD,Radeon 600 series,,,PCIe 3.0 ×8,24,GDDR564-bit,,36.0,,,,,,,,GCN 3TSMC 28 nm,1.55×109125 mm2,,,List_of_AMD_graphics_processing_units,2026-07-20T05:59:41Z,2026-07-20T05:59:41Z,,,,2026-07-20 05:59:41
1694,Radeon 625(Polaris 24),AMD,Radeon 600 series,,,PCIe 3.0 ×8,24,GDDR564-bit,,36.0,,,,,,,,GCN 3TSMC 28 nm,1.55×109125 mm2,,,List_of_AMD_graphics_processing_units,2026-07-20T05:59:41Z,2026-07-20T05:59:41Z,,,,2026-07-20 05:59:41
1695,Radeon 630(Polaris 23),AMD,Radeon 600 series,,,PCIe 3.0 ×8,24,GDDR564-bit,,48.0,,,,,,,,GCN 4GloFo 14 nm,2.2×109103 mm2,,,List_of_AMD_graphics_processing_units,2026-07-20T05:59:41Z,2026-07-20T05:59:41Z,,,,2026-07-20 05:59:41
1986,Radeon 740M - Phoenix (ROG Ally),AMD,Console GPUs,RDNA 3,2023,Integrated,,,128,102.4,2500 (Boost),,,256:16:8:4,,,,TSMC 4 nm,"~25,000",,,List_of_AMD_graphics_processing_units,2026-07-20T05:59:48Z,2026-07-20T05:59:48Z,,,2023,2026-07-20 05:59:48
1102,Radeon 7500,AMD,Radeon R100 series,RV200 (morpheus),"August 14, 2001","AGP 4x, PCI",,DDR,128,7.360,290,,230,2:1:6:2,,,23,150,,,,List_of_AMD_graphics_processing_units,2026-07-20T05:59:29Z,2026-07-20T05:59:29Z,,23,2001,2026-07-20 05:59:29
1101,Radeon 7500 LE,AMD,Radeon R100 series,RV200 (morpheus),,"AGP 4x, PCI",,DDR,64128,5.600,250,,175,2:1:6:2,,,21,150,,,,List_of_AMD_graphics_processing_units,2026-07-20T05:59:29Z,2026-07-20T05:59:29Z,,21,,2026-07-20 05:59:29
1987,Radeon 780M - Phoenix (ROG Ally Extreme),AMD,Console GPUs,RDNA 3,2023,Integrated,,,128,102.4,2700 (Boost),,,768:48:32:12,,,,TSMC 4 nm,"~25,000",,,List_of_AMD_graphics_processing_units,2026-07-20T05:59:48Z,2026-07-20T05:59:48Z,,,2023,2026-07-20 05:59:48
1106,Radeon 8500,AMD,Radeon R200 series,R200 (chaplin),"August 14, 2001","AGP 4×, PCI",,DDR,128,8.8,275,,275,4:2:8:4,,,33,,,,,List_of_AMD_graphics_processing_units,2026-07-20T05:59:29Z,2026-07-20T05:59:29Z,,33,2001,2026-07-20 05:59:29
1107,Radeon 8500 LE,AMD,Radeon R200 series,R200 (chaplin),"October 30, 2001","AGP 4×, PCI",,DDR,128,8,250,,200 250,4:2:8:4,,,,,,,,List_of_AMD_graphics_processing_units,2026-07-20T05:59:29Z,2026-07-20T05:59:29Z,,,2001,2026-07-20 05:59:29
1108,Radeon 9000,AMD,Radeon R200 series,RC350,2003,FSB,,DDR,64,3.2,300,,400,4:1:2:2,,,,,,,,List_of_AMD_graphics_processing_units,2026-07-20T05:59:29Z,2026-07-20T05:59:29Z,,,2003,2026-07-20 05:59:29
1109,Radeon 9000 Pro,AMD,Radeon R200 series,RV250 (iris),"August 1, 2002","AGP 4×, PCI",,DDR,128,8.8,275,,275,4:1:4:4,,,,,,,,List_of_AMD_graphics_processing_units,2026-07-20T05:59:29Z,2026-07-20T05:59:29Z,,,2002,2026-07-20 05:59:29
1110,Radeon 9100,AMD,Radeon R200 series,RS300 (superman),2003,FSB,,DDR,128,6.4,300,,400,4:1:2:2,,,,,,,,List_of_AMD_graphics_processing_units,2026-07-20T05:59:29Z,2026-07-20T05:59:29Z,,,2003,2026-07-20 05:59:29
1118,Radeon 9100 Pro,AMD,Radeon R200 series,RS350,"May 3, 2004",FSB,,DDR,128,6.4,300,,400,4:1:2:2,,,,,,,,List_of_AMD_graphics_processing_units,2026-07-20T05:59:29Z,2026-07-20T05:59:29Z,,,2004,2026-07-20 05:59:29
1112,Radeon 9200,AMD,Radeon R200 series,RV280 (argus),"April 1, 2003","AGP 8×, PCI",,DDR,128,6.4,250,,200,4:1:4:4,,,,,,,,List_of_AMD_graphics_processing_units,2026-07-20T05:59:29Z,2026-07-20T05:59:29Z,,,2003,2026-07-20 05:59:29
1113,Radeon 9200 SE,AMD,Radeon R200 series,RV280 (argus),"March 1, 2003","AGP 8×, PCI",,DDR,64,2.67,200,,166,4:1:4:4,,,,,,,,List_of_AMD_graphics_processing_units,2026-07-20T05:59:29Z,2026-07-20T05:59:29Z,,,2003,2026-07-20 05:59:29
1114,Radeon 9250,AMD,Radeon R200 series,RV280 (argus),"March 1, 2004","AGP 8×, PCI",,DDR,"64, 128","3.2, 6.4",240,,200,4:1:4:4,,,,,,,,List_of_AMD_graphics_processing_units,2026-07-20T05:59:29Z,2026-07-20T05:59:29Z,,,2004,2026-07-20 05:59:29
1115,Radeon 9250 SE,AMD,Radeon R200 series,RV280 (argus),2004,AGP 8x,,DDR,64,,,,,4:1:4:4,,,,,,,,List_of_AMD_graphics_processing_units,2026-07-20T05:59:29Z,2026-07-20T05:59:29Z,,,2004,2026-07-20 05:59:29
1119,Radeon 9500,AMD,Radeon R300 series,R300 (Khan),"October 24, 2002",,,DDR,128 256,8.64 17.28,275,,270,4:4:4:4,,,29,150,,,,List_of_AMD_graphics_processing_units,2026-07-20T05:59:29Z,2026-07-20T05:59:29Z,,29,2002,2026-07-20 05:59:29
1120,Radeon 9500 Pro,AMD,Radeon R300 series,R300 (Khan),"October 24, 2002",,,DDR,128,8.64,275,,270,8:4:8:8,,,50,150,,,,List_of_AMD_graphics_processing_units,2026-07-20T05:59:29Z,2026-07-20T05:59:29Z,,50,2002,2026-07-20 05:59:29
1122,Radeon 9550,AMD,Radeon R300 series,RV350 (Shivah),April-summer 2004,,,DDR,128,6.4,250,,200,4:2:4:4,,,,130,,,,List_of_AMD_graphics_processing_units,2026-07-20T05:59:29Z,2026-07-20T05:59:29Z,,,2004,2026-07-20 05:59:29
1121,Radeon 9550 SE,AMD,Radeon R300 series,RV350 (Shivah),April-summer 2004,,,DDR,64,3.2,250,,200,4:2:4:4,,,,130,,,,List_of_AMD_graphics_processing_units,2026-07-20T05:59:29Z,2026-07-20T05:59:29Z,,,2004,2026-07-20 05:59:29
1123,Radeon 9600,AMD,Radeon R300 series,RV350 (Shivah),2003,,,DDR,128,6.4,325,,200,4:2:4:4,,,17,130,,,,List_of_AMD_graphics_processing_units,2026-07-20T05:59:29Z,2026-07-20T05:59:29Z,,17,2003,2026-07-20 05:59:29
1124,Radeon 9600 Pro,AMD,Radeon R300 series,RV350 (Shivah),"March 6, 2003",,,DDR,128,9.6,400,,300,4:2:4:4,,,19,130,,,,List_of_AMD_graphics_processing_units,2026-07-20T05:59:29Z,2026-07-20T05:59:29Z,,19,2003,2026-07-20 05:59:29
1125,Radeon 9600 SE,AMD,Radeon R300 series,RV350 (Shivah),2003,,,DDR,64,3.2,325,,200,4:2:4:4,,,,130,,,,List_of_AMD_graphics_processing_units,2026-07-20T05:59:29Z,2026-07-20T05:59:29Z,,,2003,2026-07-20 05:59:29
1128,Radeon 9600 TX,AMD,Radeon R300 series,R300 (Khan),2003 (Medion OEM),,,DDR,128,8.6,297,,270,8:4:8:8,,,,150,,,,List_of_AMD_graphics_processing_units,2026-07-20T05:59:29Z,2026-07-20T05:59:29Z,,,2003,2026-07-20 05:59:29
1127,Radeon 9600 XT,AMD,Radeon R300 series,RV360,"September 30, 2003",,,DDR,128,9.6,500,,300,4:2:4:4,,,20,130,,,,List_of_AMD_graphics_processing_units,2026-07-20T05:59:29Z,2026-07-20T05:59:29Z,,20,2003,2026-07-20 05:59:29
1126,Radeon 9650,AMD,Radeon R300 series,RV350 (Shivah),"April 27, 2005 (Apple OEM)",,,DDR,128,9.6,400,,270,4:2:4:4,,,,130,,,,List_of_AMD_graphics_processing_units,2026-07-20T05:59:29Z,2026-07-20T05:59:29Z,,,2005,2026-07-20 05:59:29
1130,Radeon 9700,AMD,Radeon R300 series,R300 (Khan),"October 24, 2002",,,DDR,256,17.28,275,,270,8:4:8:8,,,42,150,,,,List_of_AMD_graphics_processing_units,2026-07-20T05:59:29Z,2026-07-20T05:59:29Z,,42,2002,2026-07-20 05:59:29
1131,Radeon 9700 Pro,AMD,Radeon R300 series,R300 (Khan),"July 18, 2002",,,DDR,256,19.84,325,,310,8:4:8:8,,,50,150,,,,List_of_AMD_graphics_processing_units,2026-07-20T05:59:29Z,2026-07-20T05:59:29Z,,50,2002,2026-07-20 05:59:29
1129,Radeon 9700 TX,AMD,Radeon R300 series,R300 (Khan),2002 (Dell OEM),,,DDR,256,16.83,263,,263,8:4:8:8,,,,150,,,,List_of_AMD_graphics_processing_units,2026-07-20T05:59:29Z,2026-07-20T05:59:29Z,,,2002,2026-07-20 05:59:29
1132,Radeon 9800,AMD,Radeon R300 series,R350,2003,,,DDR,256,19.84,325,,310,8:4:8:8,,,40,150,,,,List_of_AMD_graphics_processing_units,2026-07-20T05:59:29Z,2026-07-20T05:59:29Z,,40,2003,2026-07-20 05:59:29
1135,Radeon 9800 Pro (R350),AMD,Radeon R300 series,R350,"March 1, 2003",,,DDR GDDR2,256,21.76 22.40,380,,340 (128 MB) 350 (256 MB),8:4:8:8,,,53,150,,,,List_of_AMD_graphics_processing_units,2026-07-20T05:59:29Z,2026-07-20T05:59:29Z,,53,2003,2026-07-20 05:59:29
1136,Radeon 9800 Pro (R360),AMD,Radeon R300 series,R360,2003,,,DDR,256,21.76,380,,340,8:4:8:8,,,51,150,,,,List_of_AMD_graphics_processing_units,2026-07-20T05:59:29Z,2026-07-20T05:59:29Z,,51,2003,2026-07-20 05:59:29
1137,Radeon 9800 SE,AMD,Radeon R300 series,R350,"March 1, 2003",,,DDR,128 2562,8.64 21.76,325 380,,270 340,4:4:4:4,,,50,150,,,,List_of_AMD_graphics_processing_units,2026-07-20T05:59:30Z,2026-07-20T05:59:30Z,,50,2003,2026-07-20 05:59:30
1133,Radeon 9800 XL,AMD,Radeon R300 series,R350,2003,,,DDR,256,19.84,350,,310,8:4:8:8,,,,150,,,,List_of_AMD_graphics_processing_units,2026-07-20T05:59:29Z,2026-07-20T05:59:29Z,,,2003,2026-07-20 05:59:29
1138,Radeon 9800 XT,AMD,Radeon R300 series,R360,"September 9, 2003",,,DDR,256,23.36,412,,365,8:4:8:8,,,74,150,,,,List_of_AMD_graphics_processing_units,2026-07-20T05:59:30Z,2026-07-20T05:59:30Z,,74,2003,2026-07-20 05:59:30
1134,Radeon 9800 XXL,AMD,Radeon R300 series,R360,"October 1, 2003",,,DDR,256,21.60,390,,338,8:4:8:8,,,,150,,,,List_of_AMD_graphics_processing_units,2026-07-20T05:59:29Z,2026-07-20T05:59:29Z,,,2003,2026-07-20 05:59:29
1838,Radeon AI Pro R9600(Navi 48),AMD,Radeon Pro R9000 series,,2026,PCIe 5.0×16,32,GDDR6256-bit,,640,,,,,,,,RDNA 4TSMC N4P,53.9 billion357 mm2,,,List_of_AMD_graphics_processing_units,2026-07-20T05:59:44Z,2026-07-20T05:59:44Z,,,2026,2026-07-20 05:59:45
1837,Radeon AI Pro R9600D(Navi 48),AMD,Radeon Pro R9000 series,,"Dec 11, 2025",PCIe 5.0×16,32,GDDR6256-bit,,640,,,,,,,,RDNA 4TSMC N4P,53.9 billion357 mm2,,,List_of_AMD_graphics_processing_units,2026-07-20T05:59:44Z,2026-07-20T05:59:44Z,,,2025,2026-07-20 05:59:44
1840,Radeon AI Pro R9700(Navi 48),AMD,Radeon Pro R9000 series,,"Jul 23, 2025",PCIe 5.0×16,32,GDDR6256-bit,,640,,,,,,,,RDNA 4TSMC N4P,53.9 billion357 mm2,,,List_of_AMD_graphics_processing_units,2026-07-20T05:59:45Z,2026-07-20T05:59:45Z,,,2025,2026-07-20 05:59:45
1839,Radeon AI Pro R9700S(Navi 48),AMD,Radeon Pro R9000 series,,"Dec 11, 2025",PCIe 5.0×16,32,GDDR6256-bit,,640,,,,,,,,RDNA 4TSMC N4P,53.9 billion357 mm2,,,List_of_AMD_graphics_processing_units,2026-07-20T05:59:45Z,2026-07-20T05:59:45Z,,,2025,2026-07-20 05:59:45
1098,Radeon DDR / Radeon 7200 (DDR),AMD,Radeon R100 series,Rage 6 / R100,"April 1, 2000",AGP 4x,,DDR,128,5.312/5.856A,166/183A,,166/183A,2:1:6:2,,,13,180,,,,List_of_AMD_graphics_processing_units,2026-07-20T05:59:29Z,2026-07-20T05:59:29Z,,13,2000,2026-07-20 05:59:29
1099,Radeon DDR / Radeon 7200 VIVO,AMD,Radeon R100 series,Rage 6 / R100,2001,"AGP 4x, PCI",,DDR,128,5.312/5.856B,166/183B,,166/183B,2:1:6:2,,,17,180,,,,List_of_AMD_graphics_processing_units,2026-07-20T05:59:29Z,2026-07-20T05:59:29Z,,17,2001,2026-07-20 05:59:29
1100,"Radeon DDR / Radeon 7500 VIVO ""SE""",AMD,Radeon R100 series,Rage 6 / R100,2001,"AGP 4x, PCI",,DDR,128,6.400,200,,200,2:1:6:2,,,20,180,,,,List_of_AMD_graphics_processing_units,2026-07-20T05:59:29Z,2026-07-20T05:59:29Z,,20,2001,2026-07-20 05:59:29
1956,Radeon E2400(RV610),AMD,Embedded GPUs,,Jun 2007,PCIe 1.1 ×16,,,64,11.2,600,,700,40:4:4,,,7–13,Terascale 1TSMC 65 nm,,,,List_of_AMD_graphics_processing_units,2026-07-20T05:59:47Z,2026-07-20T05:59:47Z,,7,2007,2026-07-20 05:59:47
1957,Radeon E4690(RV730),AMD,Embedded GPUs,,Jun 2009,PCIe 2.0 ×16,,,128,22.4,600,,700,320:32:8,,,8-25,Terascale 1TSMC 55 nm,,,,List_of_AMD_graphics_processing_units,2026-07-20T05:59:47Z,2026-07-20T05:59:47Z,,8,2009,2026-07-20 05:59:47
1958,Radeon E6460(Caicos),AMD,Embedded GPUs,,Apr 2011,PCIe 2.1 ×16,,,64,25.6,600,,800,160:8:4:2,,,19–21,Terascale 2TSMC 40 nm,,,,List_of_AMD_graphics_processing_units,2026-07-20T05:59:47Z,2026-07-20T05:59:47Z,,19,2011,2026-07-20 05:59:47
1959,Radeon E6465(Caicos),AMD,Embedded GPUs,,Sep 2015,PCIe 2.1 ×16,,,64,25.6,600,,800,160:8:4:2,,,20,Terascale 2TSMC 40 nm,,,,List_of_AMD_graphics_processing_units,2026-07-20T05:59:47Z,2026-07-20T05:59:47Z,,20,2015,2026-07-20 05:59:47
1960,Radeon E6760(Turks),AMD,Embedded GPUs,,May 2011,PCIe 2.1 ×16,,,128,51.2,600,,800,480:24:8:6,,,37–42,Terascale 2TSMC 40 nm,,,,List_of_AMD_graphics_processing_units,2026-07-20T05:59:47Z,2026-07-20T05:59:47Z,,37,2011,2026-07-20 05:59:47
1961,Radeon E8860(Venus),AMD,Embedded GPUs,,Jan 2014,PCIe 3.0 ×16,,,128,72,625,,1125,640:40:1610 CU,,,37,GCN 1TSMC 28 nm,,,,List_of_AMD_graphics_processing_units,2026-07-20T05:59:47Z,2026-07-20T05:59:47Z,,37,2014,2026-07-20 05:59:47
1962,Radeon E8870(Saturn),AMD,Embedded GPUs,,Sep 2015,PCIe 3.0 ×16,,,128,96,1000,,1500,768:48:1612 CU,,,75,GCN 2TSMC 28 nm,,,,List_of_AMD_graphics_processing_units,2026-07-20T05:59:47Z,2026-07-20T05:59:47Z,,75,2015,2026-07-20 05:59:47
1963,Radeon E8950(Amethyst),AMD,Embedded GPUs,,Sep 2015,MXM-B 3.0,,,256,192,735,,1500,2048:128:3232 CU,,,95,GCN 3TSMC 28 nm,,,,List_of_AMD_graphics_processing_units,2026-07-20T05:59:47Z,2026-07-20T05:59:47Z,,95,2015,2026-07-20 05:59:47
1964,Radeon E9171(Polaris12),AMD,Embedded GPUs,,Oct 2017,PCIe 3.0 ×8,,,128,96,1124or1219,,1500,512:32:168 CU,,,35,GCN 4GloFo 14 nm,,,,List_of_AMD_graphics_processing_units,2026-07-20T05:59:47Z,2026-07-20T05:59:47Z,,35,2017,2026-07-20 05:59:47
1965,Radeon E9172(Polaris12),AMD,Embedded GPUs,,Oct 2017,PCIe 3.0 ×8,,,64,48,1124or1219,,1500,512:32:168 CU,,,35,GCN 4GloFo 14 nm,,,,List_of_AMD_graphics_processing_units,2026-07-20T05:59:47Z,2026-07-20T05:59:47Z,,35,2017,2026-07-20 05:59:47
1966,Radeon E9173(Polaris12),AMD,Embedded GPUs,,Oct 2017,PCIe 3.0 ×8,,,64,48,1124or1219,,1500,512:32:168 CU,,,35,GCN 4GloFo 14 nm,,,,List_of_AMD_graphics_processing_units,2026-07-20T05:59:47Z,2026-07-20T05:59:47Z,,35,2017,2026-07-20 05:59:47
1967,Radeon E9174(Polaris12),AMD,Embedded GPUs,,Oct 2017,PCIe 3.0 ×8,,,128,96,1124or1219,,1500,512:32:168 CU,,,50,GCN 4GloFo 14 nm,,,,List_of_AMD_graphics_processing_units,2026-07-20T05:59:47Z,2026-07-20T05:59:47Z,,50,2017,2026-07-20 05:59:47
1968,Radeon E9175(Polaris12),AMD,Embedded GPUs,,Oct 2017,PCIe 3.0 ×8,,,128,96,1124or1219,,1500,512:32:168 CU,,,50,GCN 4GloFo 14 nm,,,,List_of_AMD_graphics_processing_units,2026-07-20T05:59:47Z,2026-07-20T05:59:47Z,,50,2017,2026-07-20 05:59:47
1969,Radeon E9260(Polaris11),AMD,Embedded GPUs,,Sep 2016,PCIe 3.0 ×8,,,128,112,,,1750,896:48:1614 CU,,,50–80,GCN 4GloFo 14 nm,,,,List_of_AMD_graphics_processing_units,2026-07-20T05:59:47Z,2026-07-20T05:59:47Z,,50,2016,2026-07-20 05:59:47
1970,Radeon E9390(Polaris10),AMD,Embedded GPUs,,Oct 2019,PCIe 3.0 ×16,,,256,160,1086,,1250,1792:112:3228 CU,,,75,GCN 4GloFo 14 nm,,,,List_of_AMD_graphics_processing_units,2026-07-20T05:59:47Z,2026-07-20T05:59:47Z,,75,2019,2026-07-20 05:59:47
1971,Radeon E9550(Polaris10),AMD,Embedded GPUs,,Sep 2016,PCIe 3.0 ×16,,,256,160,1243,,1250,2304:144:3236 CU,,,95,GCN 4GloFo 14 nm,,,,List_of_AMD_graphics_processing_units,2026-07-20T05:59:47Z,2026-07-20T05:59:47Z,,95,2016,2026-07-20 05:59:47
1972,Radeon E9560(Polaris10),AMD,Embedded GPUs,,Oct 2019,PCIe 3.0 ×16,,,256,224,1243,,1750,2304:144:3236 CU,,,130,GCN 4GloFo 14 nm,,,,List_of_AMD_graphics_processing_units,2026-07-20T05:59:47Z,2026-07-20T05:59:47Z,,130,2019,2026-07-20 05:59:47
1973,Radeon E9565(Polaris10),AMD,Embedded GPUs,,Sep 2020,PCIe 3.0 ×16,,,256,224,1243,,1750,2304:144:3236 CU,,,135,GCN 4GloFo 14 nm,,,,List_of_AMD_graphics_processing_units,2026-07-20T05:59:47Z,2026-07-20T05:59:47Z,,135,2020,2026-07-20 05:59:47
1221,Radeon HD 2350,AMD,Radeon HD 2000 series,RV610,"June 28, 2007",PCIe 1.0 ×16,64 onboard + up to 256 system,DDR2,32,3.20,525,,400,40:4:4,,,20,65,180,85,,List_of_AMD_graphics_processing_units,2026-07-20T05:59:31Z,2026-07-20T05:59:31Z,,20,2007,2026-07-20 05:59:31
1222,Radeon HD 2400 PRO,AMD,Radeon HD 2000 series,RV610,"June 28, 2007",PCIe 1.0 ×16AGPPCI,128256512,DDR2,64,6.40,525,,400,40:4:4,,,20,65,180,85,,List_of_AMD_graphics_processing_units,2026-07-20T05:59:31Z,2026-07-20T05:59:31Z,,20,2007,2026-07-20 05:59:31
1223,Radeon HD 2400 XT,AMD,Radeon HD 2000 series,RV610,"June 28, 2007",PCIe 1.0 ×16,256,DDR2GDDR3,64,8.011.2,650,,500700,40:4:4,,,25,65,180,85,,List_of_AMD_graphics_processing_units,2026-07-20T05:59:32Z,2026-07-20T05:59:32Z,,25,2007,2026-07-20 05:59:32
1224,Radeon HD 2600 PRO,AMD,Radeon HD 2000 series,RV630,"June 28, 2007",PCIe 1.0 ×16AGP,256512,DDR2GDDR3,128,16.022.4,600,,500700,120:8:4,,,35,65,390,153,,List_of_AMD_graphics_processing_units,2026-07-20T05:59:32Z,2026-07-20T05:59:32Z,,35,2007,2026-07-20 05:59:32
1225,Radeon HD 2600 XT,AMD,Radeon HD 2000 series,RV630,"June 28, 2007",PCIe 1.0 ×16AGP,256512,GDDR3GDDR4,128,25.635.2,800,,8001100,120:8:4,,,4550,65,390,153,,List_of_AMD_graphics_processing_units,2026-07-20T05:59:32Z,2026-07-20T05:59:32Z,,4550,2007,2026-07-20 05:59:32
1226,Radeon HD 2900 GT,AMD,Radeon HD 2000 series,R600 GT,"November 6, 2007",PCIe 1.0 ×16,256512,GDDR3,256,51.2,601,,800,240:12:12,,,150,80,720,420,,List_of_AMD_graphics_processing_units,2026-07-20T05:59:32Z,2026-07-20T05:59:32Z,,150,2007,2026-07-20 05:59:32
1227,Radeon HD 2900 PRO,AMD,Radeon HD 2000 series,R600 PRO,"September 25, 2007",PCIe 1.0 ×16,5121024,GDDR3GDDR4,256512,51.2102.4118.4,600,,800925,320:16:16,,,200,80,720,420,,List_of_AMD_graphics_processing_units,2026-07-20T05:59:32Z,2026-07-20T05:59:32Z,,200,2007,2026-07-20 05:59:32
1228,Radeon HD 2900 XT,AMD,Radeon HD 2000 series,R600 XT,"May 14, 2007",PCIe 1.0 ×16,5121024,GDDR3GDDR4,512,105.6128.0,743,,8281000,320:16:16,,,215,80,720,420,,List_of_AMD_graphics_processing_units,2026-07-20T05:59:32Z,2026-07-20T05:59:32Z,,215,2007,2026-07-20 05:59:32
1245,Radeon HD 3200 Graphics (780G Chipset),AMD,Radeon HD 3000 series,RS780,2008Jan 23 (China)Mar 4 (worldwide),HT 3.0,Up to 512 system + optional 128 sideport,HT (system) + DDR2-1066 DDR3-1333 (sideport),16 (sideport),20.8 (system) + 2.6 (sideport),500,,,40:4:4,,,,55,205,~73 (~9 × 8.05),,List_of_AMD_graphics_processing_units,2026-07-20T05:59:32Z,2026-07-20T05:59:32Z,,,,2026-07-20 05:59:32
1246,Radeon HD 3300 Graphics (790GX Chipset),AMD,Radeon HD 3000 series,RS780D,Jul 2008,HT 3.0,Up to 512 system + 128 sideport,HT (system) + DDR3-1333 (sideport),16 (sideport),20.8 (system) + 2.6 (sideport),700,,,40:4:4,,,,55,205,~73 (~9 × 8.05),,List_of_AMD_graphics_processing_units,2026-07-20T05:59:32Z,2026-07-20T05:59:32Z,,,2008,2026-07-20 05:59:32
1229,Radeon HD 3410,AMD,Radeon HD 3000 series,RV610,"May 7, 2009",PCIe 1.0 ×16,256,DDR2,64,6.34,519,,396,40:4:4,,,20,65,180,85,,List_of_AMD_graphics_processing_units,2026-07-20T05:59:32Z,2026-07-20T05:59:32Z,,20,2009,2026-07-20 05:59:32
1230,Radeon HD 3450,AMD,Radeon HD 3000 series,RV620 LE,"January 23, 2008",PCIe 2.0 ×16PCIAGP 8×,256512,DDR2,64,8.00,600,,500,40:4:4,,,25,55,181,67,,List_of_AMD_graphics_processing_units,2026-07-20T05:59:32Z,2026-07-20T05:59:32Z,,25,2008,2026-07-20 05:59:32
1231,Radeon HD 3470,AMD,Radeon HD 3000 series,RV620 PRO,"January 23, 2008",PCIe 2.0 ×16,256512,DDR2GDDR3,64,15.2,800,,950,40:4:4,,,30,55,181,67,,List_of_AMD_graphics_processing_units,2026-07-20T05:59:32Z,2026-07-20T05:59:32Z,,30,2008,2026-07-20 05:59:32
1232,Radeon HD 3550,AMD,Radeon HD 3000 series,RV620 PRO,"August 4, 2008",PCIe 2.0 ×16,512,DDR2,64,6.34,594,,396,40:4:4,,,30,55,181,67,,List_of_AMD_graphics_processing_units,2026-07-20T05:59:32Z,2026-07-20T05:59:32Z,,30,2008,2026-07-20 05:59:32
1233,Radeon HD 3570,AMD,Radeon HD 3000 series,RV620 PRO,"July 5, 2010",PCIe 2.0 ×16,512,DDR2,64,7.92,796,,495,40:4:4,,,30,55,181,67,,List_of_AMD_graphics_processing_units,2026-07-20T05:59:32Z,2026-07-20T05:59:32Z,,30,2010,2026-07-20 05:59:32
1234,Radeon HD 3610,AMD,Radeon HD 3000 series,RV630 PRO,"September 24, 2009",PCIe 1.0 ×16,5121024,DDR2,128,12.7,594,,396,120:8:4,,,35,65,390,153,,List_of_AMD_graphics_processing_units,2026-07-20T05:59:32Z,2026-07-20T05:59:32Z,,35,2009,2026-07-20 05:59:32
1235,Radeon HD 3650,AMD,Radeon HD 3000 series,RV635 PRO,"January 23, 2008",PCIe 2.0 ×16AGP 8×,2565121024,DDR2GDDR3GDDR4,128,13.025.6,725,,405800,120:8:4,,,65,55,378,153,,List_of_AMD_graphics_processing_units,2026-07-20T05:59:32Z,2026-07-20T05:59:32Z,,65,2008,2026-07-20 05:59:32
1236,Radeon HD 3730,AMD,Radeon HD 3000 series,RV635 PRO,"October 5, 2008",PCIe 2.0 ×16,5121024,DDR2,128,13.0,722,,405,120:8:4,,,65,55,378,135,,List_of_AMD_graphics_processing_units,2026-07-20T05:59:32Z,2026-07-20T05:59:32Z,,65,2008,2026-07-20 05:59:32
1237,Radeon HD 3750,AMD,Radeon HD 3000 series,RV635 PRO,"October 5, 2008",PCIe 2.0 ×16,512,GDDR3,128,22.2,796,,693,120:8:4,,,65,55,378,135,,List_of_AMD_graphics_processing_units,2026-07-20T05:59:32Z,2026-07-20T05:59:32Z,,65,2008,2026-07-20 05:59:32
1238,Radeon HD 3830,AMD,Radeon HD 3000 series,RV670 PRO,"April 1, 2008",PCIe 2.0 ×16,256,GDDR3,128,26.5,668,,828,320:16:16,,,75,55,666,192,,List_of_AMD_graphics_processing_units,2026-07-20T05:59:32Z,2026-07-20T05:59:32Z,,75,2008,2026-07-20 05:59:32
1239,Radeon HD 3850,AMD,Radeon HD 3000 series,RV670 PRO,"November 19, 2007",PCIe 2.0 x16AGP 8x,2565121024,GDDR3GDDR4,256,53.157.6,668,,830900,320:16:16,,,75,55,666,192,,List_of_AMD_graphics_processing_units,2026-07-20T05:59:32Z,2026-07-20T05:59:32Z,,75,2007,2026-07-20 05:59:32
1241,Radeon HD 3850 X2,AMD,Radeon HD 3000 series,RV670 PRO,"April 4, 2008",PCIe 2.0 ×16,512×2,GDDR3,256×2,53.0×2,668,,828,320:16:16×2,,,140,55,666×2,192×2,,List_of_AMD_graphics_processing_units,2026-07-20T05:59:32Z,2026-07-20T05:59:32Z,,140,2008,2026-07-20 05:59:32
1240,Radeon HD 3870,AMD,Radeon HD 3000 series,RV670 XT,"November 19, 2007",PCIe 2.0 x16AGP 8x,5121024,GDDR3GDDR4,256,57.672.1,777,,9001126,320:16:16,,,106,55,666,192,,List_of_AMD_graphics_processing_units,2026-07-20T05:59:32Z,2026-07-20T05:59:32Z,,106,2007,2026-07-20 05:59:32
1242,Radeon HD 3870 X2,AMD,Radeon HD 3000 series,R680,"January 28, 2008",PCIe 2.0 ×16,512×2,GDDR3GDDR4,256×2,57.6×272.1×2,825,,9011125,320:16:16×2,,,165,55,666×2,192×2,,List_of_AMD_graphics_processing_units,2026-07-20T05:59:32Z,2026-07-20T05:59:32Z,,165,2008,2026-07-20 05:59:32
1289,Radeon HD 4200 Graphics (785G Chipset),AMD,Radeon HD 4000 series,RS880,Aug 2009,HT 3.0,Up to 512 system + optional 128 sideport,HT (system) + DDR2-1066 DDR3-1333 (sideport),16 (sideport),20.8 (system) + 2.6 (sideport),,,,,,,,55,>205,~73(~9 × 8.05),,List_of_AMD_graphics_processing_units,2026-07-20T05:59:33Z,2026-07-20T05:59:33Z,,,2009,2026-07-20 05:59:33
1290,Radeon HD 4250 Graphics (880G Chipset),AMD,Radeon HD 4000 series,RS880,Mar 2010,HT 3.0,Up to 512 system + optional 128 sideport,HT (system) + DDR3-1333 (sideport),16 (sideport),20.8 (system) + 2.6 (sideport),,,,,,,,55,>205,~73(~9 × 8.05),,List_of_AMD_graphics_processing_units,2026-07-20T05:59:33Z,2026-07-20T05:59:33Z,,,2010,2026-07-20 05:59:33
1291,Radeon HD 4290 Graphics (890GX Chipset),AMD,Radeon HD 4000 series,RS880D,Mar 2010,HT 3.0,Up to 512 system + 128 sideport,HT (system) + DDR3-1333 (sideport),16 (sideport),20.8 (system) + 2.6 (sideport),,,,,,,,55,>205,~73(~9 × 8.05),,List_of_AMD_graphics_processing_units,2026-07-20T05:59:33Z,2026-07-20T05:59:33Z,,,2010,2026-07-20 05:59:33
1270,Radeon HD 4350,AMD,Radeon HD 4000 series,RV710,"September 30, 2008",PCIe 2.0 ×16PCIe 2.0 ×1AGP 8×,2565121024,DDR2DDR3,64,6.4010.4,600,,400650,80:8:4,,,20,55,242,73,,List_of_AMD_graphics_processing_units,2026-07-20T05:59:33Z,2026-07-20T05:59:33Z,,20,2008,2026-07-20 05:59:33
1271,Radeon HD 4550,AMD,Radeon HD 4000 series,RV710,"September 30, 2008",PCIe 2.0 ×16,2565121024,DDR2DDR3,64,10.512.8,600,,655800,80:8:4,,,25,55,242,73,,List_of_AMD_graphics_processing_units,2026-07-20T05:59:33Z,2026-07-20T05:59:33Z,,25,2008,2026-07-20 05:59:33
1272,Radeon HD 4570,AMD,Radeon HD 4000 series,RV710,"November 25, 2008",PCIe 2.0 ×16,1024,DDR2,64,8.00,650,,500,80:8:4,,,25,55,242,73,,List_of_AMD_graphics_processing_units,2026-07-20T05:59:33Z,2026-07-20T05:59:33Z,,25,2008,2026-07-20 05:59:33
1273,Radeon HD 4580,AMD,Radeon HD 4000 series,RV635 PRO,"November 20, 2011",PCIe 2.0 ×16,512,GDDR3,128,22.2,796,,693,120:8:4,,,65,55,378,135,,List_of_AMD_graphics_processing_units,2026-07-20T05:59:33Z,2026-07-20T05:59:33Z,,65,2011,2026-07-20 05:59:33
1274,Radeon HD 4650,AMD,Radeon HD 4000 series,RV730 PRO,"September 10, 2008",PCIe 2.0 ×16AGP 8×,2565121024,DDR2GDDR3GDDR4,64128,12.8 - 16.016.022.4,600650,,400 – 500500700,320:32:8,,,48,55,514,146,,List_of_AMD_graphics_processing_units,2026-07-20T05:59:33Z,2026-07-20T05:59:33Z,,48,2008,2026-07-20 05:59:33
1275,Radeon HD 4670,AMD,Radeon HD 4000 series,RV730 XT,"September 10, 2008",PCIe 2.0 ×16AGP 8×,5121024,DDR2GDDR3GDDR4,128,12.8 – 16.028.832.0,750,,400 – 5009001000,320:32:8,,,59,55,514,146,,List_of_AMD_graphics_processing_units,2026-07-20T05:59:33Z,2026-07-20T05:59:33Z,,59,2008,2026-07-20 05:59:33
1276,Radeon HD 4730,AMD,Radeon HD 4000 series,RV770 CE,"June 8, 2009",PCIe 2.0 ×16,512,GDDR5,128,57.6,700750,,900,640:32:8,,,110,55,956,256,,List_of_AMD_graphics_processing_units,2026-07-20T05:59:33Z,2026-07-20T05:59:33Z,,110,2009,2026-07-20 05:59:33
1277,Radeon HD 4750,AMD,Radeon HD 4000 series,RV740,"September 9, 2009",PCIe 2.0 ×16,512,GDDR5,128,51.2,730,,800,640:32:16,,,80,40,826,137,,List_of_AMD_graphics_processing_units,2026-07-20T05:59:33Z,2026-07-20T05:59:33Z,,80,2009,2026-07-20 05:59:33
1278,Radeon HD 4770,AMD,Radeon HD 4000 series,RV740,"April 28, 2009",PCIe 2.0 ×16,512,GDDR5,128,51.2,750,,800,640:32:16,,,80,40,826,137,,List_of_AMD_graphics_processing_units,2026-07-20T05:59:33Z,2026-07-20T05:59:33Z,,80,2009,2026-07-20 05:59:33
1279,Radeon HD 4810,AMD,Radeon HD 4000 series,RV770 CE,"May 28, 2009",PCIe 2.0 ×16,512,GDDR5,128,57.6,625750,,900,640:32:8,,,95,55,956,256,,List_of_AMD_graphics_processing_units,2026-07-20T05:59:33Z,2026-07-20T05:59:33Z,,95,2009,2026-07-20 05:59:33
1280,Radeon HD 4830,AMD,Radeon HD 4000 series,RV770 LE,"October 21, 2008",PCIe 2.0 ×16,5121024,GDDR3GDDR4,256,57.6,575,,900,640:32:16,,,95,55,956,256,,List_of_AMD_graphics_processing_units,2026-07-20T05:59:33Z,2026-07-20T05:59:33Z,,95,2008,2026-07-20 05:59:33
1281,Radeon HD 4850,AMD,Radeon HD 4000 series,RV770 PRO,"June 25, 2008",PCIe 2.0 ×16,51210242048,GDDR3GDDR4GDDR5,256,63.55,625,,993,800:40:16,,,110,55,956,256,,List_of_AMD_graphics_processing_units,2026-07-20T05:59:33Z,2026-07-20T05:59:33Z,,110,2008,2026-07-20 05:59:33
1285,Radeon HD 4850 X2,AMD,Radeon HD 4000 series,R700 (2xRV770 PRO),"November 7, 2008",PCIe 2.0 ×16,512×21024×2,GDDR3,256×2,63.7×2,625,,995,800:40:16×2,,,250,55,956×2,256×2,,List_of_AMD_graphics_processing_units,2026-07-20T05:59:33Z,2026-07-20T05:59:33Z,,250,2008,2026-07-20 05:59:33
1282,Radeon HD 4860,AMD,Radeon HD 4000 series,RV790 GT,"September 9, 2009",PCIe 2.0 ×16,5121024,GDDR5,256,96,700,,750,640:32:16,,,130,55,959,282,,List_of_AMD_graphics_processing_units,2026-07-20T05:59:33Z,2026-07-20T05:59:33Z,,130,2009,2026-07-20 05:59:33
1283,Radeon HD 4870,AMD,Radeon HD 4000 series,RV770 XT,"June 25, 2008",PCIe 2.0 ×16,51210242048,GDDR5,256,115.2,750,,900,800:40:16,,,150,55,956,256,,List_of_AMD_graphics_processing_units,2026-07-20T05:59:33Z,2026-07-20T05:59:33Z,,150,2008,2026-07-20 05:59:33
1286,Radeon HD 4870 X2,AMD,Radeon HD 4000 series,R700 (2xRV770 XT),"August 12, 2008",PCIe 2.0 ×16,1024×2,GDDR5,256×2,115.2×2,750,,900,800:40:16×2,,,286,55,956×2,256×2,,List_of_AMD_graphics_processing_units,2026-07-20T05:59:33Z,2026-07-20T05:59:33Z,,286,2008,2026-07-20 05:59:33
1284,Radeon HD 4890,AMD,Radeon HD 4000 series,RV790 XT,"April 2, 2009",PCIe 2.0 ×16,10242048,GDDR5,256,124.8,850,,975,800:40:16,,,190,55,959,282,,List_of_AMD_graphics_processing_units,2026-07-20T05:59:33Z,2026-07-20T05:59:33Z,,190,2009,2026-07-20 05:59:33
1292,Radeon HD 5450,AMD,Radeon HD 5000 series,Cedar,"Feb 4, 2010",PCIe 2.1 x16PCIPCIe 2.1 x1,51210242048,DDR2DDR3,64,6.412.8,650650650,,400800800,80:8:4,,,6.4,40,292,59,,List_of_AMD_graphics_processing_units,2026-07-20T05:59:33Z,2026-07-20T05:59:33Z,,6,2010,2026-07-20 05:59:33
1293,Radeon HD 5550,AMD,Radeon HD 5000 series,Redwood LE,"Feb 9, 2010",PCIe 2.1 x16,51210242048,DDR2GDDR3GDDR5,128,12.825.651.2,550550550,,400800800,320:16:8,,,10,40,627,104,,List_of_AMD_graphics_processing_units,2026-07-20T05:59:33Z,2026-07-20T05:59:33Z,,10,2010,2026-07-20 05:59:33
1294,Radeon HD 5570,AMD,Radeon HD 5000 series,Redwood PRO,"Feb 9, 2010",PCIe 2.1 x16,51210242048,DDR2GDDR3GDDR5,128,12.828.857.6,650650,,400900,400:20:8,,,10,40,627,104,,List_of_AMD_graphics_processing_units,2026-07-20T05:59:33Z,2026-07-20T05:59:33Z,,10,2010,2026-07-20 05:59:33
1295,Radeon HD 5610,AMD,Radeon HD 5000 series,Redwood PRO,"May 14, 2011",PCIe 2.1 x16,1024,GDDR3,128,16.0,650,,500,400:20:8,,,39,40,627,104,,List_of_AMD_graphics_processing_units,2026-07-20T05:59:33Z,2026-07-20T05:59:33Z,,39,2011,2026-07-20 05:59:33
1296,Radeon HD 5670,AMD,Radeon HD 5000 series,Redwood XT,"Jan 14, 2010",PCIe 2.1 x16,51210242048,GDDR3GDDR5,128,25.664.0,775775,,8001000,400:20:8,,,15,40,627,104,,List_of_AMD_graphics_processing_units,2026-07-20T05:59:33Z,2026-07-20T05:59:33Z,,15,2010,2026-07-20 05:59:33
1297,Radeon HD 5750,AMD,Radeon HD 5000 series,Juniper PRO,"Oct 13, 2009",PCIe 2.1 x16,5121024,GDDR5,128,73.6,700700,,11501150,720:36:16,,,16,40,1040,170,,List_of_AMD_graphics_processing_units,2026-07-20T05:59:33Z,2026-07-20T05:59:33Z,,16,2009,2026-07-20 05:59:33
1298,Radeon HD 5770,AMD,Radeon HD 5000 series,Juniper XT,"Oct 13, 2009",PCIe 2.1 x16,5121024,GDDR5,128,76.8,850850,,12001200,800:40:16,,,18,40,1040,170,,List_of_AMD_graphics_processing_units,2026-07-20T05:59:33Z,2026-07-20T05:59:33Z,,18,2009,2026-07-20 05:59:33
1299,Radeon HD 5830,AMD,Radeon HD 5000 series,Cypress LE,"Feb 25, 2010",PCIe 2.1 x16,1024,GDDR5,256,128.0,800,,1000,1120:56:16,,,25,40,2154,334,,List_of_AMD_graphics_processing_units,2026-07-20T05:59:33Z,2026-07-20T05:59:33Z,,25,2010,2026-07-20 05:59:33
1300,Radeon HD 5850,AMD,Radeon HD 5000 series,Cypress PRO,"Sep 30, 2009",PCIe 2.1 x16,10242048,GDDR5,256,128.0,725725,,10001000,1440:72:32,,,27,40,2154,334,,List_of_AMD_graphics_processing_units,2026-07-20T05:59:33Z,2026-07-20T05:59:33Z,,27,2009,2026-07-20 05:59:33
1301,Radeon HD 5870,AMD,Radeon HD 5000 series,Cypress XT,"Sep 23, 2009",PCIe 2.1 x16,10242048,GDDR5,256,153.6,850850,,12001200,1600:80:32,,,27,40,2154,334,,List_of_AMD_graphics_processing_units,2026-07-20T05:59:33Z,2026-07-20T05:59:33Z,,27,2009,2026-07-20 05:59:33
1302,Radeon HD 5870Eyefinity Edition,AMD,Radeon HD 5000 series,Cypress XT,"Mar 11, 2010",PCIe 2.1 x16,2048,GDDR5,256,153.6,850,,1200,1600:80:32,,,27,40,2154,334,,List_of_AMD_graphics_processing_units,2026-07-20T05:59:33Z,2026-07-20T05:59:33Z,,27,2010,2026-07-20 05:59:33
1303,Radeon HD 5970,AMD,Radeon HD 5000 series,Hemlock,"Nov 18, 2009",PCIe 2.1 x16,1024×22048×2,GDDR5,256×2,128×2,725725,,10001000,1600:80:32×2,,,51,40,2154×2,334×2,,List_of_AMD_graphics_processing_units,2026-07-20T05:59:33Z,2026-07-20T05:59:33Z,,51,2009,2026-07-20 05:59:33
1589,Radeon HD 6250,AMD,Radeon HD 6000M series,Wrestler,"November 9, 2010",,,DDR3-1066,64,8.525,280–400,,,,,,Unknown,40,,,,List_of_AMD_graphics_processing_units,2026-07-20T05:59:39Z,2026-07-20T05:59:39Z,,,2010,2026-07-20 05:59:39
1590,Radeon HD 6290,AMD,Radeon HD 6000M series,Ontario,"January 7, 2011",,,DDR3-1066,64,8.525,276–400,,,,,,Unknown,40,,,,List_of_AMD_graphics_processing_units,2026-07-20T05:59:39Z,2026-07-20T05:59:39Z,,,2011,2026-07-20 05:59:39
1591,Radeon HD 6310,AMD,Radeon HD 6000M series,Wrestler,"November 9, 2010",,,DDR3-1066,64,8.525,492,,,,,,Unknown,40,,,,List_of_AMD_graphics_processing_units,2026-07-20T05:59:39Z,2026-07-20T05:59:39Z,,,2010,2026-07-20 05:59:39
1592,Radeon HD 6320,AMD,Radeon HD 6000M series,Wrestler,"August 15, 2011",,,DDR3-1333,64,10.6,508–600,,,,,,Unknown,40,,,,List_of_AMD_graphics_processing_units,2026-07-20T05:59:39Z,2026-07-20T05:59:39Z,,,2011,2026-07-20 05:59:39
1567,Radeon HD 6330M(Robson LP),AMD,Radeon HD 6000M series,,November 2010,PCIe 2.1 x16,,DDR364-bit,,12.8,,,,,,,7,TeraScale 240 nm,,,,List_of_AMD_graphics_processing_units,2026-07-20T05:59:39Z,2026-07-20T05:59:39Z,,7,2010,2026-07-20 05:59:39
1304,Radeon HD 6350(Cedar),AMD,Radeon HD 6000 series,,,PCIe 2.1 ×16,512,DDR364-bit,,12.8,,,,,,,6.4,TeraScale 240 nm,292×10659 mm2,,,List_of_AMD_graphics_processing_units,2026-07-20T05:59:33Z,2026-07-20T05:59:33Z,,6,,2026-07-20 05:59:33
1568,Radeon HD 6350M(Robson Pro),AMD,Radeon HD 6000M series,,November 2010,PCIe 2.1 x16,,DDR364-bit,,12.814.4,,,,,,,7,TeraScale 240 nm,,,,List_of_AMD_graphics_processing_units,2026-07-20T05:59:39Z,2026-07-20T05:59:39Z,,7,2010,2026-07-20 05:59:39
1319,Radeon HD 6370D,AMD,Radeon HD 6000 series,WinterPark,"November 1, 2011",,,DDR3-1600,128,25.6,443,,,,,,Unknown,32,,,,List_of_AMD_graphics_processing_units,2026-07-20T05:59:34Z,2026-07-20T05:59:34Z,,,2011,2026-07-20 05:59:34
1569,Radeon HD 6370M(Robson XT),AMD,Radeon HD 6000M series,,November 2010,PCIe 2.1 x16,,DDR364-bit,,14.4,,,,,,,11,TeraScale 240 nm,,,,List_of_AMD_graphics_processing_units,2026-07-20T05:59:39Z,2026-07-20T05:59:39Z,,11,2010,2026-07-20 05:59:39
1593,Radeon HD 6380G,AMD,Radeon HD 6000M series,WinterPark,"June 14, 2011",,,DDR3-1333,128,17.06,400,,,160:8:4:2,,,35,32,,,,List_of_AMD_graphics_processing_units,2026-07-20T05:59:39Z,2026-07-20T05:59:39Z,,35,2011,2026-07-20 05:59:39
1320,Radeon HD 6410D,AMD,Radeon HD 6000 series,WinterPark,"June 20, 2011",,,DDR3-1600,128,25.6,443–600,,,,,,Unknown,32,,,,List_of_AMD_graphics_processing_units,2026-07-20T05:59:34Z,2026-07-20T05:59:34Z,,,2011,2026-07-20 05:59:34
1570,Radeon HD 6430M(Seymour LP),AMD,Radeon HD 6000M series,,January 2011,PCIe 2.1 x16,,DDR364-bit,,12.8,,,,,,,Unknown,TeraScale 240 nm,,,,List_of_AMD_graphics_processing_units,2026-07-20T05:59:39Z,2026-07-20T05:59:39Z,,,2011,2026-07-20 05:59:39
1305,Radeon HD 6450(Caicos),AMD,Radeon HD 6000 series,,,PCIe 2.1 ×16,51210242048,DDR364-bit,,12.814.4,,,,,,,9,TeraScale 240 nm,370×10667 mm2,,,List_of_AMD_graphics_processing_units,2026-07-20T05:59:33Z,2026-07-20T05:59:33Z,,9,,2026-07-20 05:59:33
1571,Radeon HD 6450M(Seymour Pro),AMD,Radeon HD 6000M series,,January 2011,PCIe 2.1 x16,,DDR364-bit,,12.8,,,,,,,Unknown,TeraScale 240 nm,,,,List_of_AMD_graphics_processing_units,2026-07-20T05:59:39Z,2026-07-20T05:59:39Z,,,2011,2026-07-20 05:59:39
1572,Radeon HD 6470M(Seymour XT),AMD,Radeon HD 6000M series,,January 2011,PCIe 2.1 x16,,DDR364-bit,,12.8,,,,,,,Unknown,TeraScale 240 nm,,,,List_of_AMD_graphics_processing_units,2026-07-20T05:59:39Z,2026-07-20T05:59:39Z,,,2011,2026-07-20 05:59:39
1594,Radeon HD 6480G,AMD,Radeon HD 6000M series,BeaverCreek,"June 14, 2011",,,DDR3-1333,128,17.06,444,,,240:12:4:3,,,35 - 45,32,,,,List_of_AMD_graphics_processing_units,2026-07-20T05:59:39Z,2026-07-20T05:59:39Z,,35,2011,2026-07-20 05:59:39
1573,Radeon HD 6490M(Seymour XT),AMD,Radeon HD 6000M series,,January 2011,PCIe 2.1 x16,,GDDR564-bit,,25.6,,,,,,,Unknown,TeraScale 240 nm,,,,List_of_AMD_graphics_processing_units,2026-07-20T05:59:39Z,2026-07-20T05:59:39Z,,,2011,2026-07-20 05:59:39
1595,Radeon HD 6520G,AMD,Radeon HD 6000M series,BeaverCreek,"June 14, 2011",,,DDR3-1333,128,17.06,400,,,320:16:8:4,,,35 - 45,32,,,,List_of_AMD_graphics_processing_units,2026-07-20T05:59:39Z,2026-07-20T05:59:39Z,,35,2011,2026-07-20 05:59:39
1321,Radeon HD 6530D,AMD,Radeon HD 6000 series,BeaverCreek,"June 20, 2011",,,DDR3-1866,128,29.9,443,,,,,,Unknown,32,,,,List_of_AMD_graphics_processing_units,2026-07-20T05:59:34Z,2026-07-20T05:59:34Z,,,2011,2026-07-20 05:59:34
1574,Radeon HD 6530M(Capilano Pro),AMD,Radeon HD 6000M series,,November 2010,PCIe 2.1 x16,,DDR3128-bit,,28.8,,,,,,,26,TeraScale 240 nm,,,,List_of_AMD_graphics_processing_units,2026-07-20T05:59:39Z,2026-07-20T05:59:39Z,,26,2010,2026-07-20 05:59:39
1322,Radeon HD 6550D,AMD,Radeon HD 6000 series,BeaverCreek,"June 20, 2011",,,DDR3-1866,128,29.9,600,,,,,,Unknown,32,,,,List_of_AMD_graphics_processing_units,2026-07-20T05:59:34Z,2026-07-20T05:59:34Z,,,2011,2026-07-20 05:59:34
1575,Radeon HD 6550M(Capilano Pro),AMD,Radeon HD 6000M series,,November 2010,PCIe 2.1 x16,,DDR3128-bit,,28.8,,,,,,,26,TeraScale 240 nm,,,,List_of_AMD_graphics_processing_units,2026-07-20T05:59:39Z,2026-07-20T05:59:39Z,,26,2010,2026-07-20 05:59:39
1307,Radeon HD 6570(Turks Pro),AMD,Radeon HD 6000 series,,,PCIe 2.1 ×16,20484096,DDR3GDDR5128-bit,,21.364,,,,,,,11,TeraScale 240 nm,716×106118 mm2,,,List_of_AMD_graphics_processing_units,2026-07-20T05:59:33Z,2026-07-20T05:59:33Z,,11,,2026-07-20 05:59:33
1576,Radeon HD 6570M(Capilano XT),AMD,Radeon HD 6000M series,,November 2010,PCIe 2.1 x16,,DDR364-bitGDDR5128-bit,,28.857.6,,,,,,,30,TeraScale 240 nm,,,,List_of_AMD_graphics_processing_units,2026-07-20T05:59:39Z,2026-07-20T05:59:39Z,,30,2010,2026-07-20 05:59:39
1596,Radeon HD 6620G,AMD,Radeon HD 6000M series,BeaverCreek,"June 14, 2011",,,DDR3-1600,128,25.6,444,,,400:20:8:5,,,35 - 45,32,,,,List_of_AMD_graphics_processing_units,2026-07-20T05:59:39Z,2026-07-20T05:59:39Z,,35,2011,2026-07-20 05:59:39
1577,Radeon HD 6630M(Whistler LP),AMD,Radeon HD 6000M series,,January 2011,PCIe 2.1 x16,,GDDR5128-bit (Mac) DDR3128-bit,,51.2 (Mac) 25.6,,,,,,,Unknown,TeraScale 240 nm,,,,List_of_AMD_graphics_processing_units,2026-07-20T05:59:39Z,2026-07-20T05:59:39Z,,,2011,2026-07-20 05:59:39
1578,Radeon HD 6650M(Whistler Pro),AMD,Radeon HD 6000M series,,January 2011,PCIe 2.1 x16,,DDR3128-bit,,28.8,,,,,,,Unknown,TeraScale 240 nm,,,,List_of_AMD_graphics_processing_units,2026-07-20T05:59:39Z,2026-07-20T05:59:39Z,,,2011,2026-07-20 05:59:39
1309,Radeon HD 6670(Turks XT),AMD,Radeon HD 6000 series,,,PCIe 2.1 ×16,51210242048,DDR3GDDR5128-bit,,25.664,,,,,,,12,TeraScale 240 nm,716×106118 mm2,,,List_of_AMD_graphics_processing_units,2026-07-20T05:59:34Z,2026-07-20T05:59:34Z,,12,,2026-07-20 05:59:34
1579,Radeon HD 6730M(Whistler XT),AMD,Radeon HD 6000M series,,January 2011,PCIe 2.1 x16,,DDR3128-bit,,25.6,,,,,,,Unknown,TeraScale 240 nm,,,,List_of_AMD_graphics_processing_units,2026-07-20T05:59:39Z,2026-07-20T05:59:39Z,,,2011,2026-07-20 05:59:39
1310,Radeon HD 6750(Juniper Pro),AMD,Radeon HD 6000 series,,,PCIe 2.1 ×16,5121024,GDDR5128-bit,,73.6,,,,,,,16,TeraScale 240 nm,1040×106166 mm2,,,List_of_AMD_graphics_processing_units,2026-07-20T05:59:34Z,2026-07-20T05:59:34Z,,16,,2026-07-20 05:59:34
1580,Radeon HD 6750M(Whistler Pro),AMD,Radeon HD 6000M series,,January 2011,PCIe 2.1 x16,,GDDR5128-bit,,51.2 57.6,,,,,,,Unknown,TeraScale 240 nm,,,,List_of_AMD_graphics_processing_units,2026-07-20T05:59:39Z,2026-07-20T05:59:39Z,,,2011,2026-07-20 05:59:39
1311,Radeon HD 6770(Juniper XT),AMD,Radeon HD 6000 series,,,PCIe 2.1 ×16,5121024,GDDR5128-bit,,76.867.2,,,,,,,18,TeraScale 240 nm,1040×106166 mm2,,,List_of_AMD_graphics_processing_units,2026-07-20T05:59:34Z,2026-07-20T05:59:34Z,,18,,2026-07-20 05:59:34
1581,Radeon HD 6770M(Whistler XT),AMD,Radeon HD 6000M series,,January 2011,PCIe 2.1 x16,,GDDR5128-bit,,57.6,,,,,,,Unknown,TeraScale 240 nm,,,,List_of_AMD_graphics_processing_units,2026-07-20T05:59:39Z,2026-07-20T05:59:39Z,,,2011,2026-07-20 05:59:39
1312,Radeon HD 6790(Barts LE),AMD,Radeon HD 6000 series,,,PCIe 2.1 ×16,1024,GDDR5256-bit,,134.4,,,,,,,19,TeraScale 240 nm,1700×106255 mm2,,,List_of_AMD_graphics_processing_units,2026-07-20T05:59:34Z,2026-07-20T05:59:34Z,,19,,2026-07-20 05:59:34
1582,Radeon HD 6830M(Granville Pro),AMD,Radeon HD 6000M series,,January 2011,PCIe 2.1 x16,,DDR3128-bit,,25.6,,,,,,,39,TeraScale 240 nm,,,,List_of_AMD_graphics_processing_units,2026-07-20T05:59:39Z,2026-07-20T05:59:39Z,,39,2011,2026-07-20 05:59:39
1313,Radeon HD 6850(Barts Pro),AMD,Radeon HD 6000 series,,,PCIe 2.1 ×16,1024,GDDR5256-bit,,128,,,,,,,19,TeraScale 240 nm,1700×106255 mm2,,,List_of_AMD_graphics_processing_units,2026-07-20T05:59:34Z,2026-07-20T05:59:34Z,,19,,2026-07-20 05:59:34
1584,Radeon HD 6850M(Granville Pro),AMD,Radeon HD 6000M series,,January 2011,PCIe 2.1 x16,,GDDR5128-bit,,57.6,,,,,,,39,TeraScale 240 nm,,,,List_of_AMD_graphics_processing_units,2026-07-20T05:59:39Z,2026-07-20T05:59:39Z,,39,2011,2026-07-20 05:59:39
1583,Radeon HD 6850M(Granville XT),AMD,Radeon HD 6000M series,,January 2011,PCIe 2.1 x16,,DDR3128-bit,,25.6,,,,,,,50,TeraScale 240 nm,,,,List_of_AMD_graphics_processing_units,2026-07-20T05:59:39Z,2026-07-20T05:59:39Z,,50,2011,2026-07-20 05:59:39
1314,Radeon HD 6870(Barts XT),AMD,Radeon HD 6000 series,,,PCIe 2.1 ×16,10242048,GDDR5256-bit,,134.4,,,,,,,19,TeraScale 240 nm,1700×106255 mm2,,,List_of_AMD_graphics_processing_units,2026-07-20T05:59:34Z,2026-07-20T05:59:34Z,,19,,2026-07-20 05:59:34
1585,Radeon HD 6870M(Granville XT),AMD,Radeon HD 6000M series,,January 2011,PCIe 2.1 x16,,GDDR5128-bit,,64,,,,,,,50,TeraScale 240 nm,,,,List_of_AMD_graphics_processing_units,2026-07-20T05:59:39Z,2026-07-20T05:59:39Z,,50,2011,2026-07-20 05:59:39
1315,Radeon HD 6930(Cayman CE),AMD,Radeon HD 6000 series,,,PCIe 2.1 ×16,10242048,GDDR5256-bit,,153.6,,,,,,,18,TeraScale 340 nm,2640×106389 mm2,,,List_of_AMD_graphics_processing_units,2026-07-20T05:59:34Z,2026-07-20T05:59:34Z,,18,,2026-07-20 05:59:34
1316,Radeon HD 6950(Cayman Pro),AMD,Radeon HD 6000 series,,,PCIe 2.1 ×16,10242048,GDDR5256-bit,,160,,,,,,,20,TeraScale 340 nm,2640×106389 mm2,,,List_of_AMD_graphics_processing_units,2026-07-20T05:59:34Z,2026-07-20T05:59:34Z,,20,,2026-07-20 05:59:34
1586,Radeon HD 6950M(Blackcomb Pro),AMD,Radeon HD 6000M series,,January 2011,PCIe 2.1 x16,,GDDR5256-bit,,115.2,,,,,,,50,TeraScale 240 nm,,,,List_of_AMD_graphics_processing_units,2026-07-20T05:59:39Z,2026-07-20T05:59:39Z,,50,2011,2026-07-20 05:59:39
1317,Radeon HD 6970(Cayman XT),AMD,Radeon HD 6000 series,,,PCIe 2.1 ×16,2048,GDDR5256-bit,,176,,,,,,,20,TeraScale 340 nm,2640×106389 mm2,,,List_of_AMD_graphics_processing_units,2026-07-20T05:59:34Z,2026-07-20T05:59:34Z,,20,,2026-07-20 05:59:34
1587,Radeon HD 6970M(Blackcomb XT),AMD,Radeon HD 6000M series,,January 2011,PCIe 2.1 x16,,GDDR5256-bit,,115.2,,,,,,,75,TeraScale 240 nm,,,,List_of_AMD_graphics_processing_units,2026-07-20T05:59:39Z,2026-07-20T05:59:39Z,,75,2011,2026-07-20 05:59:39
1318,Radeon HD 6990(Antilles XT),AMD,Radeon HD 6000 series,,,PCIe 2.1 ×16,5099,1276.88,,GDDR5256-bit,,,,,,,1250,TeraScale 340 nm,2× 2640×106389 mm2,,,List_of_AMD_graphics_processing_units,2026-07-20T05:59:34Z,2026-07-20T05:59:34Z,,1250,,2026-07-20 05:59:34
1588,Radeon HD 6990M(Blackcomb XTX),AMD,Radeon HD 6000M series,,July 2011,PCIe 2.1 x16,,GDDR5256-bit,,115.2,,,,,,,75,TeraScale 240 nm,,,,List_of_AMD_graphics_processing_units,2026-07-20T05:59:39Z,2026-07-20T05:59:39Z,,75,2011,2026-07-20 05:59:39
1343,Radeon HD 7310,AMD,Radeon HD 7000 series,Ontario,"June 6, 2012",,,DDR3-1066,64,8.53,500,,,,,,18,40,,,,List_of_AMD_graphics_processing_units,2026-07-20T05:59:34Z,2026-07-20T05:59:34Z,,18,2012,2026-07-20 05:59:34
1344,Radeon HD 7340,AMD,Radeon HD 7000 series,Ontario,"June 6, 2012",,,DDR3-1333,64,10.66,523,,,,,,18,40,,,,List_of_AMD_graphics_processing_units,2026-07-20T05:59:34Z,2026-07-20T05:59:34Z,,18,2012,2026-07-20 05:59:34
1323,Radeon HD 7350(Cedar),AMD,Radeon HD 7000 series,,January 2012,PCIe 2.1 ×16,,DDR2DDR364-bit,,6.412.814.4,,,,,,,6.4,TeraScale 240 nm,292×10659 mm2,,,List_of_AMD_graphics_processing_units,2026-07-20T05:59:34Z,2026-07-20T05:59:34Z,,6,2012,2026-07-20 05:59:34
1618,Radeon HD 7400G(Scrapper),AMD,Radeon HD 7000M series,,September 2012,,,DDR3128-bit,,21.33–34.13,327,424,,192:12:4,,,,TeraScale 3(32 nm),,,,List_of_AMD_graphics_processing_units,2026-07-20T05:59:40Z,2026-07-20T05:59:40Z,,,2012,2026-07-20 05:59:40
1619,Radeon HD 7420G(Scrapper),AMD,Radeon HD 7000M series,,June 2012,,,DDR3128-bit,,21.33–34.13,480,655,,128:8:4,,,,TeraScale 3(32 nm),,,,List_of_AMD_graphics_processing_units,2026-07-20T05:59:40Z,2026-07-20T05:59:40Z,,,2012,2026-07-20 05:59:40
1597,Radeon HD 7430M(Seymour Pro),AMD,Radeon HD 7000M series,,January 2012,PCIe 2.1 ×16,,DDR364-bit,,14.4,,,900,,,,7,TeraScale 2(40 nm),,,,List_of_AMD_graphics_processing_units,2026-07-20T05:59:39Z,2026-07-20T05:59:39Z,,7,2012,2026-07-20 05:59:39
1324,Radeon HD 7450(Caicos),AMD,Radeon HD 7000 series,,January 2012,PCIe 2.1 ×16,,DDR364-bit,,8.512.8,,,,,,,9,TeraScale 240 nm,370×10667 mm2,,,List_of_AMD_graphics_processing_units,2026-07-20T05:59:34Z,2026-07-20T05:59:34Z,,9,2012,2026-07-20 05:59:34
1598,Radeon HD 7450M(Seymour Pro),AMD,Radeon HD 7000M series,,January 2012,PCIe 2.1 ×16,,DDR3GDDR564-bit,,14.425.6,,,900800,,,,7,TeraScale 2(40 nm),,,,List_of_AMD_graphics_processing_units,2026-07-20T05:59:39Z,2026-07-20T05:59:39Z,,7,2012,2026-07-20 05:59:39
1325,Radeon HD 7470(Caicos),AMD,Radeon HD 7000 series,,January 2012,PCIe 2.1 ×16,,DDR3GDDR564-bit,,12.828.8,,,,,,,9,TeraScale 240 nm,370×10667 mm2,,,List_of_AMD_graphics_processing_units,2026-07-20T05:59:34Z,2026-07-20T05:59:34Z,,9,2012,2026-07-20 05:59:34
1599,Radeon HD 7470M(Seymour XT),AMD,Radeon HD 7000M series,,January 2012,PCIe 2.1 ×16,,DDR3GDDR564-bit,,14.425.6,,,900800,,,,7~9,TeraScale 2(40 nm),,,,List_of_AMD_graphics_processing_units,2026-07-20T05:59:39Z,2026-07-20T05:59:39Z,,7,2012,2026-07-20 05:59:39
1345,Radeon HD 7480D,AMD,Radeon HD 7000 series,Scrapper,"June 1, 2012",,,DDR3-1600,128,25.6,723,,,,,,65,32,,,,List_of_AMD_graphics_processing_units,2026-07-20T05:59:34Z,2026-07-20T05:59:34Z,,65,2012,2026-07-20 05:59:34
1600,Radeon HD 7490M(Seymour XTX),AMD,Radeon HD 7000M series,,January 2012,PCIe 2.1 ×16,,GDDR564-bit,,30.4,,,950,,,,9,TeraScale 2(40 nm),,,,List_of_AMD_graphics_processing_units,2026-07-20T05:59:39Z,2026-07-20T05:59:39Z,,9,2012,2026-07-20 05:59:39
1620,Radeon HD 7500G(Scrapper),AMD,Radeon HD 7000M series,,May 2012,,,DDR3128-bit,,21.33–34.13,327,424,,256:16:8,,,,TeraScale 3(32 nm),,,,List_of_AMD_graphics_processing_units,2026-07-20T05:59:40Z,2026-07-20T05:59:40Z,,,2012,2026-07-20 05:59:40
1326,Radeon HD 7510(Turks LE),AMD,Radeon HD 7000 series,,February 2013,PCIe 2.1 ×16,,DDR3128-bit,,21.3,,,,,,,Unknown,TeraScale 240 nm,716×106118 mm2,,,List_of_AMD_graphics_processing_units,2026-07-20T05:59:34Z,2026-07-20T05:59:34Z,,,2013,2026-07-20 05:59:34
1601,Radeon HD 7510M(Thames LE),AMD,Radeon HD 7000M series,,January 2012,PCIe 2.1 ×16,,DDR364-bit,,12.8,,,800,,,,11,TeraScale 2(40 nm),,,,List_of_AMD_graphics_processing_units,2026-07-20T05:59:39Z,2026-07-20T05:59:39Z,,11,2012,2026-07-20 05:59:39
1621,Radeon HD 7520G(Scrapper),AMD,Radeon HD 7000M series,,June 2012,,,DDR3128-bit,,21.33–34.13,496,685,,192:12:4,,,,TeraScale 3(32 nm),,,,List_of_AMD_graphics_processing_units,2026-07-20T05:59:40Z,2026-07-20T05:59:40Z,,,2012,2026-07-20 05:59:40
1602,Radeon HD 7530M(Thames LP),AMD,Radeon HD 7000M series,,January 2012,PCIe 2.1 ×16,,DDR364-bit,,14.4,,,900,,,,11,TeraScale 2(40 nm),,,,List_of_AMD_graphics_processing_units,2026-07-20T05:59:39Z,2026-07-20T05:59:39Z,,11,2012,2026-07-20 05:59:39
1346,Radeon HD 7540D,AMD,Radeon HD 7000 series,Scrapper,"June 1, 2012",,,DDR3-1866,128,29.9,760,,,,,,65,32,,,,List_of_AMD_graphics_processing_units,2026-07-20T05:59:34Z,2026-07-20T05:59:34Z,,65,2012,2026-07-20 05:59:34
1603,Radeon HD 7550M(Thames Pro),AMD,Radeon HD 7000M series,,January 2012,PCIe 2.1 ×16,,DDR3GDDR564-bit,,14.425.6,,,900800,,,,13,TeraScale 2(40 nm),,,,List_of_AMD_graphics_processing_units,2026-07-20T05:59:39Z,2026-07-20T05:59:39Z,,13,2012,2026-07-20 05:59:39
1347,Radeon HD 7560D,AMD,Radeon HD 7000 series,Devastator,"June 1, 2012",,,DDR3-1866,128,29.9,760,,,,,,65–100,32,,,,List_of_AMD_graphics_processing_units,2026-07-20T05:59:34Z,2026-07-20T05:59:34Z,,65,2012,2026-07-20 05:59:34
1327,Radeon HD 7570(Turks Pro-L),AMD,Radeon HD 7000 series,,January 2012,PCIe 2.1 ×16,,DDR3GDDR5128-bit,,28.864,,,,,,,1011,TeraScale 240 nm,716×106118 mm2,,,List_of_AMD_graphics_processing_units,2026-07-20T05:59:34Z,2026-07-20T05:59:34Z,,1011,2012,2026-07-20 05:59:34
1604,Radeon HD 7570M(Thames Pro),AMD,Radeon HD 7000M series,,January 2012,PCIe 2.1 ×16,,DDR3GDDR564-bit,,14.425.6,,,900800,,,,13~15,TeraScale 2(40 nm),,,,List_of_AMD_graphics_processing_units,2026-07-20T05:59:39Z,2026-07-20T05:59:39Z,,13,2012,2026-07-20 05:59:39
1605,Radeon HD 7590M(Thames XT),AMD,Radeon HD 7000M series,,January 2012,PCIe 2.1 ×16,,GDDR564-bit,,25.6,,,800,,,,18,TeraScale 2(40 nm),,,,List_of_AMD_graphics_processing_units,2026-07-20T05:59:39Z,2026-07-20T05:59:39Z,,18,2012,2026-07-20 05:59:39
1622,Radeon HD 7600G(Devastator),AMD,Radeon HD 7000M series,,September 2012,,,DDR3128-bit,,21.33–34.13,320,424,,384:24:8,,,,TeraScale 3(32 nm),,,,List_of_AMD_graphics_processing_units,2026-07-20T05:59:40Z,2026-07-20T05:59:40Z,,,2012,2026-07-20 05:59:40
1606,Radeon HD 7610M(Thames LE),AMD,Radeon HD 7000M series,,January 2012,PCIe 2.1 ×16,,DDR3128-bit,,25.6,,,800,,,,20,TeraScale 2(40 nm),,,,List_of_AMD_graphics_processing_units,2026-07-20T05:59:39Z,2026-07-20T05:59:39Z,,20,2012,2026-07-20 05:59:39
1623,Radeon HD 7620G(Devastator),AMD,Radeon HD 7000M series,,May 2012,,,DDR3128-bit,,21.33–34.13,360,497,,384:24:8,,,,TeraScale 3(32 nm),,,,List_of_AMD_graphics_processing_units,2026-07-20T05:59:40Z,2026-07-20T05:59:40Z,,,2012,2026-07-20 05:59:40
1607,Radeon HD 7630M(Thames LP),AMD,Radeon HD 7000M series,,January 2012,PCIe 2.1 ×16,,DDR3128-bit,,25.6,,,800,,,,20~25,TeraScale 2(40 nm),,,,List_of_AMD_graphics_processing_units,2026-07-20T05:59:39Z,2026-07-20T05:59:39Z,,20,2012,2026-07-20 05:59:39
1624,Radeon HD 7640G(Devastator),AMD,Radeon HD 7000M series,,May 2012,,,DDR3128-bit,,21.33–34.13,496,685,,256:16:8,,,,TeraScale 3(32 nm),,,,List_of_AMD_graphics_processing_units,2026-07-20T05:59:40Z,2026-07-20T05:59:40Z,,,2012,2026-07-20 05:59:40
1608,Radeon HD 7650M(Thames Pro),AMD,Radeon HD 7000M series,,January 2012,PCIe 2.1 ×16,,DDR3128-bit,,25.6,,,800800,,,,20~25,TeraScale 2(40 nm),,,,List_of_AMD_graphics_processing_units,2026-07-20T05:59:39Z,2026-07-20T05:59:39Z,,20,2012,2026-07-20 05:59:39
1348,Radeon HD 7660D,AMD,Radeon HD 7000 series,Devastator,"June 1, 2012",,,DDR3-1866,128,29.9,760,,,,,,65–100,32,,,,List_of_AMD_graphics_processing_units,2026-07-20T05:59:34Z,2026-07-20T05:59:34Z,,65,2012,2026-07-20 05:59:34
1625,Radeon HD 7660G(Devastator),AMD,Radeon HD 7000M series,,May 2012,,,DDR3128-bit,,21.33–34.13,496,685,,384:24:8,,,,TeraScale 3(32 nm),,,,List_of_AMD_graphics_processing_units,2026-07-20T05:59:40Z,2026-07-20T05:59:40Z,,,2012,2026-07-20 05:59:40
1328,Radeon HD 7670(Turks XT),AMD,Radeon HD 7000 series,,January 2012,PCIe 2.1 ×16,,GDDR5128-bit,,64,,,,,,,12,TeraScale 240 nm,716×106118 mm2,,,List_of_AMD_graphics_processing_units,2026-07-20T05:59:34Z,2026-07-20T05:59:34Z,,12,2012,2026-07-20 05:59:34
1609,Radeon HD 7670M(Thames Pro),AMD,Radeon HD 7000M series,,January 2012,PCIe 2.1 ×16,,DDR3GDDR5128-bit,,28.857.6,,,900,,,,20~25,TeraScale 2(40 nm),,,,List_of_AMD_graphics_processing_units,2026-07-20T05:59:40Z,2026-07-20T05:59:40Z,,20,2012,2026-07-20 05:59:40
1611,Radeon HD 7690M XT(Thames XTX),AMD,Radeon HD 7000M series,,January 2012,PCIe 2.1 ×16,,GDDR5128-bit,,57.6,,,900,,,,25,TeraScale 2(40 nm),,,,List_of_AMD_graphics_processing_units,2026-07-20T05:59:40Z,2026-07-20T05:59:40Z,,25,2012,2026-07-20 05:59:40
1610,Radeon HD 7690M(Thames XT),AMD,Radeon HD 7000M series,,January 2012,PCIe 2.1 ×16,,DDR3GDDR5128-bit,,28.857.6,,,900900,,,,20~25,TeraScale 2(40 nm),,,,List_of_AMD_graphics_processing_units,2026-07-20T05:59:40Z,2026-07-20T05:59:40Z,,20,2012,2026-07-20 05:59:40
1329,Radeon HD 7730(Cape Verde LE),AMD,Radeon HD 7000 series,,April 2013,PCIe 3.0 ×16,,DDR3GDDR5128-bit,,25.672,,,,,,,10,GCN 1st gen28 nm,1500×106123 mm2,,,List_of_AMD_graphics_processing_units,2026-07-20T05:59:34Z,2026-07-20T05:59:34Z,,10,2013,2026-07-20 05:59:34
1612,Radeon HD 7730M(Chelsea LP),AMD,Radeon HD 7000M series,,April 2012,PCIe 2.1 ×16,,GDDR3128-bit,,28.8,,,900900,,,,25~28,GCN 1st gen(28 nm),,,,List_of_AMD_graphics_processing_units,2026-07-20T05:59:40Z,2026-07-20T05:59:40Z,,25,2012,2026-07-20 05:59:40
1330,Radeon HD 7750(Cape Verde Pro),AMD,Radeon HD 7000 series,,February 2012,PCIe 3.0 ×16,,DDR3GDDR5128-bit,,25.672,,,,,,,10,GCN 1st gen28 nm,1500×106123 mm2,,,List_of_AMD_graphics_processing_units,2026-07-20T05:59:34Z,2026-07-20T05:59:34Z,,10,2012,2026-07-20 05:59:34
1613,Radeon HD 7750M(Chelsea Pro),AMD,Radeon HD 7000M series,,April 2012,PCIe 2.1 ×16,,GDDR5128-bit,,64,,,1000,,,,28,GCN 1st gen(28 nm),,,,List_of_AMD_graphics_processing_units,2026-07-20T05:59:40Z,2026-07-20T05:59:40Z,,28,2012,2026-07-20 05:59:40
1331,Radeon HD 7770GHz Edition(Cape Verde XT),AMD,Radeon HD 7000 series,,February 2012,PCIe 3.0 ×16,,GDDR5128-bit,,72,,,,,,,10,GCN 1st gen28 nm,1500×106123 mm2,,,List_of_AMD_graphics_processing_units,2026-07-20T05:59:34Z,2026-07-20T05:59:34Z,,10,2012,2026-07-20 05:59:34
1614,Radeon HD 7770M(Chelsea XT),AMD,Radeon HD 7000M series,,April 2012,PCIe 2.1 ×16,,GDDR5128-bit,,64,,,1000,,,,32,GCN 1st gen(28 nm),,,,List_of_AMD_graphics_processing_units,2026-07-20T05:59:40Z,2026-07-20T05:59:40Z,,32,2012,2026-07-20 05:59:40
1332,Radeon HD 7790(Bonaire XT),AMD,Radeon HD 7000 series,,March 2013,PCIe 3.0 ×16,,GDDR5128-bit,,96,,,,,,,10,GCN 2nd gen28 nm,2080×106160 mm2,,,List_of_AMD_graphics_processing_units,2026-07-20T05:59:34Z,2026-07-20T05:59:34Z,,10,2013,2026-07-20 05:59:34
1333,Radeon HD 7850(Pitcairn Pro),AMD,Radeon HD 7000 series,,March 2012,PCIe 3.0 ×16,,GDDR5256-bit,,153.6,,,,,,,10,GCN 1st gen28 nm,2800×106212 mm2,,,List_of_AMD_graphics_processing_units,2026-07-20T05:59:34Z,2026-07-20T05:59:34Z,,10,2012,2026-07-20 05:59:34
1615,Radeon HD 7850M(Heathrow Pro),AMD,Radeon HD 7000M series,,April 2012,PCIe 3.0 ×16,,GDDR5128-bit,,64,,,1000,,,,40,GCN 1st gen(28 nm),,,,List_of_AMD_graphics_processing_units,2026-07-20T05:59:40Z,2026-07-20T05:59:40Z,,40,2012,2026-07-20 05:59:40
1335,Radeon HD 7870 XT(Tahiti LE),AMD,Radeon HD 7000 series,,November 2012,PCIe 3.0 ×16,,GDDR5256-bit,,192.0,,,,,,,15,GCN 1st gen28 nm,4313×106352 mm2,,,List_of_AMD_graphics_processing_units,2026-07-20T05:59:34Z,2026-07-20T05:59:34Z,,15,2012,2026-07-20 05:59:34
1334,Radeon HD 7870GHz Edition(Pitcairn XT),AMD,Radeon HD 7000 series,,March 2012,PCIe 3.0 ×16,,GDDR5256-bit,,153.6,,,,,,,10,GCN 1st gen28 nm,2800×106212 mm2,,,List_of_AMD_graphics_processing_units,2026-07-20T05:59:34Z,2026-07-20T05:59:34Z,,10,2012,2026-07-20 05:59:34
1616,Radeon HD 7870M(Heathrow XT),AMD,Radeon HD 7000M series,,April 2012,PCIe 3.0 ×16,,GDDR5128-bit,,64,,,1000,,,,40–45,GCN 1st gen(28 nm),,,,List_of_AMD_graphics_processing_units,2026-07-20T05:59:40Z,2026-07-20T05:59:40Z,,40,2012,2026-07-20 05:59:40
1337,Radeon HD 7950 Boost(Tahiti Pro2),AMD,Radeon HD 7000 series,,August 2012,PCIe 3.0 ×16,,GDDR5384-bit,,240,,,,,,,15,GCN 1st gen28 nm,4313×106352 mm2,,,List_of_AMD_graphics_processing_units,2026-07-20T05:59:34Z,2026-07-20T05:59:34Z,,15,2012,2026-07-20 05:59:34
1336,Radeon HD 7950(Tahiti Pro),AMD,Radeon HD 7000 series,,January 2012,PCIe 3.0 ×16,,GDDR5384-bit,,240,,,,,,,15,GCN 1st gen28 nm,4313×106352 mm2,,,List_of_AMD_graphics_processing_units,2026-07-20T05:59:34Z,2026-07-20T05:59:34Z,,15,2012,2026-07-20 05:59:34
1338,Radeon HD 7970(Tahiti XT),AMD,Radeon HD 7000 series,,December 2011,PCIe 3.0 ×16,,GDDR5384-bit,,264,,,,,,,15,GCN 1st gen28 nm,4313×106352 mm2,,,List_of_AMD_graphics_processing_units,2026-07-20T05:59:34Z,2026-07-20T05:59:34Z,,15,2011,2026-07-20 05:59:34
1339,Radeon HD 7970GHz Edition(Tahiti XT2),AMD,Radeon HD 7000 series,,June 2012,PCIe 3.0 ×16,,GDDR5384-bit,,288,,,,,,,15,GCN 1st gen28 nm,4313×106352 mm2,,,List_of_AMD_graphics_processing_units,2026-07-20T05:59:34Z,2026-07-20T05:59:34Z,,15,2012,2026-07-20 05:59:34
1617,Radeon HD 7970M(Wimbledon XT),AMD,Radeon HD 7000M series,,April 2012,PCIe 3.0 ×16,,GDDR5256-bit,,153.6,,,1200,,,,75,GCN 1st gen(28 nm),,,,List_of_AMD_graphics_processing_units,2026-07-20T05:59:40Z,2026-07-20T05:59:40Z,,75,2012,2026-07-20 05:59:40
1340,Radeon HD 7990(New Zealand),AMD,Radeon HD 7000 series,,April 2013,PCIe 3.0 ×16,,GDDR5384-bit,,2× 288,,,,,,,15,GCN 1st gen28 nm,2× 4313×106352 mm2,,,List_of_AMD_graphics_processing_units,2026-07-20T05:59:34Z,2026-07-20T05:59:34Z,,15,2013,2026-07-20 05:59:34
1945,Radeon Instinct MI25(Vega 10),AMD,Radeon Instinct series,,"Jun 20, 2017",PCIe 3.0×16,16,HBM22048-bit,,484,,,,,,,,GCN 5GloFo 14LP,12.5×109510 mm2,,,List_of_AMD_graphics_processing_units,2026-07-20T05:59:47Z,2026-07-20T05:59:47Z,,,2017,2026-07-20 05:59:47
1946,Radeon Instinct MI50(Vega 20),AMD,Radeon Instinct series,,"Nov 18, 2018",PCIe 4.0×16,1632,HBM24096-bit,,1024,,,,,,,,GCN 5TSMC N7,13.2×109331 mm2,,,List_of_AMD_graphics_processing_units,2026-07-20T05:59:47Z,2026-07-20T05:59:47Z,,,2018,2026-07-20 05:59:47
1943,Radeon Instinct MI6(Polaris 10),AMD,Radeon Instinct series,,"Jun 20, 2017",PCIe 3.0×16,16,GDDR5256-bit,,224,,,,,,,,GCN 4GloFo 14LP,5.7×109232 mm2,,,List_of_AMD_graphics_processing_units,2026-07-20T05:59:47Z,2026-07-20T05:59:47Z,,,2017,2026-07-20 05:59:47
1947,Radeon Instinct MI60(Vega 20),AMD,Radeon Instinct series,,"Nov 18, 2018",PCIe 4.0×16,32,HBM24096-bit,,1024,,,,,,,,GCN 5TSMC N7,13.2×109331 mm2,,,List_of_AMD_graphics_processing_units,2026-07-20T05:59:47Z,2026-07-20T05:59:47Z,,,2018,2026-07-20 05:59:47
1944,Radeon Instinct MI8(Fiji),AMD,Radeon Instinct series,,"Jun 20, 2017",PCIe 3.0×16,4,HBM4096-bit,,512,,,,,,,,GCN 3TSMC 28 nm,8.9×109596 mm2,,,List_of_AMD_graphics_processing_units,2026-07-20T05:59:47Z,2026-07-20T05:59:47Z,,,2017,2026-07-20 05:59:47
1096,Radeon LE / Radeon 7100 (OEM),AMD,Radeon R100 series,Rage 6 / R100,"April 6, 2001",AGP 4x,,DDR,128,4.736,150,,150,2:1:6:2,,,11,180,,,,List_of_AMD_graphics_processing_units,2026-07-20T05:59:29Z,2026-07-20T05:59:29Z,,11,2001,2026-07-20 05:59:29
1880,Radeon Pro 450(Polaris 11),AMD,Radeon Pro 400 series,,"Oct 30, 2016",PCIe 3.0×8,2,GDDR5128-bit,,80,,,,,,,35 W,GCN 4GloFo 14 nm,3.0×109123 mm2,,,List_of_AMD_graphics_processing_units,2026-07-20T05:59:45Z,2026-07-20T05:59:45Z,,35,2016,2026-07-20 05:59:45
1881,Radeon Pro 455(Polaris 11),AMD,Radeon Pro 400 series,,"Oct 30, 2016",PCIe 3.0×8,2,GDDR5128-bit,,80,,,,,,,35 W,GCN 4GloFo 14 nm,3.0×109123 mm2,,,List_of_AMD_graphics_processing_units,2026-07-20T05:59:45Z,2026-07-20T05:59:45Z,,35,2016,2026-07-20 05:59:45
1882,Radeon Pro 460(Polaris 11),AMD,Radeon Pro 400 series,,"Oct 30, 2016",PCIe 3.0×8,4,GDDR5128-bit,,80,,,,,,,35 W,GCN 4GloFo 14 nm,3.0×109123 mm2,,,List_of_AMD_graphics_processing_units,2026-07-20T05:59:45Z,2026-07-20T05:59:45Z,,35,2016,2026-07-20 05:59:45
1807,Radeon Pro 5300(Navi 14),AMD,Radeon Pro 5000 series,,"Aug 4, 2020",PCIe 4.0×8,4,GDDR6128-bit,,224,,,,,,,130 W,RDNATSMC N7,6.4×109158 mm2,,,List_of_AMD_graphics_processing_units,2026-07-20T05:59:44Z,2026-07-20T05:59:44Z,,130,2020,2026-07-20 05:59:44
1900,Radeon Pro 5300M(Navi 14),AMD,Radeon Pro 5000M series,,"Nov 13, 2019",PCIe 4.0×8,4,GDDR6128-bit,,192,,,,,,,50 W,RDNATSMC N7,6.4×109158 mm2,,,List_of_AMD_graphics_processing_units,2026-07-20T05:59:46Z,2026-07-20T05:59:46Z,,50,2019,2026-07-20 05:59:46
1808,Radeon Pro 5500 XT(Navi 14),AMD,Radeon Pro 5000 series,,"Aug 4, 2020",PCIe 4.0×8,8,GDDR6128-bit,,224,,,,,,,130 W,RDNATSMC N7,6.4×109158 mm2,,,List_of_AMD_graphics_processing_units,2026-07-20T05:59:44Z,2026-07-20T05:59:44Z,,130,2020,2026-07-20 05:59:44
1901,Radeon Pro 5500M(Navi 14),AMD,Radeon Pro 5000M series,,"Nov 13, 2019",PCIe 4.0×8,48,GDDR6128-bit,,192,,,,,,,50 W,RDNATSMC N7,6.4×109158 mm2,,,List_of_AMD_graphics_processing_units,2026-07-20T05:59:46Z,2026-07-20T05:59:46Z,,50,2019,2026-07-20 05:59:46
1883,Radeon Pro 555(Polaris 21),AMD,Radeon Pro 500 series,,"Jun 6, 2017",PCIe 3.0×16,2,GDDR5128-bit,,81.60,,,,,,,50 W,GCN 4GloFo 14 nm,3.0×109123 mm2,,,List_of_AMD_graphics_processing_units,2026-07-20T05:59:45Z,2026-07-20T05:59:45Z,,50,2017,2026-07-20 05:59:45
1884,Radeon Pro 555X(Polaris 21),AMD,Radeon Pro 500 series,,"Jul 16, 2018",PCIe 3.0×16,4,GDDR5128-bit,,94.08,,,,,,,50 W,GCN 4GloFo 14 nm,3.0×109123 mm2,,,List_of_AMD_graphics_processing_units,2026-07-20T05:59:45Z,2026-07-20T05:59:45Z,,50,2018,2026-07-20 05:59:45
1885,Radeon Pro 560(Polaris 21),AMD,Radeon Pro 500 series,,"Jun 6, 2017",PCIe 3.0×16,4,GDDR5128-bit,,81.28,,,,,,,50 W,GCN 4GloFo 14 nm,3.0×109123 mm2,,,List_of_AMD_graphics_processing_units,2026-07-20T05:59:45Z,2026-07-20T05:59:45Z,,50,2017,2026-07-20 05:59:45
1902,Radeon Pro 5600M(Navi 12),AMD,Radeon Pro 5000M series,,"Jun 15, 2020",PCIe 4.0×16,8,HBM22048-bit,,394,,,,,,,50 W,RDNATSMC N7,Unknown,,,List_of_AMD_graphics_processing_units,2026-07-20T05:59:46Z,2026-07-20T05:59:46Z,,50,2020,2026-07-20 05:59:46
1886,Radeon Pro 560X(Polaris 21),AMD,Radeon Pro 500 series,,"Jul 16, 2018",PCIe 3.0×16,4,GDDR5128-bit,,94.08,,,,,,,75 W,GCN 4GloFo 14 nm,3.0×109123 mm2,,,List_of_AMD_graphics_processing_units,2026-07-20T05:59:45Z,2026-07-20T05:59:45Z,,75,2018,2026-07-20 05:59:45
1887,Radeon Pro 570(Polaris 20),AMD,Radeon Pro 500 series,,"Jun 6, 2017",PCIe 3.0×16,4,GDDR5256-bit,,217.0,,,,,,,120 W,GCN 4GloFo 14 nm,5.7×109232 mm2,,,List_of_AMD_graphics_processing_units,2026-07-20T05:59:45Z,2026-07-20T05:59:45Z,,120,2017,2026-07-20 05:59:45
1810,Radeon Pro 5700 XT(Navi 10),AMD,Radeon Pro 5000 series,,"Aug 4, 2020",PCIe 4.0×16,16,GDDR6256-bit,,384,,,,,,,130 W,RDNATSMC N7,10.3×109251 mm2,,,List_of_AMD_graphics_processing_units,2026-07-20T05:59:44Z,2026-07-20T05:59:44Z,,130,2020,2026-07-20 05:59:44
1809,Radeon Pro 5700(Navi 10),AMD,Radeon Pro 5000 series,,"Aug 4, 2020",PCIe 4.0×16,8,GDDR6256-bit,,384,,,,,,,130 W,RDNATSMC N7,10.3×109251 mm2,,,List_of_AMD_graphics_processing_units,2026-07-20T05:59:44Z,2026-07-20T05:59:44Z,,130,2020,2026-07-20 05:59:44
1888,Radeon Pro 570X(Polaris 20),AMD,Radeon Pro 500 series,,"Mar 18, 2019",PCIe 3.0×16,4,GDDR5256-bit,,217.6,,,,,,,150 W,GCN 4GloFo 14 nm,5.7×109232 mm2,,,List_of_AMD_graphics_processing_units,2026-07-20T05:59:45Z,2026-07-20T05:59:45Z,,150,2019,2026-07-20 05:59:45
1889,Radeon Pro 575(Polaris 20),AMD,Radeon Pro 500 series,,"Jun 6, 2017",PCIe 3.0×16,4,GDDR5256-bit,,217.0,,,,,,,120 W,GCN 4GloFo 14 nm,5.7×109232 mm2,,,List_of_AMD_graphics_processing_units,2026-07-20T05:59:45Z,2026-07-20T05:59:45Z,,120,2017,2026-07-20 05:59:45
1890,Radeon Pro 575X(Polaris 20),AMD,Radeon Pro 500 series,,"Mar 18, 2019",PCIe 3.0×16,4,GDDR5256-bit,,217.6,,,,,,,150 W,GCN 4GloFo 14 nm,5.7×109232 mm2,,,List_of_AMD_graphics_processing_units,2026-07-20T05:59:45Z,2026-07-20T05:59:45Z,,150,2019,2026-07-20 05:59:46
1891,Radeon Pro 580(Polaris 10),AMD,Radeon Pro 500 series,,"Jun 6, 2017",PCIe 3.0×16,8,GDDR5256-bit,,217.0,,,,,,,150 W,GCN 4GloFo 14 nm,5.7×109232 mm2,,,List_of_AMD_graphics_processing_units,2026-07-20T05:59:46Z,2026-07-20T05:59:46Z,,150,2017,2026-07-20 05:59:46
1892,Radeon Pro 580X(Polaris 10),AMD,Radeon Pro 500 series,,"Mar 18, 2019",PCIe 3.0×16,8,GDDR5256-bit,,218.9,,,,,,,185 W,GCN 4GloFo 14 nm,5.7×109232 mm2,,,List_of_AMD_graphics_processing_units,2026-07-20T05:59:46Z,2026-07-20T05:59:46Z,,185,2019,2026-07-20 05:59:46
1791,Radeon Pro Duo(Fiji),AMD,Radeon PRO series,,,2× 512,,"2× 8,192",,"2× 8,192",,,,,,,,GCN 3TSMC 28 nm,2× 8.9×109596 mm2,,,List_of_AMD_graphics_processing_units,2026-07-20T05:59:44Z,2026-07-20T05:59:44Z,,,,2026-07-20 05:59:44
1792,Radeon Pro Duo(Polaris 10),AMD,Radeon PRO series,,,2× 224,,"2× 5,728",,"2× 5,728",,,,,,,,GCN 4GloFo 14 nm,2× 5.7×109232 mm2,,,List_of_AMD_graphics_processing_units,2026-07-20T05:59:44Z,2026-07-20T05:59:44Z,,,,2026-07-20 05:59:44
1793,Radeon Pro SSG(Fiji),AMD,Radeon PRO series,,,4× DP 1.2,,HBM + SSG4096-bit,,512,,,,,,,,GCN 3TSMC 28 nm,8.9×109596 mm2,,,List_of_AMD_graphics_processing_units,2026-07-20T05:59:44Z,2026-07-20T05:59:44Z,,,,2026-07-20 05:59:44
1794,Radeon Pro SSG(Vega 10),AMD,Radeon PRO series,,,6× miniDP 1.4a,,HBM2 + SSG2048-bit,,484,,,,,,,,GCN 5GloFo 14 nm,12.5×109495 mm2,,,List_of_AMD_graphics_processing_units,2026-07-20T05:59:44Z,2026-07-20T05:59:44Z,,,,2026-07-20 05:59:44
1931,Radeon Pro V320(Vega 10),AMD,Radeon Pro V series,,"Jun 29, 2017(Custom SKU)",PCIe 3.0×16,8 or 16,HBM22048-bit,,484,,,,,,,230 W,GCN 5GF 14LPP,12.5×109495 mm2,,,List_of_AMD_graphics_processing_units,2026-07-20T05:59:46Z,2026-07-20T05:59:46Z,,230,2017,2026-07-20 05:59:46
1932,Radeon Pro V340(Vega 10),AMD,Radeon Pro V series,,"Aug 26, 2018",PCIe 3.0×16,190.8336,2×,,2× 54.5296,,,,,,,54.5296,GCN 5GF 14LPP,2× 12.5×109495 mm2,,,List_of_AMD_graphics_processing_units,2026-07-20T05:59:46Z,2026-07-20T05:59:46Z,,54,2018,2026-07-20 05:59:46
1940,Radeon Pro V520(Navi 12),AMD,Radeon Pro V series,,"Dec 1, 2020",PCIe 4.0×16,8,HBM22048-bit,,512,,,,,,,225 W,RDNATSMC N7,Unknown,,,List_of_AMD_graphics_processing_units,2026-07-20T05:59:47Z,2026-07-20T05:59:47Z,,225,2020,2026-07-20 05:59:47
1941,Radeon Pro V620(Navi 21),AMD,Radeon Pro V series,,"Nov 4, 2021",PCIe 4.0×16,32,GDDR6256-bit,,512,,,,,,,300 W,RDNA 2TSMC N7,26.8×109520 mm2,,,List_of_AMD_graphics_processing_units,2026-07-20T05:59:47Z,2026-07-20T05:59:47Z,,300,2021,2026-07-20 05:59:47
1942,Radeon Pro V710(Navi 32),AMD,Radeon Pro V series,,"Oct 3, 2024",PCIe 4.0×16,28,GDDR6224-bit,,448,,,,,,,158 W,RDNA 3TSMC N5 (GCD)TSMC N6 (MCD),28.1×109384 mm2,,,List_of_AMD_graphics_processing_units,2026-07-20T05:59:47Z,2026-07-20T05:59:47Z,,158,2024,2026-07-20 05:59:47
1894,Radeon Pro Vega 16(Vega 12),AMD,Radeon Pro Vega series,,"Nov 14, 2018",PCIe 3.0×16,4,HBM21024-bit,,307.2,,,,,,,50 W,GCN 5GloFo 14 nm,,,,List_of_AMD_graphics_processing_units,2026-07-20T05:59:46Z,2026-07-20T05:59:46Z,,50,2018,2026-07-20 05:59:46
1895,Radeon Pro Vega 20(Vega 12),AMD,Radeon Pro Vega series,,"Nov 14, 2018",PCIe 3.0×16,4,HBM21024-bit,,189.4,,,,,,,50 W,GCN 5GloFo 14 nm,,,,List_of_AMD_graphics_processing_units,2026-07-20T05:59:46Z,2026-07-20T05:59:46Z,,50,2018,2026-07-20 05:59:46
1896,Radeon Pro Vega 48(Vega 10),AMD,Radeon Pro Vega series,,"Mar 19, 2019",PCIe 3.0×16,8,HBM22048-bit,,402.4,,,,,,,,GCN 5GloFo 14 nm,12.5×109495 mm2,,,List_of_AMD_graphics_processing_units,2026-07-20T05:59:46Z,2026-07-20T05:59:46Z,,,2019,2026-07-20 05:59:46
1897,Radeon Pro Vega 56(Vega 10),AMD,Radeon Pro Vega series,,"Aug 17, 2017",PCIe 3.0×16,8,HBM22048-bit,,402.4,,,,,,,120 W,GCN 5GloFo 14 nm,12.5×109495 mm2,,,List_of_AMD_graphics_processing_units,2026-07-20T05:59:46Z,2026-07-20T05:59:46Z,,120,2017,2026-07-20 05:59:46
1898,Radeon Pro Vega 64(Vega 10),AMD,Radeon Pro Vega series,,"Jun 17, 2017",PCIe 3.0×16,16,HBM22048-bit,,402.4,,,,,,,,GCN 5GloFo 14 nm,12.5×109495 mm2,,,List_of_AMD_graphics_processing_units,2026-07-20T05:59:46Z,2026-07-20T05:59:46Z,,,2017,2026-07-20 05:59:46
1899,Radeon Pro Vega 64X(Vega 10),AMD,Radeon Pro Vega series,,"Mar 19, 2019",PCIe 3.0×16,16,HBM22048-bit,,512.0,,,,,,,,GCN 5GloFo 14 nm,12.5×109495 mm2,,,List_of_AMD_graphics_processing_units,2026-07-20T05:59:46Z,2026-07-20T05:59:46Z,,,2019,2026-07-20 05:59:46
1806,Radeon Pro Vega II Duo(Vega 20),AMD,Radeon Pro Vega series,,,PCIe 3.0×16,"2× 14,090",2× 32,,2× 880,,,,,,,,GCN 5TSMC 7 nm,13.23×109331 mm2,,,List_of_AMD_graphics_processing_units,2026-07-20T05:59:44Z,2026-07-20T05:59:44Z,,,,2026-07-20 05:59:44
1805,Radeon Pro Vega II(Vega 20),AMD,Radeon Pro Vega series,,,PCIe 3.0×16,32,HBM24096-bit,,1024,,,,,,,,GCN 5TSMC 7 nm,13.23×109331 mm2,,,List_of_AMD_graphics_processing_units,2026-07-20T05:59:44Z,2026-07-20T05:59:44Z,,,,2026-07-20 05:59:44
1811,Radeon Pro W5500(Navi 14),AMD,Radeon Pro W5000 series,,,PCIe 4.0×8,8,GDDR6128-bit,,224,,,,,,,125 W,RDNATSMC N7,6.4×109158 mm2,,,List_of_AMD_graphics_processing_units,2026-07-20T05:59:44Z,2026-07-20T05:59:44Z,,125,,2026-07-20 05:59:44
1903,Radeon Pro W5500M(Navi 14),AMD,Radeon Pro W5000M series,,"Feb 10, 2020",PCIe 4.0×8,4,GDDR6128-bit,,224,,,,,,,65-85 W,RDNATSMC N7,6.4×109158 mm2,,,List_of_AMD_graphics_processing_units,2026-07-20T05:59:46Z,2026-07-20T05:59:46Z,,65,2020,2026-07-20 05:59:46
1813,Radeon Pro W5500X(Navi 14),AMD,Radeon Pro W5000 series,,2020,PCIe 4.0×8,8,GDDR6128-bit,,224,,,,,,,130 W,RDNATSMC N7,6.4×109158 mm2,,,List_of_AMD_graphics_processing_units,2026-07-20T05:59:44Z,2026-07-20T05:59:44Z,,130,2020,2026-07-20 05:59:44
1812,Radeon Pro W5700(Navi 10),AMD,Radeon Pro W5000 series,,,PCIe 4.0×16,8,GDDR6256-bit,,448,,,,,,,205 W,RDNATSMC N7,10.3×109251 mm2,,,List_of_AMD_graphics_processing_units,2026-07-20T05:59:44Z,2026-07-20T05:59:44Z,,205,,2026-07-20 05:59:44
1814,Radeon Pro W5700X(Navi 10),AMD,Radeon Pro W5000 series,,"Dec 11, 2019",PCIe 4.0×16,16,GDDR6256-bit,,448,,,,,,,250 W,RDNATSMC N7,10.3×109251 mm2,,,List_of_AMD_graphics_processing_units,2026-07-20T05:59:44Z,2026-07-20T05:59:44Z,,250,2019,2026-07-20 05:59:44
1815,Radeon Pro W6300(Navi 24),AMD,Radeon Pro W6000 series,,,PCIe 4.0×4,2,GDDR632-bit,,64,,,,,,,25 W,RDNA 2TSMC N6,5.4×109107 mm2,,,List_of_AMD_graphics_processing_units,2026-07-20T05:59:44Z,2026-07-20T05:59:44Z,,25,,2026-07-20 05:59:44
1904,Radeon Pro W6300M(Navi 24),AMD,Radeon Pro W6000M series,,"Jan 19, 2022",PCIe 4.0×4,2,GDDR632-bit,,64,,,,,,,25 W,RDNA 2TSMC N6,5.4×109107 mm2,,,List_of_AMD_graphics_processing_units,2026-07-20T05:59:46Z,2026-07-20T05:59:46Z,,25,2022,2026-07-20 05:59:46
1816,Radeon Pro W6400(Navi 24),AMD,Radeon Pro W6000 series,,,PCIe 4.0×4,4,GDDR664-bit,,128,,,,,,,50 W,RDNA 2TSMC N6,5.4×109107 mm2,,,List_of_AMD_graphics_processing_units,2026-07-20T05:59:44Z,2026-07-20T05:59:44Z,,50,,2026-07-20 05:59:44
1905,Radeon Pro W6500M(Navi 24),AMD,Radeon Pro W6000M series,,"Jan 19, 2022",PCIe 4.0×4,4,GDDR664-bit,,128,,,,,,,35–50 W,RDNA 2TSMC N6,5.4×109107 mm2,,,List_of_AMD_graphics_processing_units,2026-07-20T05:59:46Z,2026-07-20T05:59:46Z,,35,2022,2026-07-20 05:59:46
1817,Radeon Pro W6600(Navi 23),AMD,Radeon Pro W6000 series,,,PCIe 4.0×8,8,GDDR6128-bit,,224,,,,,,,130 W,RDNA 2TSMC N7,11.06×109237 mm2,,,List_of_AMD_graphics_processing_units,2026-07-20T05:59:44Z,2026-07-20T05:59:44Z,,130,,2026-07-20 05:59:44
1906,Radeon Pro W6600M(Navi 23),AMD,Radeon Pro W6000M series,,"Jun 8, 2021",PCIe 4.0×16,8,GDDR6128-bit,,224,,,,,,,65–90 W,RDNA 2TSMC N7,11.06×109237 mm2,,,List_of_AMD_graphics_processing_units,2026-07-20T05:59:46Z,2026-07-20T05:59:46Z,,65,2021,2026-07-20 05:59:46
1819,Radeon Pro W6600X(Navi 23),AMD,Radeon Pro W6000 series,,"Mar 8, 2022",PCIe 4.0×8,8,GDDR6128-bit,,256,,,,,,,120 W,RDNA 2TSMC N7,11.06×109237 mm2,,,List_of_AMD_graphics_processing_units,2026-07-20T05:59:44Z,2026-07-20T05:59:44Z,,120,2022,2026-07-20 05:59:44
1818,Radeon Pro W6800(Navi 21),AMD,Radeon Pro W6000 series,,,PCIe 4.0×16,32,GDDR6256-bit,,512,,,,,,,250 W,RDNA 2TSMC N7,26.8×109520 mm2,,,List_of_AMD_graphics_processing_units,2026-07-20T05:59:44Z,2026-07-20T05:59:44Z,,250,,2026-07-20 05:59:44
1821,Radeon Pro W6800X Duo(Navi 21),AMD,Radeon Pro W6000 series,,"Aug 3, 2021",PCIe 4.0×16,2×,2× 172.8189.9,,432.0474.9,,,,,,,2×,RDNA 2TSMC N7,2× 26.8×109520 mm2,,,List_of_AMD_graphics_processing_units,2026-07-20T05:59:44Z,2026-07-20T05:59:44Z,,2,2021,2026-07-20 05:59:44
1820,Radeon Pro W6800X(Navi 21),AMD,Radeon Pro W6000 series,,"Aug 3, 2021",PCIe 4.0×16,32,GDDR6256-bit,,512,,,,,,,300 W,RDNA 2TSMC N7,26.8×109520 mm2,,,List_of_AMD_graphics_processing_units,2026-07-20T05:59:44Z,2026-07-20T05:59:44Z,,300,2021,2026-07-20 05:59:44
1829,Radeon Pro W6900X(Navi 21),AMD,Radeon Pro W6000 series,,26.8×109520 mm2,,300 W,,,,,,,,,,,5120:320:128:8080 CU,18252171,,,List_of_AMD_graphics_processing_units,2026-07-20T05:59:44Z,2026-07-20T05:59:44Z,,,,2026-07-20 05:59:44
1830,Radeon Pro W7500(Navi 33),AMD,Radeon Pro W7000 series,,,PCIe 4.0×8,8,GDDR6128-bit,,288,,,,,,,70 W,RDNA 3TSMC N6,13.3×109204 mm2,,,List_of_AMD_graphics_processing_units,2026-07-20T05:59:44Z,2026-07-20T05:59:44Z,,70,,2026-07-20 05:59:44
1831,Radeon Pro W7600(Navi 33),AMD,Radeon Pro W7000 series,,,PCIe 4.0×8,8,GDDR6128-bit,,288,,,,,,,130 W,RDNA 3TSMC N6,13.3×109204 mm2,,,List_of_AMD_graphics_processing_units,2026-07-20T05:59:44Z,2026-07-20T05:59:44Z,,130,,2026-07-20 05:59:44
1832,Radeon Pro W7700(Navi 32),AMD,Radeon Pro W7000 series,,,PCIe 4.0×16,16,GDDR6256-bit,,576,,,,,,,190 W,RDNA 3TSMC N5(GCD)TSMC N6(MCD),28.1×109~346 mm2,,,List_of_AMD_graphics_processing_units,2026-07-20T05:59:44Z,2026-07-20T05:59:44Z,,190,,2026-07-20 05:59:44
1834,Radeon Pro W7800 48GB(Navi 31),AMD,Radeon Pro W7000 series,,,PCIe 4.0×16,48,GDDR6384-bit,,864,,,,,,,281 W,RDNA 3TSMC N5(GCD)TSMC N6(MCD),57.7×109~531 mm2,,,List_of_AMD_graphics_processing_units,2026-07-20T05:59:44Z,2026-07-20T05:59:44Z,,281,,2026-07-20 05:59:44
1833,Radeon Pro W7800(Navi 31),AMD,Radeon Pro W7000 series,,,PCIe 4.0×16,32,GDDR6256-bit,,576,,,,,,,260 W,RDNA 3TSMC N5(GCD)TSMC N6(MCD),57.7×109~531 mm2,,,List_of_AMD_graphics_processing_units,2026-07-20T05:59:44Z,2026-07-20T05:59:44Z,,260,,2026-07-20 05:59:44
1835,Radeon Pro W7900 Dual Slot(Navi 31),AMD,Radeon Pro W7000 series,,,PCIe 4.0×16,48,GDDR6384-bit,,864,,,,,,,295 W,RDNA 3TSMC N5(GCD)TSMC N6(MCD),57.7×109~531 mm2,,,List_of_AMD_graphics_processing_units,2026-07-20T05:59:44Z,2026-07-20T05:59:44Z,,295,,2026-07-20 05:59:44
1836,Radeon Pro W7900(Navi 31),AMD,Radeon Pro W7000 series,,,PCIe 4.0×16,48,GDDR6384-bit,,864,,,,,,,295 W,RDNA 3TSMC N5(GCD)TSMC N6(MCD),57.7×109~531 mm2,,,List_of_AMD_graphics_processing_units,2026-07-20T05:59:44Z,2026-07-20T05:59:44Z,,295,,2026-07-20 05:59:44
1873,Radeon Pro WX 2100 (Mobile)(Polaris 12),AMD,Radeon Pro WX x100 Mobile series,,"Mar 1, 2017",PCIe 3.0×16,2,GDDR564-bit,,48,,,,,,,35 W,GCN 4Samsung/GloFo14LPP,2.2×109103 mm2,,,List_of_AMD_graphics_processing_units,2026-07-20T05:59:45Z,2026-07-20T05:59:45Z,,35,2017,2026-07-20 05:59:45
1797,Radeon Pro WX 2100(Polaris 12),AMD,Radeon Pro WX x100 series,,,PCIe 3.0×8,2,GDDR564-bit,,48,,,,,,,,GCN 4GloFo 14 nm,2.2×109103 mm2,,,List_of_AMD_graphics_processing_units,2026-07-20T05:59:44Z,2026-07-20T05:59:44Z,,,,2026-07-20 05:59:44
1874,Radeon Pro WX 3100 (Mobile)(Polaris 12),AMD,Radeon Pro WX x100 Mobile series,,"Mar 1, 2017",PCIe 3.0×16,4,GDDR5128-bit,,96,,,,,,,50 W,GCN 4Samsung/GloFo14LPP,2.2×109103 mm2,,,List_of_AMD_graphics_processing_units,2026-07-20T05:59:45Z,2026-07-20T05:59:45Z,,50,2017,2026-07-20 05:59:45
1798,Radeon Pro WX 3100(Polaris 12),AMD,Radeon Pro WX x100 series,,,PCIe 3.0×8,4,GDDR5128-bit,,96,,,,,,,,GCN 4GloFo 14 nm,2.2×109103 mm2,,,List_of_AMD_graphics_processing_units,2026-07-20T05:59:44Z,2026-07-20T05:59:44Z,,,,2026-07-20 05:59:44
1803,Radeon Pro WX 3200(Polaris 23),AMD,Radeon Pro WX x200 series,,,PCIe 3.0×8,4,GDDR5128-bit,,96,,,,,,,,GCN 4GloFo 14 nm,2.2×109103mm2,,,List_of_AMD_graphics_processing_units,2026-07-20T05:59:44Z,2026-07-20T05:59:44Z,,,,2026-07-20 05:59:44
1799,Radeon Pro WX 4100(Polaris 11),AMD,Radeon Pro WX x100 series,,,PCIe 3.0×8,4,GDDR5128-bit,,96,,,,,,,,GCN 4GloFo 14 nm,3.0×109123 mm2,,,List_of_AMD_graphics_processing_units,2026-07-20T05:59:44Z,2026-07-20T05:59:44Z,,,,2026-07-20 05:59:44
1875,Radeon Pro WX 4130 (Mobile)(Polaris 11),AMD,Radeon Pro WX x100 Mobile series,,"Mar 1, 2017",PCIe 3.0×16,4,GDDR5128-bit,,96,,,,,,,50 W,GCN 4Samsung/GloFo14LPP,3.0×109123 mm2,,,List_of_AMD_graphics_processing_units,2026-07-20T05:59:45Z,2026-07-20T05:59:45Z,,50,2017,2026-07-20 05:59:45
1876,Radeon Pro WX 4150 (Mobile)(Polaris 11),AMD,Radeon Pro WX x100 Mobile series,,"Mar 1, 2017",PCIe 3.0×16,4,GDDR5128-bit,,96,,,,,,,45-50 W,GCN 4Samsung/GloFo14LPP,3.0×109123 mm2,,,List_of_AMD_graphics_processing_units,2026-07-20T05:59:45Z,2026-07-20T05:59:45Z,,45,2017,2026-07-20 05:59:45
1877,Radeon Pro WX 4170 (Mobile)(Polaris 11),AMD,Radeon Pro WX x100 Mobile series,,"Mar 1, 2017",PCIe 3.0×16,4,GDDR5128-bit,,112,,,,,,,50-60 W,GCN 4Samsung/GloFo14LPP,3.0×109123 mm2,,,List_of_AMD_graphics_processing_units,2026-07-20T05:59:45Z,2026-07-20T05:59:45Z,,50,2017,2026-07-20 05:59:45
1800,Radeon Pro WX 5100(Polaris 10),AMD,Radeon Pro WX x100 series,,,PCIe 3.0×16,8,GDDR5256-bit,,160,,,,,,,,GCN 4GloFo 14 nm,5.7×109232 mm2,,,List_of_AMD_graphics_processing_units,2026-07-20T05:59:44Z,2026-07-20T05:59:44Z,,,,2026-07-20 05:59:44
1878,Radeon Pro WX 7100 (Mobile)(Polaris 10),AMD,Radeon Pro WX x100 Mobile series,,"Mar 1, 2017",PCIe 3.0×16,8,GDDR5256-bit,,160,,,,,,,100-130 W,GCN 4Samsung/GloFo14LPP,5.7×109232 mm2,,,List_of_AMD_graphics_processing_units,2026-07-20T05:59:45Z,2026-07-20T05:59:45Z,,100,2017,2026-07-20 05:59:45
1801,Radeon Pro WX 7100(Polaris 10),AMD,Radeon Pro WX x100 series,,,PCIe 3.0×16,8,GDDR5256-bit,,224,,,,,,,,GCN 4GloFo 14 nm,5.7×109232 mm2,,,List_of_AMD_graphics_processing_units,2026-07-20T05:59:44Z,2026-07-20T05:59:44Z,,,,2026-07-20 05:59:44
1879,Radeon Pro WX 7130 (Mobile)(Polaris 10),AMD,Radeon Pro WX x100 Mobile series,,"Mar 1, 2017",PCIe 3.0×16,8,GDDR5256-bit,,160,,,,,,,100-130 W,GCN 4Samsung/GloFo14LPP,5.7×109232 mm2,,,List_of_AMD_graphics_processing_units,2026-07-20T05:59:45Z,2026-07-20T05:59:45Z,,100,2017,2026-07-20 05:59:45
1804,Radeon Pro WX 8200(Vega 10),AMD,Radeon Pro WX x200 series,,,PCIe 3.0×16,8,HBM22048-bit,,512,,,,,,,,GCN 5GloFo 14 nm,12.5×109495mm2,,,List_of_AMD_graphics_processing_units,2026-07-20T05:59:44Z,2026-07-20T05:59:44Z,,,,2026-07-20 05:59:44
1802,Radeon Pro WX 9100(Vega 10),AMD,Radeon Pro WX x100 series,,,PCIe 3.0×16,16,HBM22048-bit,,484,,,,,,,,GCN 5GloFo 14 nm,12.5×109495mm2,,,List_of_AMD_graphics_processing_units,2026-07-20T05:59:44Z,2026-07-20T05:59:44Z,,,,2026-07-20 05:59:44
1893,Radeon ProWX 3200 (Mobile)(Polaris 23 XT GLM),AMD,Radeon Pro WX x200 Mobile series,,"March 1, 2017",PCIe 3.0 ×8,4,GDDR5128-bit,,64,,,,,,,65 W,GCN 4th genGloFo 14 nm,2.2×109103 mm2,,,List_of_AMD_graphics_processing_units,2026-07-20T05:59:46Z,2026-07-20T05:59:46Z,,65,2017,2026-07-20 05:59:46
1410,Radeon R5 430(Oland Pro),AMD,Radeon 400 series,,,PCIe 3.0 ×8,,DDR3GDDR564-bit,,,,,,,,,,GCN 1st gen28 nm,1040×10690 mm2,,,List_of_AMD_graphics_processing_units,2026-07-20T05:59:35Z,2026-07-20T05:59:35Z,,,,2026-07-20 05:59:35
1411,Radeon R5 435(Oland),AMD,Radeon 400 series,,,PCIe 3.0 ×8,,DDR364-bit,,,,,,,,,,GCN 1st gen28 nm,1040×10690 mm2,,,List_of_AMD_graphics_processing_units,2026-07-20T05:59:35Z,2026-07-20T05:59:35Z,,,,2026-07-20 05:59:35
1412,Radeon R7 430(Oland Pro),AMD,Radeon 400 series,,,PCIe 3.0 ×8,,DDR3GDDR5128-bit,,,,,,,,,,GCN 1st gen28 nm,1040×10690 mm2,,,List_of_AMD_graphics_processing_units,2026-07-20T05:59:35Z,2026-07-20T05:59:35Z,,,,2026-07-20 05:59:35
1413,Radeon R7 435(Oland),AMD,Radeon 400 series,,,PCIe 3.0 ×8,,DDR364-bit,,,,,,,,,,GCN 1st gen28 nm,1040×10690 mm2,,,List_of_AMD_graphics_processing_units,2026-07-20T05:59:35Z,2026-07-20T05:59:35Z,,,,2026-07-20 05:59:35
1414,Radeon R7 450(Cape Verde Pro),AMD,Radeon 400 series,,,PCIe 3.0 ×16,,GDDR5128-bit,,,,,,,,,,GCN 1st gen28 nm,1500×106123 mm2,,,List_of_AMD_graphics_processing_units,2026-07-20T05:59:35Z,2026-07-20T05:59:35Z,,,,2026-07-20 05:59:35
1415,Radeon RX 455(Bonaire Pro),AMD,Radeon 400 series,,,PCIe 3.0 ×16,,GDDR5128-bit,,,,,,,,,,GCN 2nd gen28 nm,2080×106160 mm2,,,List_of_AMD_graphics_processing_units,2026-07-20T05:59:35Z,2026-07-20T05:59:35Z,,,,2026-07-20 05:59:35
1416,Radeon RX 460(Baffin),AMD,Radeon 400 series,,,PCIe 3.0 ×8,,GDDR5128-bit,,,,,,,,,,GCN 4th genGloFo14LPP,3000×106123 mm2,,,List_of_AMD_graphics_processing_units,2026-07-20T05:59:35Z,2026-07-20T05:59:35Z,,,,2026-07-20 05:59:35
1418,Radeon RX 470(Ellesmere Pro),AMD,Radeon 400 series,,,PCIe 3.0 ×16,,GDDR5256-bit,,,,,,,,,,GCN 4th genGloFo14LPP,5700×106232 mm2,,,List_of_AMD_graphics_processing_units,2026-07-20T05:59:36Z,2026-07-20T05:59:36Z,,,,2026-07-20 05:59:36
1417,Radeon RX 470D(Ellesmere),AMD,Radeon 400 series,,,PCIe 3.0 ×16,,GDDR5256-bit,,,,,,,,,,GCN 4th genGloFo14LPP,5700×106232 mm2,,,List_of_AMD_graphics_processing_units,2026-07-20T05:59:36Z,2026-07-20T05:59:36Z,,,,2026-07-20 05:59:36
1419,Radeon RX 480(Ellesmere XT),AMD,Radeon 400 series,,,PCIe 3.0 ×16,,GDDR5256-bit,,,,,,,,,,GCN 4th genGloFo14LPP,5700×106232 mm2,,,List_of_AMD_graphics_processing_units,2026-07-20T05:59:36Z,2026-07-20T05:59:36Z,,,,2026-07-20 05:59:36
1444,Radeon RX 5300 XT(Navi 14),AMD,Radeon RX 5000 series,,,PCIe 4.0×8,4,GDDR5128-bit,,112,,,,,,,,RDNATSMC N7,6.4×109158 mm2,,,List_of_AMD_graphics_processing_units,2026-07-20T05:59:36Z,2026-07-20T05:59:36Z,,,,2026-07-20 05:59:36
1443,Radeon RX 5300(Navi 14),AMD,Radeon RX 5000 series,,,PCIe 4.0×8,3,GDDR696-bit,,168,,,,,,,,RDNATSMC N7,6.4×109158 mm2,,,List_of_AMD_graphics_processing_units,2026-07-20T05:59:36Z,2026-07-20T05:59:36Z,,,,2026-07-20 05:59:36
1698,Radeon RX 5300M(Navi 14),AMD,Radeon RX 5000M series,,"Nov 13, 2019",PCIe 4.0×8,3,GDDR696-bit,,168,,,,,,,65 W,RDNATSMC N7,6.4×109158 mm2,,,List_of_AMD_graphics_processing_units,2026-07-20T05:59:41Z,2026-07-20T05:59:41Z,,65,2019,2026-07-20 05:59:41
1680,Radeon RX 540(Lexa Pro),AMD,Radeon M500 series,,11 November 2017,,,GDDR5128-bit,,,,,,,,,50 W,GCN 4th gen(14 nm),,,,List_of_AMD_graphics_processing_units,2026-07-20T05:59:41Z,2026-07-20T05:59:41Z,,50,2017,2026-07-20 05:59:41
1423,Radeon RX 540(Polaris 12),AMD,Radeon 500 series,,,PCIe 3.0 ×8,,GDDR5128-bit,,96,,,,,,,,GCN 4GloFo14LPP,2.2×109101 mm2,,,List_of_AMD_graphics_processing_units,2026-07-20T05:59:36Z,2026-07-20T05:59:36Z,,,,2026-07-20 05:59:36
1425,Radeon RX 550 640SP(Polaris 11),AMD,Radeon 500 series,,,PCIe 3.0 ×8,,GDDR5128-bit,,96,,,,,,,,GCN 4GloFo14LPP,3.0×109123 mm2,,,List_of_AMD_graphics_processing_units,2026-07-20T05:59:36Z,2026-07-20T05:59:36Z,,,,2026-07-20 05:59:36
1682,Radeon RX 550(Lexa Pro),AMD,Radeon M500 series,,2 July 2017,,,GDDR5128-bit,,,,,,,,,50 W,GCN 4th gen(14 nm),,,,List_of_AMD_graphics_processing_units,2026-07-20T05:59:41Z,2026-07-20T05:59:41Z,,50,2017,2026-07-20 05:59:41
1424,Radeon RX 550(Polaris 12),AMD,Radeon 500 series,,,PCIe 3.0 ×8,,GDDR5128-bit,,112,,,,,,,,GCN 4GloFo14LPP,2.2×109101 mm2,,,List_of_AMD_graphics_processing_units,2026-07-20T05:59:36Z,2026-07-20T05:59:36Z,,,,2026-07-20 05:59:36
1446,Radeon RX 5500 XT(Navi 14),AMD,Radeon RX 5000 series,,,PCIe 4.0×8,48,GDDR6128-bit,,224,,,,,,,,RDNATSMC N7,6.4×109158 mm2,,,List_of_AMD_graphics_processing_units,2026-07-20T05:59:36Z,2026-07-20T05:59:36Z,,,,2026-07-20 05:59:36
1445,Radeon RX 5500(Navi 14),AMD,Radeon RX 5000 series,,,PCIe 4.0×8,4,GDDR6128-bit,,224,,,,,,,,RDNATSMC N7,6.4×109158 mm2,,,List_of_AMD_graphics_processing_units,2026-07-20T05:59:36Z,2026-07-20T05:59:36Z,,,,2026-07-20 05:59:36
1699,Radeon RX 5500M(Navi 14),AMD,Radeon RX 5000M series,,"Oct 7, 2019",PCIe 4.0×8,4,GDDR6128-bit,,224,,,,,,,85 W,RDNATSMC N7,6.4×109158 mm2,,,List_of_AMD_graphics_processing_units,2026-07-20T05:59:41Z,2026-07-20T05:59:41Z,,85,2019,2026-07-20 05:59:41
1427,Radeon RX 550X 640SP(Polaris 11),AMD,Radeon 500 series,,,PCIe 3.0 ×8,,GDDR5128-bit,,96,,,,,,,,GCN 4GloFo14LPP,3.0×109123 mm2,,,List_of_AMD_graphics_processing_units,2026-07-20T05:59:36Z,2026-07-20T05:59:36Z,,,,2026-07-20 05:59:36
1426,Radeon RX 550X(Polaris 12),AMD,Radeon 500 series,,,PCIe 3.0 ×8,,GDDR5128-bit,,112,,,,,,,,GCN 4GloFo14LPP,2.2×109101 mm2,,,List_of_AMD_graphics_processing_units,2026-07-20T05:59:36Z,2026-07-20T05:59:36Z,,,,2026-07-20 05:59:36
1431,Radeon RX 560 XT (Polaris 10/20),AMD,Radeon 500 series,,,PCIe 3.0 ×16,,GDDR5256-bit,,211,,,,,,,,GCN 4GloFo14LPP,5.7×109232 mm2,,,List_of_AMD_graphics_processing_units,2026-07-20T05:59:36Z,2026-07-20T05:59:36Z,,,,2026-07-20 05:59:36
1684,Radeon RX 560(Baffin XT),AMD,Radeon M500 series,,5 January 2017,,,GDDR5128-bit,,,,,,,,,65 W,GCN 4th gen(14 nm),,,,List_of_AMD_graphics_processing_units,2026-07-20T05:59:41Z,2026-07-20T05:59:41Z,,65,2017,2026-07-20 05:59:41
1429,Radeon RX 560(Polaris 21),AMD,Radeon 500 series,,,PCIe 3.0 ×8,,GDDR5128-bit,,112,,,,,,,,GCN 4GloFo14LPP,3.0×109123 mm2,,,List_of_AMD_graphics_processing_units,2026-07-20T05:59:36Z,2026-07-20T05:59:36Z,,,,2026-07-20 05:59:36
1448,Radeon RX 5600 XT(Navi 10),AMD,Radeon RX 5000 series,,,PCIe 4.0×16,6,GDDR6192-bit,,288336,,,,,,,,RDNATSMC N7,10.3×109251 mm2,,,List_of_AMD_graphics_processing_units,2026-07-20T05:59:36Z,2026-07-20T05:59:36Z,,,,2026-07-20 05:59:36
1447,Radeon RX 5600(Navi 10),AMD,Radeon RX 5000 series,,,PCIe 4.0×16,6,GDDR6192-bit,,288,,,,,,,,RDNATSMC N7,10.3×109251 mm2,,,List_of_AMD_graphics_processing_units,2026-07-20T05:59:36Z,2026-07-20T05:59:36Z,,,,2026-07-20 05:59:36
1700,Radeon RX 5600M(Navi 10),AMD,Radeon RX 5000M series,,"Jul 7, 2020",PCIe 4.0×16,6,GDDR6192-bit,,288,,,,,,,85 W,RDNATSMC N7,10.3×109251 mm2,,,List_of_AMD_graphics_processing_units,2026-07-20T05:59:42Z,2026-07-20T05:59:42Z,,85,2020,2026-07-20 05:59:42
1428,Radeon RX 560D(Polaris 21),AMD,Radeon 500 series,,,PCIe 3.0 ×8,,GDDR5128-bit,,96,,,,,,,,GCN 4GloFo14LPP,3.0×109123 mm2,,,List_of_AMD_graphics_processing_units,2026-07-20T05:59:36Z,2026-07-20T05:59:36Z,,,,2026-07-20 05:59:36
1687,Radeon RX 560X(Polaris 31 XL),AMD,Radeon M500 series,,9 January 2019,,,GDDR5128-bit,,,,,,,,,65 W,GCN 4th gen(14 nm),,,,List_of_AMD_graphics_processing_units,2026-07-20T05:59:41Z,2026-07-20T05:59:41Z,,65,2019,2026-07-20 05:59:41
1688,Radeon RX 570(Ellesmere Pro),AMD,Radeon M500 series,,10 December 2017,,,GDDR5256-bit,,,,,,,,,85 W,GCN 4th gen(14 nm),,,,List_of_AMD_graphics_processing_units,2026-07-20T05:59:41Z,2026-07-20T05:59:41Z,,85,2017,2026-07-20 05:59:41
1432,Radeon RX 570(Polaris 20),AMD,Radeon 500 series,,,PCIe 3.0 ×16,,GDDR5256-bit,,224,,,,,,,,GCN 4GloFo14LPP,5.7×109232 mm2,,,List_of_AMD_graphics_processing_units,2026-07-20T05:59:36Z,2026-07-20T05:59:36Z,,,,2026-07-20 05:59:36
1450,Radeon RX 5700 XT(Navi 10),AMD,Radeon RX 5000 series,,,PCIe 4.0×16,8,GDDR6256-bit,,448,,,,,,,,RDNATSMC N7,10.3×109251 mm2,,,List_of_AMD_graphics_processing_units,2026-07-20T05:59:36Z,2026-07-20T05:59:36Z,,,,2026-07-20 05:59:36
1451,Radeon RX 5700 XT50th Anniversary Edition(Navi 10),AMD,Radeon RX 5000 series,,,PCIe 4.0×16,8,GDDR6256-bit,,448,,,,,,,,RDNATSMC N7,10.3×109251 mm2,,,List_of_AMD_graphics_processing_units,2026-07-20T05:59:36Z,2026-07-20T05:59:36Z,,,,2026-07-20 05:59:36
1449,Radeon RX 5700(Navi 10),AMD,Radeon RX 5000 series,,,PCIe 4.0×16,8,GDDR6256-bit,,448,,,,,,,,RDNATSMC N7,10.3×109251 mm2,,,List_of_AMD_graphics_processing_units,2026-07-20T05:59:36Z,2026-07-20T05:59:36Z,,,,2026-07-20 05:59:36
1701,Radeon RX 5700M(Navi 10),AMD,Radeon RX 5000M series,,"Mar 1, 2020",PCIe 4.0×16,8,GDDR6256-bit,,384,,,,,,,120 W,RDNATSMC N7,10.3×109251 mm2,,,List_of_AMD_graphics_processing_units,2026-07-20T05:59:42Z,2026-07-20T05:59:42Z,,120,2020,2026-07-20 05:59:42
1433,Radeon RX 580 2048SP(Polaris 20),AMD,Radeon 500 series,,,PCIe 3.0 ×16,,GDDR5256-bit,,224,,,,,,,,GCN 4GloFo14LPP,5.7×109232 mm2,,,List_of_AMD_graphics_processing_units,2026-07-20T05:59:36Z,2026-07-20T05:59:36Z,,,,2026-07-20 05:59:36
1689,Radeon RX 580(Polaris 20 XT),AMD,Radeon M500 series,,18 April 2017,,,GDDR5256-bit,,,,,,,,,100 W,GCN 4th gen(14 nm),,,,List_of_AMD_graphics_processing_units,2026-07-20T05:59:41Z,2026-07-20T05:59:41Z,,100,2017,2026-07-20 05:59:41
1434,Radeon RX 580(Polaris 20),AMD,Radeon 500 series,,,PCIe 3.0 ×16,,GDDR5256-bit,,256,,,,,,,,GCN 4GloFo14LPP,5.7×109232 mm2,,,List_of_AMD_graphics_processing_units,2026-07-20T05:59:36Z,2026-07-20T05:59:36Z,,,,2026-07-20 05:59:36
1690,Radeon RX 580X(Polaris 20 XT),AMD,Radeon M500 series,,11 April 2018,,,GDDR5256-bit,,,,,,,,,100 W,GCN 4th gen(14 nm),,,,List_of_AMD_graphics_processing_units,2026-07-20T05:59:41Z,2026-07-20T05:59:41Z,,100,2018,2026-07-20 05:59:41
1435,Radeon RX 590 GME(Polaris 20),AMD,Radeon 500 series,,,PCIe 3.0 ×16,,GDDR5256-bit,,256,,,,,,,,GCN 4GloFo14LPP,5.7×109232 mm2,,,List_of_AMD_graphics_processing_units,2026-07-20T05:59:36Z,2026-07-20T05:59:36Z,,,,2026-07-20 05:59:36
1436,Radeon RX 590(Polaris 30),AMD,Radeon 500 series,,,PCIe 3.0 ×16,,GDDR5256-bit,,256,,,,,,,,GCN 4Samsung/GloFo12LP (14LP+),5.7×109232 mm2,,,List_of_AMD_graphics_processing_units,2026-07-20T05:59:36Z,2026-07-20T05:59:36Z,,,,2026-07-20 05:59:36
1452,Radeon RX 6300(Navi 24),AMD,Radeon RX 6000 series,,,PCIe 4.0×4,,GDDR632-bit,,104,,,,,,,,RDNA 2TSMC N6,5.4×109107 mm2,,,List_of_AMD_graphics_processing_units,2026-07-20T05:59:36Z,2026-07-20T05:59:36Z,,,,2026-07-20 05:59:36
1702,Radeon RX 6300M(Navi 24),AMD,Radeon RX 6000M series,,"Jan 4, 2022",PCIe 4.0×4,,GDDR632-bit,,64,,,,,,,25 W,RDNA 2TSMC N6,5.4×109107 mm2,,,List_of_AMD_graphics_processing_units,2026-07-20T05:59:42Z,2026-07-20T05:59:42Z,,25,2022,2026-07-20 05:59:42
1696,Radeon RX 640(Polaris 23),AMD,Radeon 600 series,,,PCIe 3.0 ×8,24,GDDR564-bit,,56.0,,,,,,,,GCN 4GloFo 14 nm,2.2×109103 mm2,,,List_of_AMD_graphics_processing_units,2026-07-20T05:59:41Z,2026-07-20T05:59:41Z,,,,2026-07-20 05:59:41
1453,Radeon RX 6400(Navi 24),AMD,Radeon RX 6000 series,,,PCIe 4.0×4,,GDDR664-bit,,208,,,,,,,,RDNA 2TSMC N6,5.4×109107 mm2,,,List_of_AMD_graphics_processing_units,2026-07-20T05:59:36Z,2026-07-20T05:59:36Z,,,,2026-07-20 05:59:36
1703,Radeon RX 6450M(Navi 24),AMD,Radeon RX 6000M series,,"Jan 4, 2023",PCIe 4.0×4,,GDDR664-bit,,128,,,,,,,50 W,RDNA 2TSMC N6,5.4×109107 mm2,,,List_of_AMD_graphics_processing_units,2026-07-20T05:59:42Z,2026-07-20T05:59:42Z,,50,2023,2026-07-20 05:59:42
1454,Radeon RX 6500 XT(Navi 24),AMD,Radeon RX 6000 series,,,PCIe 4.0×4,,GDDR664-bit,,232,,,,,,,,RDNA 2TSMC N6,5.4×109107 mm2,,,List_of_AMD_graphics_processing_units,2026-07-20T05:59:36Z,2026-07-20T05:59:36Z,,,,2026-07-20 05:59:36
1705,Radeon RX 6500M(Navi 24),AMD,Radeon RX 6000M series,,"Jan 4, 2022",PCIe 4.0×4,,GDDR664-bit,,128,,,,,,,50 W,RDNA 2TSMC N6,5.4×109107 mm2,,,List_of_AMD_graphics_processing_units,2026-07-20T05:59:42Z,2026-07-20T05:59:42Z,,50,2022,2026-07-20 05:59:42
1706,Radeon RX 6550M(Navi 24),AMD,Radeon RX 6000M series,,"Jan 4, 2023",PCIe 4.0×4,,GDDR664-bit,,144,,,,,,,80 W,RDNA 2TSMC N6,5.4×109107 mm2,,,List_of_AMD_graphics_processing_units,2026-07-20T05:59:42Z,2026-07-20T05:59:42Z,,80,2023,2026-07-20 05:59:42
1704,Radeon RX 6550S(Navi 24),AMD,Radeon RX 6000M series,,"Jan 4, 2023",PCIe 4.0×4,,GDDR664-bit,,128,,,,,,,50 W,RDNA 2TSMC N6,5.4×109107 mm2,,,List_of_AMD_graphics_processing_units,2026-07-20T05:59:42Z,2026-07-20T05:59:42Z,,50,2023,2026-07-20 05:59:42
1456,Radeon RX 6600 XT(Navi 23),AMD,Radeon RX 6000 series,,,PCIe 4.0×8,,GDDR6128-bit,,444.9,,,,,,,,RDNA 2TSMC N7,11.06×109237 mm2,,,List_of_AMD_graphics_processing_units,2026-07-20T05:59:36Z,2026-07-20T05:59:36Z,,,,2026-07-20 05:59:36
1455,Radeon RX 6600(Navi 23),AMD,Radeon RX 6000 series,,,PCIe 4.0×8,,GDDR6128-bit,,412.9,,,,,,,,RDNA 2TSMC N7,11.06×109237 mm2,,,List_of_AMD_graphics_processing_units,2026-07-20T05:59:36Z,2026-07-20T05:59:36Z,,,,2026-07-20 05:59:36
1709,Radeon RX 6600M(Navi 23),AMD,Radeon RX 6000M series,,"May 31, 2021",PCIe 4.0×8,,GDDR6128-bit,,224,,,,,,,100 W,RDNA 2TSMC N7,11.06×109237 mm2,,,List_of_AMD_graphics_processing_units,2026-07-20T05:59:42Z,2026-07-20T05:59:42Z,,100,2021,2026-07-20 05:59:42
1707,Radeon RX 6600S(Navi 23),AMD,Radeon RX 6000M series,,"Jan 4, 2022",PCIe 4.0×8,,GDDR6128-bit,,224,,,,,,,80 W,RDNA 2TSMC N7,11.06×109237 mm2,,,List_of_AMD_graphics_processing_units,2026-07-20T05:59:42Z,2026-07-20T05:59:42Z,,80,2022,2026-07-20 05:59:42
1457,Radeon RX 6650 XT(Navi 23),AMD,Radeon RX 6000 series,,,PCIe 4.0×8,,GDDR6128-bit,,468.9,,,,,,,,RDNA 2TSMC N7,11.06×109237 mm2,,,List_of_AMD_graphics_processing_units,2026-07-20T05:59:36Z,2026-07-20T05:59:36Z,,,,2026-07-20 05:59:36
1712,Radeon RX 6650M XT(Navi 23),AMD,Radeon RX 6000M series,,"Jan 4, 2022",PCIe 4.0×8,,GDDR6128-bit,,256,,,,,,,120 W,RDNA 2TSMC N7,11.06×109237 mm2,,,List_of_AMD_graphics_processing_units,2026-07-20T05:59:42Z,2026-07-20T05:59:42Z,,120,2022,2026-07-20 05:59:42
1710,Radeon RX 6650M(Navi 23),AMD,Radeon RX 6000M series,,"Jan 4, 2022",PCIe 4.0×8,,GDDR6128-bit,,256,,,,,,,120 W,RDNA 2TSMC N7,11.06×109237 mm2,,,List_of_AMD_graphics_processing_units,2026-07-20T05:59:42Z,2026-07-20T05:59:42Z,,120,2022,2026-07-20 05:59:42
1460,Radeon RX 6700 XT(Navi 22),AMD,Radeon RX 6000 series,,,PCIe 4.0×16,,GDDR6192-bit,,1278,,,,,,,,RDNA 2TSMC N7,17.2×109335 mm2,,,List_of_AMD_graphics_processing_units,2026-07-20T05:59:36Z,2026-07-20T05:59:36Z,,,,2026-07-20 05:59:36
1458,Radeon RX 6700(Navi 22),AMD,Radeon RX 6000 series,,,PCIe 4.0×16,,GDDR6160-bit,,1065,,,,,,,,RDNA 2TSMC N7,17.2×109335 mm2,,,List_of_AMD_graphics_processing_units,2026-07-20T05:59:36Z,2026-07-20T05:59:36Z,,,,2026-07-20 05:59:36
1713,Radeon RX 6700M(Navi 22),AMD,Radeon RX 6000M series,,"May 31, 2021",PCIe 4.0×16,,GDDR6160-bit,,320,,,,,,,135 W,RDNA 2TSMC N7,17.2×109335 mm2,,,List_of_AMD_graphics_processing_units,2026-07-20T05:59:42Z,2026-07-20T05:59:42Z,,135,2021,2026-07-20 05:59:42
1708,Radeon RX 6700S(Navi 23),AMD,Radeon RX 6000M series,,"Jan 4, 2022",PCIe 4.0×8,,GDDR6128-bit,,224,,,,,,,80 W,RDNA 2TSMC N7,11.06×109237 mm2,,,List_of_AMD_graphics_processing_units,2026-07-20T05:59:42Z,2026-07-20T05:59:42Z,,80,2022,2026-07-20 05:59:42
1459,Radeon RX 6750 GRE 10GB(Navi 22),AMD,Radeon RX 6000 series,,,PCIe 4.0×16,,GDDR6160-bit,,1065,,,,,,,,RDNA 2TSMC N7,17.2×109335 mm2,,,List_of_AMD_graphics_processing_units,2026-07-20T05:59:36Z,2026-07-20T05:59:36Z,,,,2026-07-20 05:59:36
1461,Radeon RX 6750 GRE 12GB(Navi 22),AMD,Radeon RX 6000 series,,,PCIe 4.0×16,,GDDR6192-bit,,1278,,,,,,,,RDNA 2TSMC N7,17.2×109335 mm2,,,List_of_AMD_graphics_processing_units,2026-07-20T05:59:36Z,2026-07-20T05:59:36Z,,,,2026-07-20 05:59:36
1462,Radeon RX 6750 XT(Navi 22),AMD,Radeon RX 6000 series,,,PCIe 4.0×16,,GDDR6192-bit,,1326,,,,,,,,RDNA 2TSMC N7,17.2×109335 mm2,,,List_of_AMD_graphics_processing_units,2026-07-20T05:59:36Z,2026-07-20T05:59:36Z,,,,2026-07-20 05:59:36
1464,Radeon RX 6800 XT(Navi 21),AMD,Radeon RX 6000 series,,,PCIe 4.0×16,,GDDR6256-bit,,1664.2,,,,,,,,RDNA 2TSMC N7,26.8×109520 mm2,,,List_of_AMD_graphics_processing_units,2026-07-20T05:59:36Z,2026-07-20T05:59:36Z,,,,2026-07-20 05:59:36
1463,Radeon RX 6800(Navi 21),AMD,Radeon RX 6000 series,,,PCIe 4.0×16,,GDDR6256-bit,,1432.6,,,,,,,,RDNA 2TSMC N7,26.8×109520 mm2,,,List_of_AMD_graphics_processing_units,2026-07-20T05:59:36Z,2026-07-20T05:59:36Z,,,,2026-07-20 05:59:36
1714,Radeon RX 6800M(Navi 22),AMD,Radeon RX 6000M series,,"May 31, 2021",PCIe 4.0×16,,GDDR6192-bit,,384,,,,,,,145+ W,RDNA 2TSMC N7,17.2×109335 mm2,,,List_of_AMD_graphics_processing_units,2026-07-20T05:59:42Z,2026-07-20T05:59:42Z,,145,2021,2026-07-20 05:59:42
1711,Radeon RX 6800S(Navi 23),AMD,Radeon RX 6000M series,,"Jan 4, 2022",PCIe 4.0×8,,GDDR6128-bit,,256,,,,,,,100 W,RDNA 2TSMC N7,11.06×109237 mm2,,,List_of_AMD_graphics_processing_units,2026-07-20T05:59:42Z,2026-07-20T05:59:42Z,,100,2022,2026-07-20 05:59:42
1715,Radeon RX 6850M XT(Navi 22),AMD,Radeon RX 6000M series,,"Jan 4, 2022",PCIe 4.0×16,,GDDR6192-bit,,432,,,,,,,165 W,RDNA 2TSMC N7,17.2×109335 mm2,,,List_of_AMD_graphics_processing_units,2026-07-20T05:59:42Z,2026-07-20T05:59:42Z,,165,2022,2026-07-20 05:59:42
1465,Radeon RX 6900 XT(Navi 21),AMD,Radeon RX 6000 series,,,PCIe 4.0×16,,GDDR6256-bit,,1664.2,,,,,,,,RDNA 2TSMC N7,26.8×109520 mm2,,,List_of_AMD_graphics_processing_units,2026-07-20T05:59:37Z,2026-07-20T05:59:37Z,,,,2026-07-20 05:59:37
1466,Radeon RX 6950 XT(Navi 21),AMD,Radeon RX 6000 series,,,PCIe 4.0×16,,GDDR6256-bit,,1793.5,,,,,,,,RDNA 2TSMC N7,26.8×109520 mm2,,,List_of_AMD_graphics_processing_units,2026-07-20T05:59:37Z,2026-07-20T05:59:37Z,,,,2026-07-20 05:59:37
1467,Radeon RX 7400(Navi 33),AMD,Radeon RX 7000 series,,,PCIe 4.0×8,,GDDR6128-bit,,362,,,,,,,,RDNA 3TSMC N6,13.3×109204 mm2,,,List_of_AMD_graphics_processing_units,2026-07-20T05:59:37Z,2026-07-20T05:59:37Z,,,,2026-07-20 05:59:37
1471,Radeon RX 7600 XT(Navi 33),AMD,Radeon RX 7000 series,,,PCIe 4.0×8,,GDDR6128-bit,,476.9,,,,,,,,RDNA 3TSMC N6,13.3×109204 mm2,,,List_of_AMD_graphics_processing_units,2026-07-20T05:59:37Z,2026-07-20T05:59:37Z,,,,2026-07-20 05:59:37
1469,Radeon RX 7600(Navi 33),AMD,Radeon RX 7000 series,,,PCIe 4.0×8,,GDDR6128-bit,,476.9,,,,,,,,RDNA 3TSMC N6,13.3×109204 mm2,,,List_of_AMD_graphics_processing_units,2026-07-20T05:59:37Z,2026-07-20T05:59:37Z,,,,2026-07-20 05:59:37
1717,Radeon RX 7600M (Navi 33),AMD,Radeon RX 7000M series,,"Jan 4, 2023",,,GDDR6 128-bit,,256,,,,,,,90 W,RDNA 3 TSMC N6,13.3×109204 mm2,,,List_of_AMD_graphics_processing_units,2026-07-20T05:59:42Z,2026-07-20T05:59:42Z,,90,2023,2026-07-20 05:59:42
1718,Radeon RX 7600M XT (Navi 33),AMD,Radeon RX 7000M series,,"Jan 4, 2023",,,GDDR6 128-bit,,288,,,,,,,120 W,RDNA 3 TSMC N6,13.3×109204 mm2,,,List_of_AMD_graphics_processing_units,2026-07-20T05:59:42Z,2026-07-20T05:59:42Z,,120,2023,2026-07-20 05:59:42
1716,Radeon RX 7600S (Navi 33),AMD,Radeon RX 7000M series,,"Jan 4, 2023",,,GDDR6 128-bit,,256,,,,,,,75 W,RDNA 3 TSMC N6,13.3×109204 mm2,,,List_of_AMD_graphics_processing_units,2026-07-20T05:59:42Z,2026-07-20T05:59:42Z,,75,2023,2026-07-20 05:59:42
1470,Radeon RX 7650 GRE(Navi 33),AMD,Radeon RX 7000 series,,,PCIe 4.0×8,,GDDR6128-bit,,476.9,,,,,,,,RDNA 3TSMC N6,13.3×109204 mm2,,,List_of_AMD_graphics_processing_units,2026-07-20T05:59:37Z,2026-07-20T05:59:37Z,,,,2026-07-20 05:59:37
1473,Radeon RX 7700 XT(Navi 32),AMD,Radeon RX 7000 series,,,PCIe 4.0 ×16,,GDDR6 192-bit,,1995,,,,,,,,RDNA 3 TSMC N5 (GCD) TSMC N6 (MCD),28.1×109 346 mm2,,,List_of_AMD_graphics_processing_units,2026-07-20T05:59:37Z,2026-07-20T05:59:37Z,,,,2026-07-20 05:59:37
1472,Radeon RX 7700(Navi 32),AMD,Radeon RX 7000 series,,,PCIe 4.0 ×16,,GDDR6256-bit,,1927,,,,,,,,RDNA 3 TSMC N5 (GCD) TSMC N6 (MCD),28.1×109 346 mm2,,,List_of_AMD_graphics_processing_units,2026-07-20T05:59:37Z,2026-07-20T05:59:37Z,,,,2026-07-20 05:59:37
1719,Radeon RX 7700S (Navi 33),AMD,Radeon RX 7000M series,,"Jan 4, 2023",,,GDDR6 128-bit,,288,,,,,,,100 W,RDNA 3 TSMC N6,13.3×109204 mm2,,,List_of_AMD_graphics_processing_units,2026-07-20T05:59:42Z,2026-07-20T05:59:42Z,,100,2023,2026-07-20 05:59:42
1474,Radeon RX 7800 XT(Navi 32),AMD,Radeon RX 7000 series,,,PCIe 4.0 ×16,,GDDR6 256-bit,,2708,,,,,,,,RDNA 3 TSMC N5 (GCD) TSMC N6 (MCD),28.1×109 346 mm2,,,List_of_AMD_graphics_processing_units,2026-07-20T05:59:37Z,2026-07-20T05:59:37Z,,,,2026-07-20 05:59:37
1720,Radeon RX 7800M (Navi 32),AMD,Radeon RX 7000M series,,"Sep 11, 2024",,,GDDR6 192-bit,,432,,,,,,,180 W,RDNA 3 TSMC N5 (GCD) TSMC N6 (MCD),28.1×109 346 mm2,,,List_of_AMD_graphics_processing_units,2026-07-20T05:59:42Z,2026-07-20T05:59:42Z,,180,2024,2026-07-20 05:59:42
1475,Radeon RX 7900 GRE(Navi 31),AMD,Radeon RX 7000 series,,,PCIe 4.0 ×16,,GDDR6 256-bit,,2250,,,,,,,,RDNA 3 TSMC N5 (GCD) TSMC N6 (MCD),57.7×109 529 mm2,,,List_of_AMD_graphics_processing_units,2026-07-20T05:59:37Z,2026-07-20T05:59:37Z,,,,2026-07-20 05:59:37
1476,Radeon RX 7900 XT(Navi 31),AMD,Radeon RX 7000 series,,,PCIe 4.0 ×16,,GDDR6320-bit,,2900,,,,,,,,RDNA 3 TSMC N5 (GCD) TSMC N6 (MCD),57.7×109 529 mm2,,,List_of_AMD_graphics_processing_units,2026-07-20T05:59:37Z,2026-07-20T05:59:37Z,,,,2026-07-20 05:59:37
1477,Radeon RX 7900 XTX(Navi 31),AMD,Radeon RX 7000 series,,,PCIe 4.0 ×16,,GDDR6384-bit,,3500,,,,,,,,RDNA 3 TSMC N5 (GCD) TSMC N6 (MCD),57.7×109 529 mm2,,,List_of_AMD_graphics_processing_units,2026-07-20T05:59:37Z,2026-07-20T05:59:37Z,,,,2026-07-20 05:59:37
1721,Radeon RX 7900M (Navi 31),AMD,Radeon RX 7000M series,,"Oct 19, 2023",,,GDDR6 256-bit,,576,,,,,,,180 W,RDNA 3 TSMC N5 (GCD) TSMC N6 (MCD),57.7×109 529 mm2,,,List_of_AMD_graphics_processing_units,2026-07-20T05:59:42Z,2026-07-20T05:59:42Z,,180,2023,2026-07-20 05:59:42
1479,Radeon RX 9060 XT(Navi 44),AMD,Radeon RX 9000 series,,,PCIe 5.0×16,,GDDR6128-bit,,320,,,,,,,,RDNA 4TSMC N4P,29.7 billion199 mm2,,,List_of_AMD_graphics_processing_units,2026-07-20T05:59:37Z,2026-07-20T05:59:37Z,,,,2026-07-20 05:59:37
1478,Radeon RX 9060(Navi 44),AMD,Radeon RX 9000 series,,,PCIe 5.0×16,,GDDR6128-bit,,288,,,,,,,,RDNA 4TSMC N4P,29.7 billion199 mm2,,,List_of_AMD_graphics_processing_units,2026-07-20T05:59:37Z,2026-07-20T05:59:37Z,,,,2026-07-20 05:59:37
1480,Radeon RX 9070 GRE(Navi 48),AMD,Radeon RX 9000 series,,,PCIe 5.0×16,,GDDR6192-bit,,432,,,,,,,,RDNA 4TSMC N4P,53.9 billion356.5 mm2,,,List_of_AMD_graphics_processing_units,2026-07-20T05:59:37Z,2026-07-20T05:59:37Z,,,,2026-07-20 05:59:37
1482,Radeon RX 9070 XT(Navi 48),AMD,Radeon RX 9000 series,,,PCIe 5.0×16,,GDDR6256-bit,,640,,,,,,,,RDNA 4TSMC N4P,53.9 billion356.5 mm2,,,List_of_AMD_graphics_processing_units,2026-07-20T05:59:37Z,2026-07-20T05:59:37Z,,,,2026-07-20 05:59:37
1481,Radeon RX 9070(Navi 48),AMD,Radeon RX 9000 series,,,PCIe 5.0×16,,GDDR6256-bit,,640,,,,,,,,RDNA 4TSMC N4P,53.9 billion356.5 mm2,,,List_of_AMD_graphics_processing_units,2026-07-20T05:59:37Z,2026-07-20T05:59:37Z,,,,2026-07-20 05:59:37
1439,Radeon RX Vega 56(Vega 10),AMD,Radeon RX Vega series,,,PCIe 3.0×16,8,HBM22048-bit,,409.6,,,,,,,,GCN 5GloFo14LPP,12.5×109486 mm2,,,List_of_AMD_graphics_processing_units,2026-07-20T05:59:36Z,2026-07-20T05:59:36Z,,,,2026-07-20 05:59:36
1441,Radeon RX Vega 64 Liquid(Vega 10),AMD,Radeon RX Vega series,,,PCIe 3.0×16,8,HBM22048-bit,,483.8,,,,,,,,GCN 5GloFo14LPP,12.5×109486 mm2,,,List_of_AMD_graphics_processing_units,2026-07-20T05:59:36Z,2026-07-20T05:59:36Z,,,,2026-07-20 05:59:36
1440,Radeon RX Vega 64(Vega 10),AMD,Radeon RX Vega series,,,PCIe 3.0×16,8,HBM22048-bit,,483.8,,,,,,,,GCN 5GloFo14LPP,12.5×109486 mm2,,,List_of_AMD_graphics_processing_units,2026-07-20T05:59:36Z,2026-07-20T05:59:36Z,,,,2026-07-20 05:59:36
1097,Radeon SDR / Radeon 7200 (SDR),AMD,Radeon R100 series,Rage 6 / R100,"June 1, 2000","AGP 4x, PCI",,SDR,128,2.656,166,,166,2:1:6:2,,,14,180,,,,List_of_AMD_graphics_processing_units,2026-07-20T05:59:29Z,2026-07-20T05:59:29Z,,14,2000,2026-07-20 05:59:29
1928,Radeon Sky 500,AMD,Radeon Sky series,Pitcairn XT,April 2013,PCIe 3.0 x16,,GDDR5,256,153.6,950,,1200,1280:80:32:20,,,150,28,,,,List_of_AMD_graphics_processing_units,2026-07-20T05:59:46Z,2026-07-20T05:59:46Z,,150,2013,2026-07-20 05:59:46
1929,Radeon Sky 700,AMD,Radeon Sky series,Tahiti PRO,April 2013,PCIe 3.0 x16,,GDDR5,384,264,900,,1375,1792:112:32:28,,,225,28,,,,List_of_AMD_graphics_processing_units,2026-07-20T05:59:46Z,2026-07-20T05:59:46Z,,225,2013,2026-07-20 05:59:46
1930,Radeon Sky 900,AMD,Radeon Sky series,2× Tahiti PRO,April 2013,PCIe 3.0 x16,,GDDR5,2x 384,2× 240,825 950,,1250,2× 1792:112:32:28,,,300,28,,,,List_of_AMD_graphics_processing_units,2026-07-20T05:59:46Z,2026-07-20T05:59:46Z,,300,2013,2026-07-20 05:59:46
1095,Radeon VE / Radeon 7000,AMD,Radeon R100 series,RV100 (piglet),"February 19, 2001","AGP 4x, PCI",,DDR,64,2.688 (max),150/166/183,,150/166/183,1:0:3:1,,,10,180,,,,List_of_AMD_graphics_processing_units,2026-07-20T05:59:29Z,2026-07-20T05:59:29Z,,10,2001,2026-07-20 05:59:29
1442,Radeon VII(Vega 20),AMD,Radeon VII series,,,PCIe 3.0×16,16,HBM24096-bit,,1024,,,,,,,,GCN 5TSMC CLN7FF,13.23×109331 mm2,,,List_of_AMD_graphics_processing_units,2026-07-20T05:59:36Z,2026-07-20T05:59:36Z,,,,2026-07-20 05:59:36
1796,Radeon Vega Frontier Edition(Liquid-cooled)(Vega 10),AMD,Radeon PRO series,,,3× DP 1.4a1× HDMI 2.0b,,HBM22048-bit,,484,,,,,,,,GCN 5GloFo 14 nm,12.5×109495 mm2,,,List_of_AMD_graphics_processing_units,2026-07-20T05:59:44Z,2026-07-20T05:59:44Z,,,,2026-07-20 05:59:44
1795,Radeon Vega Frontier Edition(Vega 10),AMD,Radeon PRO series,,,3× DP 1.4a1× HDMI 2.0b,,HBM22048-bit,,484,,,,,,,,GCN 5GloFo 14 nm,12.5×109495 mm2,,,List_of_AMD_graphics_processing_units,2026-07-20T05:59:44Z,2026-07-20T05:59:44Z,,,,2026-07-20 05:59:44
1151,Radeon X1050 (RV370),AMD,Radeon R300 series,RV370 (hari),"December 7, 2006",,,DDRDDR2,64128,5.328,400,,250333,4:2:4:4,,,,110,,,,List_of_AMD_graphics_processing_units,2026-07-20T05:59:30Z,2026-07-20T05:59:30Z,,,2006,2026-07-20 05:59:30
1172,Radeon X1050 (RV410),AMD,Radeon R400 series,RV410 (alto),"Jan, 25, 2008",,"128, 256",DDR,128,6.4,400,,200,8:6:8:8,,,20,110,,,,List_of_AMD_graphics_processing_units,2026-07-20T05:59:30Z,2026-07-20T05:59:30Z,,20,2008,2026-07-20 05:59:30
1139,Radeon X1050 AGP,AMD,Radeon R300 series,RV350 (Shivah),"December 7, 2006",,,DDR,128,6.4,250,,200,4:2:4:4,,,,130,,,,List_of_AMD_graphics_processing_units,2026-07-20T05:59:30Z,2026-07-20T05:59:30Z,,,2006,2026-07-20 05:59:30
1193,Radeon X1300,AMD,Radeon X1000 series,RV515,"October 5, 2005 (PCIe)December 1, 2005 (AGP)",AGP 8×PCIPCIe ×16,128256,DDR DDR2,128,8.0,450,,250,4:2:4:4,,,,90,107,100,,List_of_AMD_graphics_processing_units,2026-07-20T05:59:31Z,2026-07-20T05:59:31Z,,,2005,2026-07-20 05:59:31
1195,Radeon X1300 PRO,AMD,Radeon X1000 series,RV515,"October 5, 2005 (PCIe)November 1, 2006 (AGP)",AGP 8×PCIe ×16,128256,DDR2,128,12.8,600,,400,4:2:4:4,,,31,90,107,100,,List_of_AMD_graphics_processing_units,2026-07-20T05:59:31Z,2026-07-20T05:59:31Z,,31,2005,2026-07-20 05:59:31
1196,Radeon X1300 XT,AMD,Radeon X1000 series,RV530,"August 12, 2006",AGP 8×PCIe ×16,128256,DDR2,128,12.8,500,,400,12:5:4:4,,,22,90,157,150,,List_of_AMD_graphics_processing_units,2026-07-20T05:59:31Z,2026-07-20T05:59:31Z,,22,2006,2026-07-20 05:59:31
1194,Radeon X1300HyperMemory,AMD,Radeon X1000 series,RV515,"October 5, 2005",PCIe ×16,128256512,DDR2,64,4.0,450,,250,4:2:4:4,,,,90,107,100,,List_of_AMD_graphics_processing_units,2026-07-20T05:59:31Z,2026-07-20T05:59:31Z,,,2005,2026-07-20 05:59:31
1197,Radeon X1550,AMD,Radeon X1000 series,RV516,"January 8, 2007",AGP 8xPCIPCIe x16,128256512,DDR2,64 128,6.4 12.8,500,,400,4:2:4:4,,,27,90,107,100,,List_of_AMD_graphics_processing_units,2026-07-20T05:59:31Z,2026-07-20T05:59:31Z,,27,2007,2026-07-20 05:59:31
1198,Radeon X1600 PRO,AMD,Radeon X1000 series,RV530,"October 10, 2005",AGP 8×PCIe ×16,128256512,DDR2GDDR3,128,12.48,500,,390390–690,12:5:4:4,,,41,90,157,150,,List_of_AMD_graphics_processing_units,2026-07-20T05:59:31Z,2026-07-20T05:59:31Z,,41,2005,2026-07-20 05:59:31
1199,Radeon X1600 XT,AMD,Radeon X1000 series,RV530,"October 10, 2005 (PCIe)",AGP 8×PCIe ×16,256512,GDDR3,128,22.08,590,,690,12:5:4:4,,,42,90,157,150,,List_of_AMD_graphics_processing_units,2026-07-20T05:59:31Z,2026-07-20T05:59:31Z,,42,2005,2026-07-20 05:59:31
1200,Radeon X1650,AMD,Radeon X1000 series,RV530,"February 1, 2007",AGP 8×PCIe ×16,256512,DDR2,128,12.8,500,,400,12:5:4:4,,,,90,157,150,,List_of_AMD_graphics_processing_units,2026-07-20T05:59:31Z,2026-07-20T05:59:31Z,,,2007,2026-07-20 05:59:31
1202,Radeon X1650 GT,AMD,Radeon X1000 series,RV560,"May 1, 2007 (PCIe)October 1, 2007 (AGP)",AGP 8×PCIe x16,256512,GDDR3,128,12.8,400,,400,24:8:8:8,,,,80,330,230,,List_of_AMD_graphics_processing_units,2026-07-20T05:59:31Z,2026-07-20T05:59:31Z,,,2007,2026-07-20 05:59:31
1203,Radeon X1650 PRO,AMD,Radeon X1000 series,RV535,"August 23, 2006 (PCIe)October 15, 2006 (AGP)",AGP 8×PCIe x16,256512,GDDR3,128,22.4,600,,700,12:5:4:4,,,44,80,330,131,,List_of_AMD_graphics_processing_units,2026-07-20T05:59:31Z,2026-07-20T05:59:31Z,,44,2006,2026-07-20 05:59:31
1201,Radeon X1650 SE,AMD,Radeon X1000 series,RV516,,PCIe ×16,256,DDR2,128,12.8,635,,400,4:2:4:4,,,,90,105,,,List_of_AMD_graphics_processing_units,2026-07-20T05:59:31Z,2026-07-20T05:59:31Z,,,,2026-07-20 05:59:31
1204,Radeon X1650 XT,AMD,Radeon X1000 series,RV560,"October 30, 2006",AGP 8×PCIe x16,256512,GDDR3,128,22.4,525,,700,24:8:8:8,,,55,80,330,230,,List_of_AMD_graphics_processing_units,2026-07-20T05:59:31Z,2026-07-20T05:59:31Z,,55,2006,2026-07-20 05:59:31
1205,Radeon X1700 FSC,AMD,Radeon X1000 series,RV535,"November 5, 2007 (OEM)",PCIe ×16,256,GDDR3,128,22.2,587,,695,12:5:4:4,,,44,80,330,131,,List_of_AMD_graphics_processing_units,2026-07-20T05:59:31Z,2026-07-20T05:59:31Z,,44,2007,2026-07-20 05:59:31
1206,Radeon X1700 SE,AMD,Radeon X1000 series,RV560,"November 30, 2007",PCIe ×16,512,GDDR3,128,16.0,500,,500,24:8:8:8,,,50,80,330,230,,List_of_AMD_graphics_processing_units,2026-07-20T05:59:31Z,2026-07-20T05:59:31Z,,50,2007,2026-07-20 05:59:31
1208,Radeon X1800 GTO,AMD,Radeon X1000 series,R520,"March 9, 2006",PCIe ×16,256512,GDDR3,256,32.0,500,,495,12:8:12:8,,,48,90,321,288,,List_of_AMD_graphics_processing_units,2026-07-20T05:59:31Z,2026-07-20T05:59:31Z,,48,2006,2026-07-20 05:59:31
1209,Radeon X1800 XL,AMD,Radeon X1000 series,R520,"October 5, 2005",PCIe ×16,256,GDDR3,256,32.0,500,,500,16:8:16:16,,,70,90,321,288,,List_of_AMD_graphics_processing_units,2026-07-20T05:59:31Z,2026-07-20T05:59:31Z,,70,2005,2026-07-20 05:59:31
1210,Radeon X1800 XT,AMD,Radeon X1000 series,R520,"October 5, 2005",PCIe ×16,256512,GDDR3,256,48.0,625,,750,16:8:16:16,,,113,90,321,288,,List_of_AMD_graphics_processing_units,2026-07-20T05:59:31Z,2026-07-20T05:59:31Z,,113,2005,2026-07-20 05:59:31
1207,Radeon X1800CrossFire Edition,AMD,Radeon X1000 series,R520,"December 20, 2005",PCIe ×16,512,GDDR3,256,46.08,600,,700,16:8:16:16,,,113,90,321,288,,List_of_AMD_graphics_processing_units,2026-07-20T05:59:31Z,2026-07-20T05:59:31Z,,113,2005,2026-07-20 05:59:31
1212,Radeon X1900 GT,AMD,Radeon X1000 series,R580,"May 5, 2006",PCIe ×16,256,GDDR3,256,38.4,575,,600,36:8:12:12,,,75,90,384,352,,List_of_AMD_graphics_processing_units,2026-07-20T05:59:31Z,2026-07-20T05:59:31Z,,75,2006,2026-07-20 05:59:31
1213,Radeon X1900 GT Rev. 2,AMD,Radeon X1000 series,R580,"September 7, 2006",PCIe ×16,256,GDDR3,256,42.64,512,,600,36:8:12:12,,,,90,384,352,,List_of_AMD_graphics_processing_units,2026-07-20T05:59:31Z,2026-07-20T05:59:31Z,,,2006,2026-07-20 05:59:31
1214,Radeon X1900 XT,AMD,Radeon X1000 series,R580,"January 24, 2006",PCIe ×16,256512,GDDR3,256,46.4,625,,725,48:8:16:16,,,100,90,384,352,,List_of_AMD_graphics_processing_units,2026-07-20T05:59:31Z,2026-07-20T05:59:31Z,,100,2006,2026-07-20 05:59:31
1215,Radeon X1900 XTX,AMD,Radeon X1000 series,R580,"January 24, 2006",PCIe ×16,512,GDDR3,256,49.6,650,,775,48:8:16:16,,,135,90,384,352,,List_of_AMD_graphics_processing_units,2026-07-20T05:59:31Z,2026-07-20T05:59:31Z,,135,2006,2026-07-20 05:59:31
1211,Radeon X1900CrossFire Edition,AMD,Radeon X1000 series,R580,"January 24, 2006",PCIe ×16,512,GDDR3,256,46.4,625,,725,48:8:16:16,,,100,90,384,352,,List_of_AMD_graphics_processing_units,2026-07-20T05:59:31Z,2026-07-20T05:59:31Z,,100,2006,2026-07-20 05:59:31
1217,Radeon X1950 GT,AMD,Radeon X1000 series,RV570,"January 29, 2007 (PCIe)February 10, 2007 (AGP)",AGP 8xPCIe x16,256512,GDDR3,256,38.4,500,,600,36:8:12:12,,,57,80,330,230,,List_of_AMD_graphics_processing_units,2026-07-20T05:59:31Z,2026-07-20T05:59:31Z,,57,2007,2026-07-20 05:59:31
1218,Radeon X1950 PRO,AMD,Radeon X1000 series,RV570,"October 17, 2006 (PCIe)October 25, 2006 (AGP)",AGP 8xPCIe x16,256512,GDDR3,256,44.16,575,,690,36:8:12:12,,,66,80,330,230,,List_of_AMD_graphics_processing_units,2026-07-20T05:59:31Z,2026-07-20T05:59:31Z,,66,2006,2026-07-20 05:59:31
1219,Radeon X1950 XT,AMD,Radeon X1000 series,R580+,"October 17, 2006 (PCIe)February 18, 2007 (AGP)",AGP 8xPCIe 1.0 x16,256512,GDDR3,256,44.8 (AGP)57.6 (PCIe),625,,700 (AGP)900 (PCIe),48:8:16:16,,,96,80,384,352,,List_of_AMD_graphics_processing_units,2026-07-20T05:59:31Z,2026-07-20T05:59:31Z,,96,2006,2026-07-20 05:59:31
1220,Radeon X1950 XTX,AMD,Radeon X1000 series,R580+,"October 17, 2006",PCIe 1.0 ×16,512,GDDR4,256,64,650,,1000,48:8:16:16,,,125,80,384,352,,List_of_AMD_graphics_processing_units,2026-07-20T05:59:31Z,2026-07-20T05:59:31Z,,125,2006,2026-07-20 05:59:31
1216,Radeon X1950CrossFire Edition,AMD,Radeon X1000 series,R580+,"August 23, 2006",PCIe ×16,512,GDDR4,256,64,650,,1000,48:8:16:16,,,,80,384,352,,List_of_AMD_graphics_processing_units,2026-07-20T05:59:31Z,2026-07-20T05:59:31Z,,,2006,2026-07-20 05:59:31
1140,Radeon X300,AMD,Radeon R300 series,RV370 (hari),"September 1, 2004",,,DDR,128,6.4,325,,200,4:2:4:4,,,26,110,,,,List_of_AMD_graphics_processing_units,2026-07-20T05:59:30Z,2026-07-20T05:59:30Z,,26,2004,2026-07-20 05:59:30
1141,Radeon X300 LE,AMD,Radeon R300 series,RV370 (hari),"September 1, 2004",,,DDR,128,6.4,325,,200,4:2:4:4,,,,110,,,,List_of_AMD_graphics_processing_units,2026-07-20T05:59:30Z,2026-07-20T05:59:30Z,,,2004,2026-07-20 05:59:30
1142,Radeon X300 SE,AMD,Radeon R300 series,RV370 (hari),"September 1, 2004",,,DDR,64,3.2,325,,200,4:2:4:4,,,25,110,,,,List_of_AMD_graphics_processing_units,2026-07-20T05:59:30Z,2026-07-20T05:59:30Z,,25,2004,2026-07-20 05:59:30
1143,Radeon X300 SE HyperMemory,AMD,Radeon R300 series,RV370 (hari),"April 4, 2005",,,DDR,64,3.2,325,,300,4:2:4:4,,,,110,,,,List_of_AMD_graphics_processing_units,2026-07-20T05:59:30Z,2026-07-20T05:59:30Z,,,2005,2026-07-20 05:59:30
1144,Radeon X550,AMD,Radeon R300 series,RV370 (hari),"June 21, 2005",,,DDR,128 64,8 4,400,,250,4:2:4:4,,,,110,,,,List_of_AMD_graphics_processing_units,2026-07-20T05:59:30Z,2026-07-20T05:59:30Z,,,2005,2026-07-20 05:59:30
1145,Radeon X550 HyperMemory,AMD,Radeon R300 series,RV370 (hari),"June 21, 2005",,,DDR,128 64,8 4,400,,250,4:2:4:4,,,,110,,,,List_of_AMD_graphics_processing_units,2026-07-20T05:59:30Z,2026-07-20T05:59:30Z,,,2005,2026-07-20 05:59:30
1168,Radeon X550 XT,AMD,Radeon R400 series,RV410 (alto),"January 24, 2007",,128,DDR GDDR3,64 128,4.8 9.6,400,,300,4:6:4:8,,,,110,,,,List_of_AMD_graphics_processing_units,2026-07-20T05:59:30Z,2026-07-20T05:59:30Z,,,2007,2026-07-20 05:59:30
1169,Radeon X550 XTX,AMD,Radeon R400 series,RV410 (alto),"January 24, 2007",,128,DDR GDDR3,64 128,4.8 9.6,400,,300,8:6:8:8,,,,110,,,,List_of_AMD_graphics_processing_units,2026-07-20T05:59:30Z,2026-07-20T05:59:30Z,,,2007,2026-07-20 05:59:30
1147,Radeon X600,AMD,Radeon R300 series,RV370 (hari),"September 1, 2004",,,DDR,128,8,400,,250,4:2:4:4,,,30,110,,,,List_of_AMD_graphics_processing_units,2026-07-20T05:59:30Z,2026-07-20T05:59:30Z,,30,2004,2026-07-20 05:59:30
1148,Radeon X600 Pro (RV370),AMD,Radeon R300 series,RV370 (hari),"September 1, 2004",,,DDR,128,9.6,400,,300,4:2:4:4,,,30,110,,,,List_of_AMD_graphics_processing_units,2026-07-20T05:59:30Z,2026-07-20T05:59:30Z,,30,2004,2026-07-20 05:59:30
1149,Radeon X600 Pro (RV380),AMD,Radeon R300 series,RV380 (vishnu),"September 1, 2004",,,DDR,128,9.6,400,,300,4:2:4:4,,,31,130,,,,List_of_AMD_graphics_processing_units,2026-07-20T05:59:30Z,2026-07-20T05:59:30Z,,31,2004,2026-07-20 05:59:30
1146,Radeon X600 SE,AMD,Radeon R300 series,RV370 (hari),"September 1, 2004",,,DDR,64,4,325,,250,4:2:4:4,,,,110,,,,List_of_AMD_graphics_processing_units,2026-07-20T05:59:30Z,2026-07-20T05:59:30Z,,,2004,2026-07-20 05:59:30
1150,Radeon X600 XT,AMD,Radeon R300 series,RV380 (vishnu),"September 1, 2004",,,DDR,128,11.84,500,,370,4:2:4:4,,,,130,,,,List_of_AMD_graphics_processing_units,2026-07-20T05:59:30Z,2026-07-20T05:59:30Z,,,2004,2026-07-20 05:59:30
1155,Radeon X700,AMD,Radeon R400 series,RV410 (alto),Sept. 2005,,"128, 256",DDR,128,811.2,400,,250350,8:6:8:8,,,31,110,,,,List_of_AMD_graphics_processing_units,2026-07-20T05:59:30Z,2026-07-20T05:59:30Z,,31,2005,2026-07-20 05:59:30
1171,Radeon X700 LE,AMD,Radeon R400 series,RV410 (alto),"December 21, 2004",,128,DDR,64,4,400,,250,8:6:8:8,,,29,110,,,,List_of_AMD_graphics_processing_units,2026-07-20T05:59:30Z,2026-07-20T05:59:30Z,,29,2004,2026-07-20 05:59:30
1156,Radeon X700 Pro,AMD,Radeon R400 series,RV410 (alto),"December 21, 2004",,"128, 256",GDDR3,128,13.824,425,,432,8:6:8:8,,,39,110,,,,List_of_AMD_graphics_processing_units,2026-07-20T05:59:30Z,2026-07-20T05:59:30Z,,39,2004,2026-07-20 05:59:30
1170,Radeon X700 SE,AMD,Radeon R400 series,RV410 (alto),"April 1, 2005",,128,DDR,64,3.2,400,,200250,4:6:4:8,,,,110,,,,List_of_AMD_graphics_processing_units,2026-07-20T05:59:30Z,2026-07-20T05:59:30Z,,,2005,2026-07-20 05:59:30
1175,Radeon X700 XT,AMD,Radeon R400 series,RV410 (alto),Never Released,,"128, 256",GDDR3,128,16.8,475,,525,8:6:8:8,,,38,110,,,,List_of_AMD_graphics_processing_units,2026-07-20T05:59:30Z,2026-07-20T05:59:30Z,,38,,2026-07-20 05:59:30
1176,Radeon X740 XL,AMD,Radeon R400 series,RV410 (alto),"March 7, 2005 (Medion OEM)",,128,GDDR3,128,14.4,425,,450,8:6:8:8,,,34,110,,,,List_of_AMD_graphics_processing_units,2026-07-20T05:59:30Z,2026-07-20T05:59:30Z,,34,2005,2026-07-20 05:59:30
1159,Radeon X800,AMD,Radeon R400 series,R430 (thor),"December 1, 2004",,"128, 256",GDDR3,256,22.4,392,,350,12:6:12:16,,,,110,,,,List_of_AMD_graphics_processing_units,2026-07-20T05:59:30Z,2026-07-20T05:59:30Z,,,2004,2026-07-20 05:59:30
1158,Radeon X800 GT,AMD,Radeon R400 series,R420 (loki),"December 6, 2005",,256,GDDR3,256,31.36,475,,490,8:6:8:16,,,35,130,,,,List_of_AMD_graphics_processing_units,2026-07-20T05:59:30Z,2026-07-20T05:59:30Z,,35,2005,2026-07-20 05:59:30
1177,Radeon X800 GT 128 MB,AMD,Radeon R400 series,R423R480 (thor),"August 1, 2005",,128,DDR,256,22.4,475,,175,8:6:8:16,,,32,130,,,,List_of_AMD_graphics_processing_units,2026-07-20T05:59:30Z,2026-07-20T05:59:30Z,,32,2005,2026-07-20 05:59:30
1178,Radeon X800 GT 256 MB,AMD,Radeon R400 series,R423R480 (thor),"August 1, 2005",,256,GDDR3,256,31.36,475,,490,8:6:8:16,,,35,130,,,,List_of_AMD_graphics_processing_units,2026-07-20T05:59:30Z,2026-07-20T05:59:30Z,,35,2005,2026-07-20 05:59:30
1160,Radeon X800 GTO,AMD,Radeon R400 series,R420 (loki),"December 6, 2005",,256,GDDR3,256,31.36,400,,490,12:6:12:16,,,31,130,,,,List_of_AMD_graphics_processing_units,2026-07-20T05:59:30Z,2026-07-20T05:59:30Z,,31,2005,2026-07-20 05:59:30
1180,Radeon X800 GTO 128 MB,AMD,Radeon R400 series,R423R480R430 (thor),"September 15, 2005",,128,GDDR3,256,22.4,400,,350,12:6:12:16,,,30,130110,,,,List_of_AMD_graphics_processing_units,2026-07-20T05:59:30Z,2026-07-20T05:59:30Z,,30,2005,2026-07-20 05:59:30
1181,Radeon X800 GTO 256 MB,AMD,Radeon R400 series,R423R480R430 (thor),"September 15, 2005",,256,GDDR3,256,31.36,400,,490,12:6:12:16,,,31,130110,,,,List_of_AMD_graphics_processing_units,2026-07-20T05:59:30Z,2026-07-20T05:59:30Z,,31,2005,2026-07-20 05:59:30
1161,Radeon X800 Pro,AMD,Radeon R400 series,R423 (thor),"May 5, 2004",,256,GDDR3,256,28.8,475,,450,12:6:12:16,,,49,130,,,,List_of_AMD_graphics_processing_units,2026-07-20T05:59:30Z,2026-07-20T05:59:31Z,,49,2004,2026-07-20 05:59:30
1157,Radeon X800 SE,AMD,Radeon R400 series,R420 (loki),Oct 2004,,256,GDDR3,256,25.6,425,,400,8:6:8:8,,,,130,,,,List_of_AMD_graphics_processing_units,2026-07-20T05:59:30Z,2026-07-20T05:59:30Z,,,2004,2026-07-20 05:59:30
1162,Radeon X800 XL,AMD,Radeon R400 series,R430 (thor),"December 1, 2004 (256 MB)May 4, 2005 (512 MB)",,"256, 512",GDDR3,256,31.36,400,,490,16:6:16:16,,,56,110,,,,List_of_AMD_graphics_processing_units,2026-07-20T05:59:30Z,2026-07-20T05:59:31Z,,56,2004,2026-07-20 05:59:30
1163,Radeon X800 XT,AMD,Radeon R400 series,R423 (thor),"December 1, 2004",,256,GDDR3,256,32,500,,500,16:6:16:16,,,83,130,,,,List_of_AMD_graphics_processing_units,2026-07-20T05:59:30Z,2026-07-20T05:59:31Z,,83,2004,2026-07-20 05:59:30
1164,Radeon X800 XT PE,AMD,Radeon R400 series,R420 (loki),"May 4, 2004",,256,GDDR3,256,35.84,520,,560,16:6:16:16,,,87,130,,,,List_of_AMD_graphics_processing_units,2026-07-20T05:59:30Z,2026-07-20T05:59:30Z,,87,2004,2026-07-20 05:59:30
1185,Radeon X800 XT Platinum Edition,AMD,Radeon R400 series,R423 (thor),"May 5, 2004",,256,GDDR3,256,35.84,520,,560,16:6:16:16,,,88,130,,,,List_of_AMD_graphics_processing_units,2026-07-20T05:59:31Z,2026-07-20T05:59:31Z,,88,2004,2026-07-20 05:59:31
1165,Radeon X850 Pro,AMD,Radeon R400 series,R480 (thor),"December 1, 2004",,256,GDDR3,256,33.28,507,,520,12:6:12:16,,,,130,,,,List_of_AMD_graphics_processing_units,2026-07-20T05:59:30Z,2026-07-20T05:59:31Z,,,2004,2026-07-20 05:59:30
1166,Radeon X850 XT,AMD,Radeon R400 series,R480 (thor),"December 1, 2004",,256,GDDR3,256,34.56,520,,540,16:6:16:16,,,86,130,,,,List_of_AMD_graphics_processing_units,2026-07-20T05:59:30Z,2026-07-20T05:59:31Z,,86,2004,2026-07-20 05:59:30
1188,Radeon X850 XT CrossFire Master,AMD,Radeon R400 series,R480 (thor),"September 29, 2004",,256,GDDR3,256,34.56,520,,540,16:6:16:16,,,,130,,,,List_of_AMD_graphics_processing_units,2026-07-20T05:59:31Z,2026-07-20T05:59:31Z,,,2004,2026-07-20 05:59:31
1167,Radeon X850 XT PE,AMD,Radeon R400 series,R481,"February 28, 2005",,256,GDDR3,256,37.76,540,,590,16:6:16:16,,,,130,,,,List_of_AMD_graphics_processing_units,2026-07-20T05:59:30Z,2026-07-20T05:59:30Z,,,2005,2026-07-20 05:59:30
1189,Radeon X850 XT Platinum Edition,AMD,Radeon R400 series,R480 (thor),"December 21, 2004",,256,GDDR3,256,37.76,540,,590,16:6:16:16,,,,130,,,,List_of_AMD_graphics_processing_units,2026-07-20T05:59:31Z,2026-07-20T05:59:31Z,,,2004,2026-07-20 05:59:31
1153,Radeon Xpress 1100 (originally Xpress 200),AMD,Radeon R300 series,RS482 (grayskull),2005,HT,,"DDR, DDR2","64, 128",1.6- 12.8 system,300,,"200-400 (DDR), 400-800 (DDR2)",4:2:2:2,,,,110,,,,List_of_AMD_graphics_processing_units,2026-07-20T05:59:30Z,2026-07-20T05:59:30Z,,,2005,2026-07-20 05:59:30
1154,Radeon Xpress 1150 (originally Xpress 200 for Intel),AMD,Radeon R300 series,"RC400, RC410, RS400, RS415, RS485","March 11, 2005 (Intel), May 23, 2006 (AMD)","HT, FSB",,"DDR, DDR2","64, 128",1.6-12.8,400,,"200-400 (DDR), 400-800 (DDR2)",4:2:2:2,,,,110,,,,List_of_AMD_graphics_processing_units,2026-07-20T05:59:30Z,2026-07-20T05:59:30Z,,,2005,2026-07-20 05:59:30
1192,Radeon Xpress 2100,AMD,Radeon R400 series,RS740 (titan),"March 4, 2008",HT 2.0,256 – 512,DDR2,128,6.4 – 12.8,500,,400 – 800,4:2:4:4,,,,55,,,,List_of_AMD_graphics_processing_units,2026-07-20T05:59:31Z,2026-07-20T05:59:31Z,,,2008,2026-07-20 05:59:31
1190,Radeon Xpress X1200,AMD,Radeon R400 series,RS690C (zeus),"February 28, 2007",HT 2.0,256 – 512,DDR2,128,6.4 – 12.8,350,,400 – 800,4:2:4:4,,,,80,,,,List_of_AMD_graphics_processing_units,2026-07-20T05:59:31Z,2026-07-20T05:59:31Z,,,2007,2026-07-20 05:59:31
1191,Radeon Xpress X1250,AMD,Radeon R400 series,"RS600, RS690 (zeus)","August 29, 2006 (Intel), February 28, 2007 (AMD)","FSB, HT 2.0",256 – 512,DDR2,128,6.4 – 12.8,400,,400 – 800,4:2:4:4,,,,80,,,,List_of_AMD_graphics_processing_units,2026-07-20T05:59:31Z,2026-07-20T05:59:31Z,,,2006,2026-07-20 05:59:31
1152,Radeon Xpress X200,AMD,Radeon R300 series,RS480 (metallo),"November 8, 2004",HT,,DDR,"64, 128",1.6-6.4 system + 0.8 sideport,300,,"200-400 (DDR), 200 (sideport)",4:2:2:2,,,,130,,,,List_of_AMD_graphics_processing_units,2026-07-20T05:59:30Z,2026-07-20T05:59:30Z,,,2004,2026-07-20 05:59:30
1349,RadeonHD 8350(Cedar),AMD,Radeon HD 8000 series,,"January 8, 2013",PCIe 2.1 ×16,,DDR2DDR364-bit,,,,,,,,,6.419.1,TeraScale 2(40 nm),292×10659 mm2,,,List_of_AMD_graphics_processing_units,2026-07-20T05:59:34Z,2026-07-20T05:59:34Z,,6,2013,2026-07-20 05:59:34
1350,RadeonHD 8450(Caicos),AMD,Radeon HD 8000 series,,"January 8, 2013",PCIe 2.1 ×16,,DDR364-bit,,,,,,,,,918,TeraScale 2(40 nm),370×10667 mm2,,,List_of_AMD_graphics_processing_units,2026-07-20T05:59:34Z,2026-07-20T05:59:34Z,,918,2013,2026-07-20 05:59:34
1351,RadeonHD 8470(Caicos),AMD,Radeon HD 8000 series,,"January 8, 2013",PCIe 2.1 ×16,,GDDR564-bit,,,,,,,,,935,TeraScale 2(40 nm),370×10667 mm2,,,List_of_AMD_graphics_processing_units,2026-07-20T05:59:34Z,2026-07-20T05:59:34Z,,935,2013,2026-07-20 05:59:34
1352,RadeonHD 8490(Caicos),AMD,Radeon HD 8000 series,,"July 23, 2013",PCIe 2.1 ×16,,DDR3LGDDR564-bit,,,,,,,,,935,TeraScale 2(40 nm),370×10667 mm2,,,List_of_AMD_graphics_processing_units,2026-07-20T05:59:34Z,2026-07-20T05:59:34Z,,935,2013,2026-07-20 05:59:34
1626,RadeonHD 8550M / 8630M(Sun LE),AMD,Radeon HD 8000M series,,8 January 2013,,,DDR364,,,,,,,,,Unknown,GCN 1st gen(28 nm),,,,List_of_AMD_graphics_processing_units,2026-07-20T05:59:40Z,2026-07-20T05:59:40Z,,,2013,2026-07-20 05:59:40
1353,RadeonHD 8570(Oland),AMD,Radeon HD 8000 series,,"January 8, 2013",PCIe 3.0 ×8,,DDR3GDDR5128-bit,,,,,,,,,1266,GCN 1st gen(28 nm),950×10677 mm2,,,List_of_AMD_graphics_processing_units,2026-07-20T05:59:34Z,2026-07-20T05:59:34Z,,1266,2013,2026-07-20 05:59:34
1627,RadeonHD 8570M / 8650M(Sun Pro),AMD,Radeon HD 8000M series,,8 January 2013,,,GDDR564,,,,,,,,,Unknown,GCN 1st gen(28 nm),,,,List_of_AMD_graphics_processing_units,2026-07-20T05:59:40Z,2026-07-20T05:59:40Z,,,2013,2026-07-20 05:59:40
1354,RadeonHD 8670(Oland),AMD,Radeon HD 8000 series,,"January 8, 2013",PCIe 3.0 ×8,,GDDR5128-bit,,,,,,,,,1686,GCN 1st gen(28 nm),950×10677 mm2,,,List_of_AMD_graphics_processing_units,2026-07-20T05:59:34Z,2026-07-20T05:59:34Z,,1686,2013,2026-07-20 05:59:34
1628,RadeonHD 8670M(Mars XT),AMD,Radeon HD 8000M series,,8 January 2013,,,DDR364,,,,,,,,,Unknown,GCN 1st gen(28 nm),,,,List_of_AMD_graphics_processing_units,2026-07-20T05:59:40Z,2026-07-20T05:59:40Z,,,2013,2026-07-20 05:59:40
1629,RadeonHD 8690M(Sun XT),AMD,Radeon HD 8000M series,,8 January 2013,,,GDDR564,,,,,,,,,Unknown,GCN 1st gen(28 nm),,,,List_of_AMD_graphics_processing_units,2026-07-20T05:59:40Z,2026-07-20T05:59:40Z,,,2013,2026-07-20 05:59:40
1355,RadeonHD 8730(Cape Verde LE),AMD,Radeon HD 8000 series,,"September 5, 2013",PCIe 3.0 ×16,,GDDR5128-bit,,,,,,,,,1047,GCN 1st gen(28 nm),1500×106123 mm2,,,List_of_AMD_graphics_processing_units,2026-07-20T05:59:34Z,2026-07-20T05:59:34Z,,1047,2013,2026-07-20 05:59:34
1630,RadeonHD 8730M(Mars LE),AMD,Radeon HD 8000M series,,8 January 2013,,,DDR3128,,,,,,,,,Unknown,GCN 1st gen(28 nm),,,,List_of_AMD_graphics_processing_units,2026-07-20T05:59:40Z,2026-07-20T05:59:40Z,,,2013,2026-07-20 05:59:40
1631,RadeonHD 8750M(Mars Pro),AMD,Radeon HD 8000M series,,8 January 2013,,,DDR3GDDR5128,,,,,,,,,Unknown,GCN 1st gen(28 nm),,,,List_of_AMD_graphics_processing_units,2026-07-20T05:59:40Z,2026-07-20T05:59:40Z,,,2013,2026-07-20 05:59:40
1356,RadeonHD 8760(Cape Verde XT),AMD,Radeon HD 8000 series,,"January 8, 2013",PCIe 3.0 ×16,,GDDR5128-bit,,,,,,,,,1680,GCN 1st gen(28 nm),1500×106123 mm2,,,List_of_AMD_graphics_processing_units,2026-07-20T05:59:34Z,2026-07-20T05:59:34Z,,1680,2013,2026-07-20 05:59:34
1357,RadeonHD 8770(Bonaire XT),AMD,Radeon HD 8000 series,,"September 2, 2013",PCIe 3.0 ×16,,GDDR5128-bit,,,,,,,,,1085,GCN 2nd gen(28 nm),2080×106160 mm2,,,List_of_AMD_graphics_processing_units,2026-07-20T05:59:34Z,2026-07-20T05:59:34Z,,1085,2013,2026-07-20 05:59:34
1632,RadeonHD 8770M(Mars XT),AMD,Radeon HD 8000M series,,8 January 2013,,,GDDR5128,,,,,,,,,Unknown,GCN 1st gen(28 nm),,,,List_of_AMD_graphics_processing_units,2026-07-20T05:59:40Z,2026-07-20T05:59:40Z,,,2013,2026-07-20 05:59:40
1633,RadeonHD 8790M(Mars XTX),AMD,Radeon HD 8000M series,,8 January 2013,,,GDDR5128,,,,,,,,,Unknown,GCN 1st gen(28 nm),,,,List_of_AMD_graphics_processing_units,2026-07-20T05:59:40Z,2026-07-20T05:59:40Z,,,2013,2026-07-20 05:59:40
1634,RadeonHD 8830M(Venus LE),AMD,Radeon HD 8000M series,,8 January 2013,,,DDR3128,,,,,,,,,Unknown,GCN 1st gen(28 nm),,,,List_of_AMD_graphics_processing_units,2026-07-20T05:59:40Z,2026-07-20T05:59:40Z,,,2013,2026-07-20 05:59:40
1635,RadeonHD 8850M(Venus Pro),AMD,Radeon HD 8000M series,,8 January 2013,,,DDR3GDDR5128,,,,,,,,,Unknown,GCN 1st gen(28 nm),,,,List_of_AMD_graphics_processing_units,2026-07-20T05:59:40Z,2026-07-20T05:59:40Z,,,2013,2026-07-20 05:59:40
1358,RadeonHD 8870(Pitcairn XT),AMD,Radeon HD 8000 series,,"January 8, 2013",PCIe 3.0 ×16,,GDDR5256-bit,,,,,,,,,15150,GCN 1st gen(28 nm),2800×106212 mm2,,,List_of_AMD_graphics_processing_units,2026-07-20T05:59:34Z,2026-07-20T05:59:34Z,,15150,2013,2026-07-20 05:59:34
1636,RadeonHD 8870M(Venus XT),AMD,Radeon HD 8000M series,,8 January 2013,,,DDR3GDDR5128,,,,,,,,,Unknown,GCN 1st gen(28 nm),,,,List_of_AMD_graphics_processing_units,2026-07-20T05:59:40Z,2026-07-20T05:59:40Z,,,2013,2026-07-20 05:59:40
1359,RadeonHD 8950(Tahiti Pro),AMD,Radeon HD 8000 series,,"January 8, 2013",PCIe 3.0 ×16,,GDDR5384-bit,,,,,,,,,15225,GCN 1st gen(28 nm),4313×106352 mm2,,,List_of_AMD_graphics_processing_units,2026-07-20T05:59:34Z,2026-07-20T05:59:34Z,,15225,2013,2026-07-20 05:59:34
1360,RadeonHD 8970(Tahiti XT2),AMD,Radeon HD 8000 series,,"January 8, 2013",PCIe 3.0 ×16,,GDDR5384-bit,,,,,,,,,15250,GCN 1st gen(28 nm),4313×106352 mm2,,,List_of_AMD_graphics_processing_units,2026-07-20T05:59:34Z,2026-07-20T05:59:34Z,,15250,2013,2026-07-20 05:59:34
1637,RadeonHD 8970M(Neptune XT),AMD,Radeon HD 8000M series,,8 January 2013,,,GDDR5256,,,,,,,,,100,GCN 1st gen(28 nm),,,,List_of_AMD_graphics_processing_units,2026-07-20T05:59:40Z,2026-07-20T05:59:40Z,,100,2013,2026-07-20 05:59:40
1361,RadeonHD 8990(Malta),AMD,Radeon HD 8000 series,,"April 24, 2013",PCIe 3.0 ×16,,GDDR5384-bit,,,,,,,,,15375,GCN 1st gen(28 nm),2× 4313×1062× 352 mm2,,,List_of_AMD_graphics_processing_units,2026-07-20T05:59:34Z,2026-07-20T05:59:34Z,,15375,2013,2026-07-20 05:59:34
1407,RadeonPro Duo(Fiji XT),AMD,Radeon 300 series,,,PCIe 3.0 x4 x8 ×16,,HBM4096-bit,,,,,,,,,,GCN 3rd gen(28 nm),2× 8900×1062× 596 mm2,,,List_of_AMD_graphics_processing_units,2026-07-20T05:59:35Z,2026-07-20T05:59:35Z,,,,2026-07-20 05:59:35
1364,RadeonR5 220(Caicos Pro),AMD,Radeon 200 series,,,PCIe 2.1 ×16,,DDR364-bit,,,,,,,,,,Terascale 240 nm,370×10667 mm2,,,List_of_AMD_graphics_processing_units,2026-07-20T05:59:34Z,2026-07-20T05:59:34Z,,,,2026-07-20 05:59:34
1365,RadeonR5 230(Caicos Pro),AMD,Radeon 200 series,,,PCIe 2.1 ×16,,DDR364-bit,,,,,,,,,,Terascale 240 nm,370×10667 mm2,,,List_of_AMD_graphics_processing_units,2026-07-20T05:59:34Z,2026-07-20T05:59:34Z,,,,2026-07-20 05:59:34
1366,RadeonR5 235(Caicos XT),AMD,Radeon 200 series,,,PCIe 2.1 ×16,,DDR364-bit,,,,,,,,,,Terascale 240 nm,370×10667 mm2,,,List_of_AMD_graphics_processing_units,2026-07-20T05:59:35Z,2026-07-20T05:59:35Z,,,,2026-07-20 05:59:35
1367,RadeonR5 235X(Caicos XT),AMD,Radeon 200 series,,,PCIe 2.1 ×16,,DDR364-bit,,,,,,,,,,Terascale 240 nm,370×10667 mm2,,,List_of_AMD_graphics_processing_units,2026-07-20T05:59:35Z,2026-07-20T05:59:35Z,,,,2026-07-20 05:59:35
1368,RadeonR5 240(Oland),AMD,Radeon 200 series,,,PCIe 3.0 ×8,,DDR3GDDR364-bit,,,,,,,,,,GCN 1st gen28 nm,1040×10690 mm2,,,List_of_AMD_graphics_processing_units,2026-07-20T05:59:35Z,2026-07-20T05:59:35Z,,,,2026-07-20 05:59:35
1387,RadeonR5 330(Oland Pro),AMD,Radeon 300 series,,,PCIe 3.0 x4 x8 ×16,,DDR3128-bit,,,,,,,,,,GCN 1st gen(28 nm),1040×10690 mm2,,,List_of_AMD_graphics_processing_units,2026-07-20T05:59:35Z,2026-07-20T05:59:35Z,,,,2026-07-20 05:59:35
1388,RadeonR5 340(Oland XT),AMD,Radeon 300 series,,,PCIe 3.0 x4 x8 ×16,,DDR3GDDR5128-bit,,,,,,,,,,GCN 1st gen(28 nm),1040×10690 mm2,,,List_of_AMD_graphics_processing_units,2026-07-20T05:59:35Z,2026-07-20T05:59:35Z,,,,2026-07-20 05:59:35
1390,RadeonR5 340X(Oland XT),AMD,Radeon 300 series,,,PCIe 3.0 x4 x8 ×16,,DDR364-bit,,,,,,,,,,GCN 1st gen(28 nm),1040×10690 mm2,,,List_of_AMD_graphics_processing_units,2026-07-20T05:59:35Z,2026-07-20T05:59:35Z,,,,2026-07-20 05:59:35
1638,RadeonR5 M230(Jet Pro),AMD,Radeon M200 series,,January 2014,,,DDR364-bit,,,,,,,,,Unknown,GCN 1st gen(28 nm),,,,List_of_AMD_graphics_processing_units,2026-07-20T05:59:40Z,2026-07-20T05:59:40Z,,,2014,2026-07-20 05:59:40
1639,RadeonR5 M255(Topaz Pro),AMD,Radeon M200 series,,October 2014,,,DDR364-bit,,,,,,,,,Unknown,GCN 3rd gen(28 nm),,,,List_of_AMD_graphics_processing_units,2026-07-20T05:59:40Z,2026-07-20T05:59:40Z,,,2014,2026-07-20 05:59:40
1649,RadeonR5 M330(Exo Pro),AMD,Radeon M300 series,,2015,,,DDR364-bit,,,,,,,,,18 W,GCN 1st gen(28 nm),,,,List_of_AMD_graphics_processing_units,2026-07-20T05:59:40Z,2026-07-20T05:59:40Z,,18,2015,2026-07-20 05:59:40
1650,RadeonR5 M335(Exo Pro),AMD,Radeon M300 series,,2015,,,DDR364-bit,,,,,,,,,Unknown,GCN 1st gen(28 nm),,,,List_of_AMD_graphics_processing_units,2026-07-20T05:59:40Z,2026-07-20T05:59:40Z,,,2015,2026-07-20 05:59:40
1662,RadeonR5 M420(Jet Pro),AMD,Radeon M400 series,,15 May 2016,,,DDR364-bit,,,,,,,,,~20 W,GCN 1st gen28 nm,,,,List_of_AMD_graphics_processing_units,2026-07-20T05:59:41Z,2026-07-20T05:59:41Z,,20,2016,2026-07-20 05:59:41
1663,RadeonR5 M430(Exo Pro),AMD,Radeon M400 series,,15 May 2016,,,DDR364-bit,,,,,,,,,18 W,GCN 1st gen28 nm,,,,List_of_AMD_graphics_processing_units,2026-07-20T05:59:41Z,2026-07-20T05:59:41Z,,18,2016,2026-07-20 05:59:41
1369,RadeonR7 240(Oland Pro),AMD,Radeon 200 series,,,PCIe 3.0 ×8,,DDR3GDDR5128-bit,,,,,,,,,,GCN 1st gen28 nm,1040×10690 mm2,,,List_of_AMD_graphics_processing_units,2026-07-20T05:59:35Z,2026-07-20T05:59:35Z,,,,2026-07-20 05:59:35
1370,RadeonR7 250(Oland XT),AMD,Radeon 200 series,,,PCIe 3.0 ×8,,DDR3GDDR5128-bit,,,,,,,,,,GCN 1st gen28 nm,1040×10690 mm2,,,List_of_AMD_graphics_processing_units,2026-07-20T05:59:35Z,2026-07-20T05:59:35Z,,,,2026-07-20 05:59:35
1371,RadeonR7 250E(Cape Verde Pro),AMD,Radeon 200 series,,,PCIe 3.0 ×16,,GDDR5128-bit,,,,,,,,,,GCN 1st gen28 nm,1500×106123 mm2,,,List_of_AMD_graphics_processing_units,2026-07-20T05:59:35Z,2026-07-20T05:59:35Z,,,,2026-07-20 05:59:35
1372,RadeonR7 250X(Cape Verde XT),AMD,Radeon 200 series,,,PCIe 3.0 ×16,,GDDR5128-bit,,,,,,,,,,GCN 1st gen28 nm,1500×106123 mm2,,,List_of_AMD_graphics_processing_units,2026-07-20T05:59:35Z,2026-07-20T05:59:35Z,,,,2026-07-20 05:59:35
1373,RadeonR7 260(Bonaire),AMD,Radeon 200 series,,,PCIe 3.0 ×16,,GDDR5128-bit,,,,,,,,,,GCN 2nd gen28 nm,2080×106160 mm2,,,List_of_AMD_graphics_processing_units,2026-07-20T05:59:35Z,2026-07-20T05:59:35Z,,,,2026-07-20 05:59:35
1374,RadeonR7 260X(Bonaire XTX),AMD,Radeon 200 series,,,PCIe 3.0 ×16,,GDDR5128-bit,,,,,,,,,,GCN 2nd gen28 nm,2080×106160 mm2,,,List_of_AMD_graphics_processing_units,2026-07-20T05:59:35Z,2026-07-20T05:59:35Z,,,,2026-07-20 05:59:35
1375,RadeonR7 265(Pitcairn Pro),AMD,Radeon 200 series,,,PCIe 3.0 ×16,,GDDR5256-bit,,,,,,,,,,GCN 1st gen28 nm,2800×106212 mm2,,,List_of_AMD_graphics_processing_units,2026-07-20T05:59:35Z,2026-07-20T05:59:35Z,,,,2026-07-20 05:59:35
1389,RadeonR7 340(Oland XT),AMD,Radeon 300 series,,,PCIe 3.0 x4 x8 ×16,,DDR3GDDR5128-bit,,,,,,,,,,GCN 1st gen(28 nm),1040×10690 mm2,,,List_of_AMD_graphics_processing_units,2026-07-20T05:59:35Z,2026-07-20T05:59:35Z,,,,2026-07-20 05:59:35
1392,RadeonR7 350(Cape Verde XTL),AMD,Radeon 300 series,,,PCIe 3.0 x4 x8 ×16,,GDDR5128-bit,,,,,,,,,,GCN 1st gen(28 nm),1500×106123 mm2,,,List_of_AMD_graphics_processing_units,2026-07-20T05:59:35Z,2026-07-20T05:59:35Z,,,,2026-07-20 05:59:35
1391,RadeonR7 350(Oland XT),AMD,Radeon 300 series,,,PCIe 3.0 x4 x8 ×16,,DDR3GDDR5128-bit,,,,,,,,,,GCN 1st gen(28 nm),1040×10690 mm2,,,List_of_AMD_graphics_processing_units,2026-07-20T05:59:35Z,2026-07-20T05:59:35Z,,,,2026-07-20 05:59:35
1393,RadeonR7 350X(Oland XT),AMD,Radeon 300 series,,,PCIe 3.0 x4 x8 ×16,,DDR3128-bit,,,,,,,,,,GCN 1st gen(28 nm),1040×10690 mm2,,,List_of_AMD_graphics_processing_units,2026-07-20T05:59:35Z,2026-07-20T05:59:35Z,,,,2026-07-20 05:59:35
1394,RadeonR7 360(Bonaire Pro),AMD,Radeon 300 series,,,PCIe 3.0 x4 x8 ×16,,GDDR5128-bit,,,,,,,,,,GCN 2nd gen(28 nm),2080×106160 mm2,,,List_of_AMD_graphics_processing_units,2026-07-20T05:59:35Z,2026-07-20T05:59:35Z,,,,2026-07-20 05:59:35
1396,RadeonR7 370(Pitcairn Pro),AMD,Radeon 300 series,,,PCIe 3.0 x4 x8 ×16,,GDDR5256-bit,,,,,,,,,,GCN 1st gen(28 nm),2800×106212 mm2,,,List_of_AMD_graphics_processing_units,2026-07-20T05:59:35Z,2026-07-20T05:59:35Z,,,,2026-07-20 05:59:35
1640,RadeonR7 M260(Topaz XT),AMD,Radeon M200 series,,June 2014,,,DDR3128-bit,,,,,,,,,Unknown,GCN 3rd gen(28 nm),,,,List_of_AMD_graphics_processing_units,2026-07-20T05:59:40Z,2026-07-20T05:59:40Z,,,2014,2026-07-20 05:59:40
1641,RadeonR7 M260X(Opal Pro),AMD,Radeon M200 series,,December 2015,,,GDDR5128-bit,,,,,,,,,Unknown,GCN 1st gen(28 nm),,,,List_of_AMD_graphics_processing_units,2026-07-20T05:59:40Z,2026-07-20T05:59:40Z,,,2015,2026-07-20 05:59:40
1642,RadeonR7 M265(Opal XT),AMD,Radeon M200 series,,May 2014,,,DDR364-bit,,,,,,,,,Unknown,GCN 1st gen(28 nm),,,,List_of_AMD_graphics_processing_units,2026-07-20T05:59:40Z,2026-07-20T05:59:40Z,,,2014,2026-07-20 05:59:40
1651,RadeonR7 M360(Meso XT),AMD,Radeon M300 series,,2015,,,DDR364-bit,,,,,,,,,Unknown,GCN 1st gen(28 nm),,,,List_of_AMD_graphics_processing_units,2026-07-20T05:59:40Z,2026-07-20T05:59:40Z,,,2015,2026-07-20 05:59:40
1664,RadeonR7 M435(Jet Pro),AMD,Radeon M400 series,,15 May 2016,,,GDDR564-bit,,,,,,,,,~20 W,GCN 1st gen28 nm,,,,List_of_AMD_graphics_processing_units,2026-07-20T05:59:41Z,2026-07-20T05:59:41Z,,20,2016,2026-07-20 05:59:41
1665,RadeonR7 M440(Meso Pro),AMD,Radeon M400 series,,15 May 2016,,,DDR364-bit,,,,,,,,,~20 W,GCN 1st gen28 nm,,,,List_of_AMD_graphics_processing_units,2026-07-20T05:59:41Z,2026-07-20T05:59:41Z,,20,2016,2026-07-20 05:59:41
1666,RadeonR7 M445(Meso Pro),AMD,Radeon M400 series,,14 May 2016,,,GDDR564-bit,,,,,,,,,~20 W,GCN 1st gen28 nm,,,,List_of_AMD_graphics_processing_units,2026-07-20T05:59:41Z,2026-07-20T05:59:41Z,,20,2016,2026-07-20 05:59:41
1667,RadeonR7 M460(Meso XT),AMD,Radeon M400 series,,April 2016,,,DDR364-bit,,,,,,,,,Unknown,GCN 1st gen28 nm,,,,List_of_AMD_graphics_processing_units,2026-07-20T05:59:41Z,2026-07-20T05:59:41Z,,,2016,2026-07-20 05:59:41
1669,RadeonR7 M465(Litho XT),AMD,Radeon M400 series,,May 2016,,,GDDR5128-bit,,,,,,,,,Unknown,GCN 1st gen28 nm,,,,List_of_AMD_graphics_processing_units,2026-07-20T05:59:41Z,2026-07-20T05:59:41Z,,,2016,2026-07-20 05:59:41
1670,RadeonR7 M465X(Tropo XT),AMD,Radeon M400 series,,May 2016,,,GDDR5128-bit,,,,,,,,,Unknown,GCN 1st gen28 nm,,,,List_of_AMD_graphics_processing_units,2026-07-20T05:59:41Z,2026-07-20T05:59:41Z,,,2016,2026-07-20 05:59:41
1376,RadeonR9 270(Pitcairn XT),AMD,Radeon 200 series,,,PCIe 3.0 ×16,,GDDR5256-bit,,,,,,,,,,GCN 1st gen28 nm,2800×106212 mm2,,,List_of_AMD_graphics_processing_units,2026-07-20T05:59:35Z,2026-07-20T05:59:35Z,,,,2026-07-20 05:59:35
1377,RadeonR9 270X(Pitcairn XT),AMD,Radeon 200 series,,,PCIe 3.0 ×16,,GDDR5256-bit,,,,,,,,,,GCN 1st gen28 nm,2800×106212 mm2,,,List_of_AMD_graphics_processing_units,2026-07-20T05:59:35Z,2026-07-20T05:59:35Z,,,,2026-07-20 05:59:35
1378,RadeonR9 280(Tahiti Pro),AMD,Radeon 200 series,,,PCIe 3.0 ×16,,GDDR5384-bit,,,,,,,,,,GCN 1st gen28 nm,4313×106352 mm2,,,List_of_AMD_graphics_processing_units,2026-07-20T05:59:35Z,2026-07-20T05:59:35Z,,,,2026-07-20 05:59:35
1379,RadeonR9 280X(Tahiti XTL),AMD,Radeon 200 series,,,PCIe 3.0 ×16,,GDDR5384-bit,,,,,,,,,,GCN 1st gen28 nm,4313×106352 mm2,,,List_of_AMD_graphics_processing_units,2026-07-20T05:59:35Z,2026-07-20T05:59:35Z,,,,2026-07-20 05:59:35
1380,RadeonR9 285(Tonga Pro),AMD,Radeon 200 series,,,PCIe 3.0 ×16,,GDDR5256-bit,,,,,,,,,,GCN 3rd gen28 nm,5000×106359 mm2,,,List_of_AMD_graphics_processing_units,2026-07-20T05:59:35Z,2026-07-20T05:59:35Z,,,,2026-07-20 05:59:35
1381,RadeonR9 285X(Tonga XT),AMD,Radeon 200 series,,,PCIe 3.0 ×16,,GDDR5384-bit,,,,,,,,,,GCN 3rd gen28 nm,5000×106359 mm2,,,List_of_AMD_graphics_processing_units,2026-07-20T05:59:35Z,2026-07-20T05:59:35Z,,,,2026-07-20 05:59:35
1382,RadeonR9 290(Hawaii Pro),AMD,Radeon 200 series,,,PCIe 3.0 ×16,,GDDR5512-bit,,,,,,,,,,GCN 2nd gen28 nm,6200×106438 mm2,,,List_of_AMD_graphics_processing_units,2026-07-20T05:59:35Z,2026-07-20T05:59:35Z,,,,2026-07-20 05:59:35
1383,RadeonR9 290X(Hawaii XT),AMD,Radeon 200 series,,,PCIe 3.0 ×16,,GDDR5512-bit,,,,,,,,,,GCN 2nd gen28 nm,6200×106438 mm2,,,List_of_AMD_graphics_processing_units,2026-07-20T05:59:35Z,2026-07-20T05:59:35Z,,,,2026-07-20 05:59:35
1384,RadeonR9 295X2(Vesuvius),AMD,Radeon 200 series,,,PCIe 3.0 ×16,,GDDR5512-bit,,,,,,,,,,GCN 2nd gen28 nm,2× 6200×1062× 438 mm2,,,List_of_AMD_graphics_processing_units,2026-07-20T05:59:35Z,2026-07-20T05:59:35Z,,,,2026-07-20 05:59:35
1395,RadeonR9 360(Bonaire Pro),AMD,Radeon 300 series,,,PCIe 3.0 x4 x8 ×16,,GDDR5128-bit,,,,,,,,,,GCN 2nd gen(28 nm),2080×106160 mm2,,,List_of_AMD_graphics_processing_units,2026-07-20T05:59:35Z,2026-07-20T05:59:35Z,,,,2026-07-20 05:59:35
1397,RadeonR9 370(Pitcairn Pro),AMD,Radeon 300 series,,,PCIe 3.0 x4 x8 ×16,,GDDR5256-bit,,,,,,,,,,GCN 1st gen(28 nm),2800×106212 mm2,,,List_of_AMD_graphics_processing_units,2026-07-20T05:59:35Z,2026-07-20T05:59:35Z,,,,2026-07-20 05:59:35
1398,RadeonR9 370X(Pitcairn XT),AMD,Radeon 300 series,,,PCIe 3.0 x4 x8 ×16,,GDDR5256-bit,,,,,,,,,,GCN 1st gen(28 nm),2800×106212 mm2,,,List_of_AMD_graphics_processing_units,2026-07-20T05:59:35Z,2026-07-20T05:59:35Z,,,,2026-07-20 05:59:35
1399,RadeonR9 380(Tonga Pro),AMD,Radeon 300 series,,,PCIe 3.0 x4 x8 ×16,,GDDR5256-bit,,,,,,,,,,GCN 3rd gen(28 nm),5000×106359 mm2,,,List_of_AMD_graphics_processing_units,2026-07-20T05:59:35Z,2026-07-20T05:59:35Z,,,,2026-07-20 05:59:35
1401,RadeonR9 380X(Tonga XT),AMD,Radeon 300 series,,,PCIe 3.0 x4 x8 ×16,,GDDR5256-bit,,,,,,,,,,GCN 3rd gen(28 nm),5000×106359 mm2,,,List_of_AMD_graphics_processing_units,2026-07-20T05:59:35Z,2026-07-20T05:59:35Z,,,,2026-07-20 05:59:35
1402,RadeonR9 390(Grenada Pro),AMD,Radeon 300 series,,,PCIe 3.0 x4 x8 ×16,,GDDR5512-bit,,,,,,,,,,GCN 2nd gen(28 nm),6200×106438 mm2,,,List_of_AMD_graphics_processing_units,2026-07-20T05:59:35Z,2026-07-20T05:59:35Z,,,,2026-07-20 05:59:35
1403,RadeonR9 390X(Grenada XT),AMD,Radeon 300 series,,,PCIe 3.0 x4 x8 ×16,,GDDR5512-bit,,,,,,,,,,GCN 2nd gen(28 nm),6200×106438 mm2,,,List_of_AMD_graphics_processing_units,2026-07-20T05:59:35Z,2026-07-20T05:59:35Z,,,,2026-07-20 05:59:35
1406,RadeonR9 Fury X(Fiji XT),AMD,Radeon 300 series,,,PCIe 3.0 x4 x8 ×16,,HBM4096-bit,,,,,,,,,,GCN 3rd gen(28 nm),8900×106596 mm2,,,List_of_AMD_graphics_processing_units,2026-07-20T05:59:35Z,2026-07-20T05:59:35Z,,,,2026-07-20 05:59:35
1404,RadeonR9 Fury(Fiji Pro),AMD,Radeon 300 series,,,PCIe 3.0 x4 x8 ×16,,HBM4096-bit,,,,,,,,,,GCN 3rd gen(28 nm),8900×106596 mm2,,,List_of_AMD_graphics_processing_units,2026-07-20T05:59:35Z,2026-07-20T05:59:35Z,,,,2026-07-20 05:59:35
1643,RadeonR9 M265X(Venus Pro),AMD,Radeon M200 series,,May 2014,,,GDDR5128-bit,,,,,,,,,Unknown,GCN 1st gen(28 nm),,,,List_of_AMD_graphics_processing_units,2026-07-20T05:59:40Z,2026-07-20T05:59:40Z,,,2014,2026-07-20 05:59:40
1644,RadeonR9 M270X(Venus XT),AMD,Radeon M200 series,,May 2014,,,GDDR5128-bit,,,,,,,,,Unknown,GCN 1st gen(28 nm),,,,List_of_AMD_graphics_processing_units,2026-07-20T05:59:40Z,2026-07-20T05:59:40Z,,,2014,2026-07-20 05:59:40
1645,RadeonR9 M275X(Venus XTX),AMD,Radeon M200 series,,May 2014,,,GDDR5128-bit,,,,,,,,,50 W,GCN 1st gen(28 nm),,,,List_of_AMD_graphics_processing_units,2026-07-20T05:59:40Z,2026-07-20T05:59:40Z,,50,2014,2026-07-20 05:59:40
1646,RadeonR9 M280X(Saturn XT),AMD,Radeon M200 series,,February 2015,,,GDDR5128-bit,,,,,,,,,~75 W,GCN 2nd gen(28 nm),,,,List_of_AMD_graphics_processing_units,2026-07-20T05:59:40Z,2026-07-20T05:59:40Z,,75,2015,2026-07-20 05:59:40
1647,RadeonR9 M290X(Neptune XT),AMD,Radeon M200 series,,May 2014,,,GDDR5256-bit,,,,,,,,,100 W,GCN 1st gen(28 nm),,,,List_of_AMD_graphics_processing_units,2026-07-20T05:59:40Z,2026-07-20T05:59:40Z,,100,2014,2026-07-20 05:59:40
1648,RadeonR9 M295X(Amethyst XT),AMD,Radeon M200 series,,November 2014,,,GDDR5256-bit,,,,,,,,,250 W,GCN 3rd gen(28 nm),,,,List_of_AMD_graphics_processing_units,2026-07-20T05:59:40Z,2026-07-20T05:59:40Z,,250,2014,2026-07-20 05:59:40
1652,RadeonR9 M365X(Strato Pro),AMD,Radeon M300 series,,2015,,,GDDR5128-bit,,,,,,,,,50 W,GCN 1st gen(28 nm),,,,List_of_AMD_graphics_processing_units,2026-07-20T05:59:40Z,2026-07-20T05:59:40Z,,50,2015,2026-07-20 05:59:40
1653,RadeonR9 M370X(Strato Pro),AMD,Radeon M300 series,,May 2015,,,GDDR5128-bit,,,,,,,,,40–45 W,GCN 1st gen(28 nm),,,,List_of_AMD_graphics_processing_units,2026-07-20T05:59:41Z,2026-07-20T05:59:41Z,,40,2015,2026-07-20 05:59:41
1654,RadeonR9 M375(Strato Pro),AMD,Radeon M300 series,,2015,,,GDDR5128-bit,,,,,,,,,Unknown,GCN 1st gen(28 nm),,,,List_of_AMD_graphics_processing_units,2026-07-20T05:59:41Z,2026-07-20T05:59:41Z,,,2015,2026-07-20 05:59:41
1655,RadeonR9 M375X(Strato Pro),AMD,Radeon M300 series,,2015,,,GDDR5128-bit,,,,,,,,,Unknown,GCN 1st gen(28 nm),,,,List_of_AMD_graphics_processing_units,2026-07-20T05:59:41Z,2026-07-20T05:59:41Z,,,2015,2026-07-20 05:59:41
1656,RadeonR9 M380(Strato Pro),AMD,Radeon M300 series,,2015,,,GDDR5128-bit,,,,,,,,,Unknown,GCN 1st gen(28 nm),,,,List_of_AMD_graphics_processing_units,2026-07-20T05:59:41Z,2026-07-20T05:59:41Z,,,2015,2026-07-20 05:59:41
1657,RadeonR9 M385X(Strato),AMD,Radeon M300 series,,2015,,,GDDR5128-bit,,,,,,,,,~75 W,GCN 2nd gen(28 nm),,,,List_of_AMD_graphics_processing_units,2026-07-20T05:59:41Z,2026-07-20T05:59:41Z,,75,2015,2026-07-20 05:59:41
1658,RadeonR9 M390(Pitcairn),AMD,Radeon M300 series,,June 2015,,,GDDR5256-bit,,,,,,,,,~100 W,GCN 1st gen(28 nm),,,,List_of_AMD_graphics_processing_units,2026-07-20T05:59:41Z,2026-07-20T05:59:41Z,,100,2015,2026-07-20 05:59:41
1659,RadeonR9 M390X(Amethyst XT),AMD,Radeon M300 series,,2015,,,GDDR5256-bit,,,,,,,,,125 W,GCN 3rd gen(28 nm),,,,List_of_AMD_graphics_processing_units,2026-07-20T05:59:41Z,2026-07-20T05:59:41Z,,125,2015,2026-07-20 05:59:41
1660,RadeonR9 M395(Amethyst Pro),AMD,Radeon M300 series,,2015,,,GDDR5256-bit,,,,,,,,,125 W,GCN 3rd gen(28 nm),,,,List_of_AMD_graphics_processing_units,2026-07-20T05:59:41Z,2026-07-20T05:59:41Z,,125,2015,2026-07-20 05:59:41
1661,RadeonR9 M395XAmethyst XT),AMD,Radeon M300 series,,2015,,,GDDR5256-bit,,,,,,,,,125 W,GCN 3rd gen(28 nm),,,,List_of_AMD_graphics_processing_units,2026-07-20T05:59:41Z,2026-07-20T05:59:41Z,,125,2015,2026-07-20 05:59:41
1671,RadeonR9 M470(Strato Pro),AMD,Radeon M400 series,,May 2016,,,GDDR5128-bit,,,,,,,,,~75 W,GCN 2nd gen28 nm,,,,List_of_AMD_graphics_processing_units,2026-07-20T05:59:41Z,2026-07-20T05:59:41Z,,75,2016,2026-07-20 05:59:41
1672,RadeonR9 M470X(Strato XT),AMD,Radeon M400 series,,May 2016,,,GDDR5128-bit,,,,,,,,,~75 W,GCN 2nd gen28 nm,,,,List_of_AMD_graphics_processing_units,2026-07-20T05:59:41Z,2026-07-20T05:59:41Z,,75,2016,2026-07-20 05:59:41
1675,RadeonR9 M485X(Antigua XT),AMD,Radeon M400 series,,May 2016,,,GDDR5256-bit,,,,,,,,,~100 W,GCN 3rd gen28 nm,,,,List_of_AMD_graphics_processing_units,2026-07-20T05:59:41Z,2026-07-20T05:59:41Z,,100,2016,2026-07-20 05:59:41
1405,RadeonR9 Nano(Fiji XT),AMD,Radeon 300 series,,,PCIe 3.0 x4 x8 ×16,,HBM4096-bit,,,,,,,,,,GCN 3rd gen(28 nm),8900×106596 mm2,,,List_of_AMD_graphics_processing_units,2026-07-20T05:59:35Z,2026-07-20T05:59:35Z,,,,2026-07-20 05:59:35
1668,RadeonRX 460(Baffin),AMD,Radeon M400 series,,August 2016,,,GDDR5128-bit,,,,,,,,,35 W?,GCN 4th gen14 nm,,,,List_of_AMD_graphics_processing_units,2026-07-20T05:59:41Z,2026-07-20T05:59:41Z,,35,2016,2026-07-20 05:59:41
1673,RadeonRX 470(Ellesmere Pro),AMD,Radeon M400 series,,August 2016,,,GDDR5256-bit,,,,,,,,,85 W?,GCN 4th gen14 nm,,,,List_of_AMD_graphics_processing_units,2026-07-20T05:59:41Z,2026-07-20T05:59:41Z,,85,2016,2026-07-20 05:59:41
1674,RadeonRX 480M(Baffin),AMD,Radeon M400 series,,,,,GDDR5128-bit,,,,,,,,,35 W,GCN 4th gen14 nm,,,,List_of_AMD_graphics_processing_units,2026-07-20T05:59:41Z,2026-07-20T05:59:41Z,,35,,2026-07-20 05:59:41
1091,Rage 128 GL,AMD,Rage Mobility series,,Aug 1998,"AGP, PCI",32,SDR,128,1.65,103,,103,0:2:2:2,,,,250,,,,List_of_AMD_graphics_processing_units,2026-07-20T05:59:28Z,2026-07-20T05:59:37Z,,,1998,2026-07-20 05:59:28
1092,Rage 128 Pro,AMD,Rage series,,August 1999,"AGP 4×, PCI",,"SGRAM, SDR",128,2.288,125,,143,2:0:2:2,,,5,250,,,,List_of_AMD_graphics_processing_units,2026-07-20T05:59:29Z,2026-07-20T05:59:29Z,,5,1999,2026-07-20 05:59:29
1093,Rage 128 Ultra,AMD,Rage series,,August 1999,"AGP 4×, PCI",,SDR,128,2.088,130,,130,2:0:2:2,,,,250,,,,List_of_AMD_graphics_processing_units,2026-07-20T05:59:29Z,2026-07-20T05:59:29Z,,,1999,2026-07-20 05:59:29
1090,Rage 128 VR,AMD,Rage series,,August 1998,"AGP 2×, PCI",,SDR,64,0.96,80,,120,2:0:2:2,,,,250,,,,List_of_AMD_graphics_processing_units,2026-07-20T05:59:28Z,2026-07-20T05:59:28Z,,,1998,2026-07-20 05:59:28
1094,Rage Fury MAXX,AMD,Rage series,,October 1999,AGP 4×,,SDR,128 ×2,4.576,125,,143,2:0:2:2 ×2,,,,250,,,,List_of_AMD_graphics_processing_units,2026-07-20T05:59:29Z,2026-07-20T05:59:29Z,,,1999,2026-07-20 05:59:29
1483,Rage LT (Rage II),AMD,Rage Mobility series,,Nov 1996,PCI,4,"EDO, SDR, SGR",64,0.53,60,,66,0:1:1:1,,,,500,,,,List_of_AMD_graphics_processing_units,2026-07-20T05:59:37Z,2026-07-20T05:59:37Z,,,1996,2026-07-20 05:59:37
1484,Rage LT Pro (Rage Pro),AMD,Rage Mobility series,,Nov 1997,"AGP, PCI",8,"EDO, SDR, SGR",64,0.80,75,,100,0:1:1:1,,,,350,,,,List_of_AMD_graphics_processing_units,2026-07-20T05:59:37Z,2026-07-20T05:59:37Z,,,1997,2026-07-20 05:59:37
1488,Rage Mobility 128 (Rage 128 Pro),AMD,Rage Mobility series,,Oct 1999,"AGP, PCI",16,SDR,128,2.28,105,,105,0:2:2:2,,,,250,,,,List_of_AMD_graphics_processing_units,2026-07-20T05:59:37Z,2026-07-20T05:59:37Z,,,1999,2026-07-20 05:59:37
1485,Rage Mobility M/P (Rage Pro),AMD,Rage Mobility series,,Nov 1998,"AGP, PCI",8,"SDR, SGR",64,Unknown,90,,Unknown,0:1:1:1,,,,250,,,,List_of_AMD_graphics_processing_units,2026-07-20T05:59:37Z,2026-07-20T05:59:37Z,,,1998,2026-07-20 05:59:37
1486,Rage Mobility M1 (Rage Pro),AMD,Rage Mobility series,,Feb 1999,"AGP, PCI",8,SDR,64,0.72,90,,90,0:1:1:1,,,,250,,,,List_of_AMD_graphics_processing_units,2026-07-20T05:59:37Z,2026-07-20T05:59:37Z,,,1999,2026-07-20 05:59:37
1489,Rage Mobility M3 (AGP 4×) (Rage 128 Pro),AMD,Rage Mobility series,,Oct 1999,"AGP, PCI",16,SDR,128,2.28,105,,105,0:2:2:2,,,,250,,,,List_of_AMD_graphics_processing_units,2026-07-20T05:59:37Z,2026-07-20T05:59:37Z,,,1999,2026-07-20 05:59:37
1490,Rage Mobility M4 (AGP 4×) (Rage 128 Pro),AMD,Rage Mobility series,,Oct 1999,"AGP, PCI",32,SDR,128,2.28,105,,105,0:2:2:2,,,,250,,,,List_of_AMD_graphics_processing_units,2026-07-20T05:59:37Z,2026-07-20T05:59:37Z,,,1999,2026-07-20 05:59:37
1088,Rage Pro,AMD,Rage series,,March 1997,"AGP 1x, AGP 2×, PCI",,"EDO, SGRAM, SDR",64,0.6 0.8,75,,75 100,1:0:1:1,,,6,350,,,,List_of_AMD_graphics_processing_units,2026-07-20T05:59:28Z,2026-07-20T05:59:28Z,,6,1997,2026-07-20 05:59:28
1089,Rage XL,AMD,Rage series,,August 1998,"AGP 2×, PCI",,SDR,64,1.0,83,,125,1:0:1:1,,,9,250,,,,List_of_AMD_graphics_processing_units,2026-07-20T05:59:28Z,2026-07-20T05:59:28Z,,9,1998,2026-07-20 05:59:28
1976,Revolution (Wii),AMD,Console GPUs,Hollywood,"November 19, 2006",Integrated,,,6464384/512,3.883.8811.2/15.6,243,,,4:1:4:4,,,,NEC 90 nm,107 (GPU + eDRAM),,,List_of_AMD_graphics_processing_units,2026-07-20T05:59:47Z,2026-07-20T05:59:47Z,,,2006,2026-07-20 05:59:47
1981,Scorpio Engine (Xbox One X),AMD,Console GPUs,GCN 4,"November 7, 2017",Integrated,,,384,326.4,1172,,,2560:160:32,,,,TSMC 16 nm,"6,600",,,List_of_AMD_graphics_processing_units,2026-07-20T05:59:48Z,2026-07-20T05:59:48Z,,,2017,2026-07-20 05:59:48
1468,Steam Machine GPU(Navi 33),AMD,Radeon RX 7000 series,,,PCIe 4.0×8,,GDDR6128-bit,,,,,,,,,,RDNA 3TSMC N6,13.3×109204 mm2,,,List_of_AMD_graphics_processing_units,2026-07-20T05:59:37Z,2026-07-20T05:59:37Z,,,,2026-07-20 05:59:37
1907,Stream Processor(R580),AMD,FireStream series,,2006,,1024,,256,83.2,600,,,,,,165,R50080 nm,,,,List_of_AMD_graphics_processing_units,2026-07-20T05:59:46Z,2026-07-20T05:59:46Z,,165,2006,2026-07-20 05:59:46
1988,Viola (PlayStation 5 Pro),AMD,Console GPUs,RDNA 3,"November 7, 2024",Integrated,,,256,576,2170 (Boost),,,3840:240:64:60,,,,TSMC 4 nm,~21000,,,List_of_AMD_graphics_processing_units,2026-07-20T05:59:48Z,2026-07-20T05:59:48Z,,,2024,2026-07-20 05:59:48
1076,Wonder EGA,AMD,Wonder series,,1987,PC/XT,,DRAM,8,,,,,,,,,1000,,,,List_of_AMD_graphics_processing_units,2026-07-20T05:59:28Z,2026-07-20T05:59:28Z,,,1987,2026-07-20 05:59:28
1075,Wonder MDA/CGA,AMD,Wonder series,,1986,PC/XT,,DRAM,8,,,,,,,,,1000,,,,List_of_AMD_graphics_processing_units,2026-07-20T05:59:28Z,2026-07-20T05:59:28Z,,,1986,2026-07-20 05:59:28
1077,Wonder VGA,AMD,Wonder series,,1987,"PC/XT, ISA",,DRAM,"8, 16",,,,,,,,,"1000, 800",,,,List_of_AMD_graphics_processing_units,2026-07-20T05:59:28Z,2026-07-20T05:59:28Z,,,1987,2026-07-20 05:59:28
1975,Xenon (Xbox 360),AMD,Console GPUs,Xenos GPU (R400),"November 22, 2005",Integrated,,,128,22.432 (GPU to daughter die)256 (Daughter die ROP to eDRAM),500,,,240:16:8 eDRAM (192 parallel pixel processors),,,,TSMC 90 nm65 nm45 nm,232 (GPU) 105 (eDRAM),,,List_of_AMD_graphics_processing_units,2026-07-20T05:59:47Z,2026-07-20T05:59:47Z,,,2005,2026-07-20 05:59:47
1991,Arc 3,Intel,Alchemist,ACM-G11(DG2-128),"Mar 30, 2022",PCIe 4.0 ×8,,,64-bit,112,15502050,,,8 Xe cores1024:64:32:8(128:128:2),,,35–50 W,TSMC N6,7.2,157,,Intel_Arc,2026-07-20T05:59:50Z,2026-07-20T05:59:50Z,,35,2022,2026-07-20 05:59:50
1993,Arc 5,Intel,Battlemage,BMG-G21,"Dec 13, 2024",PCIe 4.0 x8,,,192-bit,456,,,,20 Xe Cores (160)2560:160:80:20:160(160:160:5),,,190 W,TSMC N5,19.6,272,,Intel_Arc,2026-07-20T05:59:50Z,2026-07-20T05:59:50Z,,190,2024,2026-07-20 05:59:50
1994,Arc 7,Intel,Alchemist,ACM-G10(DG2-512),Q2 2022,PCIe 4.0 ×16,,,256-bit,512,16502050,,,32 Xe cores4096:256:128:32(512:512:8),,,120–150 W,TSMC N6,21.7,406,,Intel_Arc,2026-07-20T05:59:50Z,2026-07-20T05:59:50Z,,120,2022,2026-07-20 05:59:50
2004,Arc Pro,Intel,Battlemage,BMG-G31,Q1 2026,PCIe 5.0 x16,,,256-bit,608,,,,,,,230 W,TSMC N5,,,,Intel_Arc,2026-07-20T05:59:50Z,2026-07-20T05:59:50Z,,230,2026,2026-07-20 05:59:50
1055,A10 GPU accelerator (PCIe card),NVIDIA,Tesla,,"April 12, 2021",,24,GDDR6,384,600,—N/a,1695,,9216:288 :96:288:72 (72),,,150,125.0,,,,List_of_Nvidia_graphics_processing_units,2026-07-20T05:59:23Z,2026-07-20T05:59:23Z,,150,2021,2026-07-20 05:59:23
1059,A100 GPU accelerator (PCIe card),NVIDIA,Tesla,,"May 14, 2020",,40 or 80,HBM2,5120,1555,—N/a,1410,,6912:432 :160:432:0 (108),,,250,312.0,,,,List_of_Nvidia_graphics_processing_units,2026-07-20T05:59:24Z,2026-07-20T05:59:24Z,,250,2020,2026-07-20 05:59:24
1056,A16 GPU accelerator (PCIe card),NVIDIA,Tesla,,"April 12, 2021",,4× 16,GDDR6,4× 128,4× 200,—N/a,1695,,4× 1280:40 :32:40:10 (10),,,250,4x 18.43,,,,List_of_Nvidia_graphics_processing_units,2026-07-20T05:59:23Z,2026-07-20T05:59:23Z,,250,2021,2026-07-20 05:59:23
1054,A2 GPU accelerator (PCIe card),NVIDIA,Tesla,,"November 10, 2021",,16,GDDR6,128,200,—N/a,1770,,1280:40 :32:40:10 (10),,,40–60,18.12,,,,List_of_Nvidia_graphics_processing_units,2026-07-20T05:59:23Z,2026-07-20T05:59:23Z,,40,2021,2026-07-20 05:59:23
1057,A30 GPU accelerator (PCIe card),NVIDIA,Tesla,,"April 12, 2021",,24,HBM2,3072,933.1,—N/a,1440,,3584:224 :96:224:0 (56),,,165,165.1,,,,List_of_Nvidia_graphics_processing_units,2026-07-20T05:59:23Z,2026-07-20T05:59:23Z,,165,2021,2026-07-20 05:59:23
1058,A40 GPU accelerator (PCIe card),NVIDIA,Tesla,,"October 5, 2020",,48,GDDR6,384,695.8,—N/a,1740,,10752:336 :112:336:84 (84),,,300,149.7,,,,List_of_Nvidia_graphics_processing_units,2026-07-20T05:59:23Z,2026-07-20T05:59:23Z,,300,2020,2026-07-20 05:59:23
1067,B100 GPU accelerator,NVIDIA,Tesla,,Never Released,,192,HBM3E,8192,8000,—N/a,975,,16896:528 :24:528:0 (132),,,1000,131.8,,,,List_of_Nvidia_graphics_processing_units,2026-07-20T05:59:24Z,2026-07-20T05:59:24Z,,1000,,2026-07-20 05:59:24
1068,B200 GPU accelerator,NVIDIA,Tesla,,November 2024,,180,HBM3E,8192,8000,—N/a,1965 CUDA 1830 TC,,18944:592 :24:592:0 (148),,,1000,1191.2,,,,List_of_Nvidia_graphics_processing_units,2026-07-20T05:59:24Z,2026-07-20T05:59:24Z,,1000,2024,2026-07-20 05:59:24
1069,B300 GPU accelerator,NVIDIA,Tesla,,"Sep 11, 2025",,288,HBM3E,8192,8000,—N/a,2032,,18944:592 :24:592:0 (148),,,1400,1231.8,,,,List_of_Nvidia_graphics_processing_units,2026-07-20T05:59:24Z,2026-07-20T05:59:24Z,,1400,2025,2026-07-20 05:59:24
1020,C1060 GPU Computing Module,NVIDIA,Tesla,,"April 9, 2009",,4,GDDR3,512,102.4,602,—N/a,,240:80 :32:0:0 (30),,,187.8,No,,,,List_of_Nvidia_graphics_processing_units,2026-07-20T05:59:23Z,2026-07-20T05:59:23Z,,187,2009,2026-07-20 05:59:23
1026,C2050 GPU Computing Module,NVIDIA,Tesla,,"July 25, 2011",,3,GDDR5,384,144,575,—N/a,,448:56 :48:0:0 (14),,,247,No,,,,List_of_Nvidia_graphics_processing_units,2026-07-20T05:59:23Z,2026-07-20T05:59:23Z,,247,2011,2026-07-20 05:59:23
1028,C2070 GPU Computing Module,NVIDIA,Tesla,,"July 25, 2011",,6,GDDR5,384,144,575,—N/a,,448:56 :48:0:0 (14),,,247,No,,,,List_of_Nvidia_graphics_processing_units,2026-07-20T05:59:23Z,2026-07-20T05:59:23Z,,247,2011,2026-07-20 05:59:23
1029,C2075 GPU Computing Module,NVIDIA,Tesla,,"July 25, 2011",,6,GDDR5,384,144,575,—N/a,,448:56 :48:0:0 (14),,,225,No,,,,List_of_Nvidia_graphics_processing_units,2026-07-20T05:59:23Z,2026-07-20T05:59:23Z,,225,2011,2026-07-20 05:59:23
1017,C870 GPU Computing Module,NVIDIA,Tesla,,"May 2, 2007",,1.5,GDDR3,384,76.8,600,—N/a,,128:32 :24:0:0 (16),,,170.9,No,,,,List_of_Nvidia_graphics_processing_units,2026-07-20T05:59:23Z,2026-07-20T05:59:23Z,,170,2007,2026-07-20 05:59:23
1018,D870 Deskside Computer,NVIDIA,Tesla,,"May 2, 2007",,2× 1.5,GDDR3,2× 384,2× 76.8,600,—N/a,,2× 128:32 :24:0:0 (16),,,520,No,,,,List_of_Nvidia_graphics_processing_units,2026-07-20T05:59:23Z,2026-07-20T05:59:23Z,,520,2007,2026-07-20 05:59:23
1074,Drake (Nintendo Switch 2),NVIDIA,Console/handheld GPUs,GA10F(Ampere),"June 5, 2025",Integrated,,LPDDR5X,128,68.26 (undocked) 102.4(docked),561 (undocked) 1007.25 (docked),,2133 (undocked)3200 (docked),1536(12):48:16:12:483,,,,Samsung 8 nm,,,,List_of_Nvidia_graphics_processing_units,2026-07-20T05:59:24Z,2026-07-20T05:59:24Z,,,2025,2026-07-20 05:59:24
1013,GRID K1,NVIDIA,GRID,,,PCIe 3.0 x16,,DDR3,,,,,,,,,130,4× 192,,,,List_of_Nvidia_graphics_processing_units,2026-07-20T05:59:23Z,2026-07-20T05:59:23Z,,130,,2026-07-20 05:59:23
1014,GRID K2,NVIDIA,GRID,,,PCIe 3.0 x16,,GDDR5,,,,,,,,,225,2× 1536,,,,List_of_Nvidia_graphics_processing_units,2026-07-20T05:59:23Z,2026-07-20T05:59:23Z,,225,,2026-07-20 05:59:23
1015,GRID K340,NVIDIA,GRID,,,PCIe 3.0 x16,,GDDR5,,,,,,,,,225,4× 384,,,,List_of_Nvidia_graphics_processing_units,2026-07-20T05:59:23Z,2026-07-20T05:59:23Z,,225,,2026-07-20 05:59:23
1016,GRID K520,NVIDIA,GRID,,,PCIe 3.0 x16,,GDDR5,,,,,,,,,225,2× 1536,,,,List_of_Nvidia_graphics_processing_units,2026-07-20T05:59:23Z,2026-07-20T05:59:23Z,,225,,2026-07-20 05:59:23
16,GeForce 256DDR,NVIDIA,GeForce 256 series,NV10,"December13, 1999",AGP4x,3264,DDR,128,4.80,120,,150(300),4:4:4,,,12,,17,139,,List_of_Nvidia_graphics_processing_units,2026-07-20T05:58:59Z,2026-07-20T05:58:59Z,,12,1999,2026-07-20 05:58:59
15,GeForce 256SDR,NVIDIA,GeForce 256 series,NV10,"October11, 1999",AGP4x,3264,SDR,128,2.65,120,,166(166),4:4:4,,,13,,17,139,,List_of_Nvidia_graphics_processing_units,2026-07-20T05:58:59Z,2026-07-20T05:58:59Z,,13,1999,2026-07-20 05:58:59
605,GeForce 305M,NVIDIA,GeForce 300M (3xxM) series,GT218,"January 10, 2010",PCIe 2.0 x16,,DDR3GDDR3,64,11.2,525,,1400,16:8:4,,,14,40,,,,List_of_Nvidia_graphics_processing_units,2026-07-20T05:59:11Z,2026-07-20T05:59:11Z,,14,2010,2026-07-20 05:59:11
606,GeForce 310M,NVIDIA,GeForce 300M (3xxM) series,GT218,"January 10, 2010",PCIe 2.0 x16,,DDR3GDDR3,64,12.8,625,,1600,16:8:4,,,14,40,,,,List_of_Nvidia_graphics_processing_units,2026-07-20T05:59:11Z,2026-07-20T05:59:11Z,,14,2010,2026-07-20 05:59:11
607,GeForce 315M,NVIDIA,GeForce 300M (3xxM) series,GT218,"January 5, 2011",PCIe 2.0 x16,,DDR3GDDR3,64,12.8,606,,1600,16:8:4,,,14,40,,,,List_of_Nvidia_graphics_processing_units,2026-07-20T05:59:11Z,2026-07-20T05:59:11Z,,14,2011,2026-07-20 05:59:11
608,GeForce 320M,NVIDIA,GeForce 300M (3xxM) series,MCP89,"April 1, 2010",PCIe 2.0 x16,,DDR3,128,17.056,450,,1066,48:16:8,,,20,40,,,,List_of_Nvidia_graphics_processing_units,2026-07-20T05:59:11Z,2026-07-20T05:59:11Z,,20,2010,2026-07-20 05:59:11
615,GeForce 410M,NVIDIA,GeForce 400M (4xxM) series,GF119,"January 5, 2011",PCIe 2.0 x16,,DDR3,64,12.8,575,,1600,48:83:4,,,12,40,,,,List_of_Nvidia_graphics_processing_units,2026-07-20T05:59:11Z,2026-07-20T05:59:11Z,,12,2011,2026-07-20 05:59:11
635,GeForce 610M,NVIDIA,GeForce 600M (6xxM) series,GF119 (N13M-GE),December 2011,PCIe 2.0 x16,,DDR3,64,14.4,900,,,48:8:4,,,12,40,,,,List_of_Nvidia_graphics_processing_units,2026-07-20T05:59:12Z,2026-07-20T05:59:12Z,,12,2011,2026-07-20 05:59:12
549,GeForce 7000M,NVIDIA,GeForce Go 7 (Go 7xxx) series,MCP67MV,"February 1, 2006",Hyper Transport,,DDR2,64/128,System memory,350,,System memory,1:2:2:2,,,Unknown,90,,,,List_of_Nvidia_graphics_processing_units,2026-07-20T05:59:10Z,2026-07-20T05:59:10Z,,,2006,2026-07-20 05:59:10
651,GeForce 710M,NVIDIA,GeForce 700M (7xxM) series,GK208,"July 24, 2013",PCIe 3.0 x8,,DDR3,64,14.4,719,,,192:16:8,,,15,28,,,,List_of_Nvidia_graphics_processing_units,2026-07-20T05:59:12Z,2026-07-20T05:59:12Z,,15,2013,2026-07-20 05:59:12
550,GeForce 7150M,NVIDIA,GeForce Go 7 (Go 7xxx) series,MCP67M,"February 1, 2006",Hyper Transport,,DDR2,64/128,System memory,425,,System memory,1:2:2:2,,,Unknown,90,,,,List_of_Nvidia_graphics_processing_units,2026-07-20T05:59:10Z,2026-07-20T05:59:10Z,,,2006,2026-07-20 05:59:10
666,GeForce 810M,NVIDIA,GeForce 800M (8xxM) series,GF117,February 2014,PCIe 2.0 x16,,DDR3,64,14.4,738–888,,,48:8:4,,,15,28,,,,List_of_Nvidia_graphics_processing_units,2026-07-20T05:59:12Z,2026-07-20T05:59:12Z,,15,2014,2026-07-20 05:59:12
562,GeForce 8200M G,NVIDIA,GeForce 8M (8xxxM) series,"MCP77MV, MCP79MVL",June 2008,Integrated (PCIe 2.0 x16),,DDR2DDR3,128,12.817.056,400,,8001066(system memory),8:8:4,,,Unknown,80,,,,List_of_Nvidia_graphics_processing_units,2026-07-20T05:59:10Z,2026-07-20T05:59:10Z,,,2008,2026-07-20 05:59:10
667,GeForce 820M,NVIDIA,GeForce 800M (8xxM) series,GF117,February 2014,PCIe 2.0 x16,,DDR3,64,16,719–954,,,96:16:4,,,15,28,,,,List_of_Nvidia_graphics_processing_units,2026-07-20T05:59:12Z,2026-07-20T05:59:12Z,,15,2014,2026-07-20 05:59:12
668,GeForce 825M,NVIDIA,GeForce 800M (8xxM) series,GK208,"January 27, 2014",PCIe 3.0 x8,,DDR3,64,14.4,850,,,384:16:8(2 SMX),,,33,28,,,,List_of_Nvidia_graphics_processing_units,2026-07-20T05:59:12Z,2026-07-20T05:59:12Z,,33,2014,2026-07-20 05:59:12
669,GeForce 830M,NVIDIA,GeForce 800M (8xxM) series,GM108,"March 12, 2014",PCIe 3.0 x16,,DDR3,64,14.4,1029,,,256:16:8(2 SMM),,,~25,28,,,,List_of_Nvidia_graphics_processing_units,2026-07-20T05:59:12Z,2026-07-20T05:59:12Z,,25,2014,2026-07-20 05:59:12
563,GeForce 8400M G,NVIDIA,GeForce 8M (8xxxM) series,NB8M(G86),May 2007,PCIe x16,,DDR2 / GDDR3,64,6.4,400,,800,8:8:4,,,10,80,,,,List_of_Nvidia_graphics_processing_units,2026-07-20T05:59:10Z,2026-07-20T05:59:10Z,,10,2007,2026-07-20 05:59:10
564,GeForce 8400M GS,NVIDIA,GeForce 8M (8xxxM) series,NB8M(G86),May 2007,PCIe x16,,DDR2 / GDDR3,64,6.4,400,,800,16:8:4,,,11,80,,,,List_of_Nvidia_graphics_processing_units,2026-07-20T05:59:10Z,2026-07-20T05:59:10Z,,11,2007,2026-07-20 05:59:10
565,GeForce 8400M GT,NVIDIA,GeForce 8M (8xxxM) series,NB8M(G86),May 2007,PCIe x16,,DDR2 / GDDR3,128,19.2,450,,1200,16:8:4,,,14,80,,,,List_of_Nvidia_graphics_processing_units,2026-07-20T05:59:10Z,2026-07-20T05:59:10Z,,14,2007,2026-07-20 05:59:10
670,GeForce 840M,NVIDIA,GeForce 800M (8xxM) series,GM108,"March 12, 2014",PCIe 3.0 x16,,DDR3,64,16,1029,,,384:24:8(3 SMM),,,30,28,,,,List_of_Nvidia_graphics_processing_units,2026-07-20T05:59:12Z,2026-07-20T05:59:12Z,,30,2014,2026-07-20 05:59:12
671,GeForce 845M,NVIDIA,GeForce 800M (8xxM) series,GM107,"August 16, 2015",PCIe 3.0 x16,,DDR3,64,16,863,,,512:32:16(4 SMM),,,45,28,,,,List_of_Nvidia_graphics_processing_units,2026-07-20T05:59:12Z,2026-07-20T05:59:12Z,,45,2015,2026-07-20 05:59:12
566,GeForce 8600M GS,NVIDIA,GeForce 8M (8xxxM) series,NB8P(G84),May 2007,PCIe x16,,DDR2 / GDDR3,128,22.4,600,,1400,16:8:4,,,20,80,,,,List_of_Nvidia_graphics_processing_units,2026-07-20T05:59:10Z,2026-07-20T05:59:10Z,,20,2007,2026-07-20 05:59:10
567,GeForce 8600M GT,NVIDIA,GeForce 8M (8xxxM) series,NB8P(G84),May 2007,PCIe x16,,DDR2 / GDDR3,128,12.8 / 22.4,475,,800 / 1400,32:16:8,,,20,80,,,,List_of_Nvidia_graphics_processing_units,2026-07-20T05:59:10Z,2026-07-20T05:59:10Z,,20,2007,2026-07-20 05:59:10
568,GeForce 8700M GT,NVIDIA,GeForce 8M (8xxxM) series,NB8P(G84),June 2007,PCIe x16,,GDDR3,128,25.6,625,,1600,32:16:8,,,29,80,,,,List_of_Nvidia_graphics_processing_units,2026-07-20T05:59:10Z,2026-07-20T05:59:10Z,,29,2007,2026-07-20 05:59:10
569,GeForce 8800M GTS,NVIDIA,GeForce 8M (8xxxM) series,NB8P(G92),November 2007,PCIe 2.0 x16,,GDDR3,256,51.2,500,,1600,64:32:16,,,50,65,,,,List_of_Nvidia_graphics_processing_units,2026-07-20T05:59:10Z,2026-07-20T05:59:10Z,,50,2007,2026-07-20 05:59:10
570,GeForce 8800M GTX,NVIDIA,GeForce 8M (8xxxM) series,NB8P(G92),November 2007,PCIe 2.0 x16,,GDDR3,256,51.2,500,,1600,96:48:16,,,65,65,,,,List_of_Nvidia_graphics_processing_units,2026-07-20T05:59:10Z,2026-07-20T05:59:10Z,,65,2007,2026-07-20 05:59:10
571,GeForce 9100M GmGPU,NVIDIA,GeForce 9M (9xxxM) series,"MCP77MH, MCP79MH",2008,Integrated(PCIe 2.0 x16),,DDR3,128,17.056,450,,1066(system memory),8:8:4,,,12,65,,,,List_of_Nvidia_graphics_processing_units,2026-07-20T05:59:10Z,2026-07-20T05:59:10Z,,12,2008,2026-07-20 05:59:10
679,GeForce 910M,NVIDIA,GeForce 900M (9xxM) series,GK208B,"March 13, 2015",PCIe 3.0 x8,,DDR3,64,16.02,,,,384:32:8 (2 SMX),,,33,28,,,,List_of_Nvidia_graphics_processing_units,2026-07-20T05:59:12Z,2026-07-20T05:59:12Z,,33,2015,2026-07-20 05:59:12
572,GeForce 9200M GS,NVIDIA,GeForce 9M (9xxxM) series,NB9M-GE(G98),2008,PCIe 2.0 x16,,DDR2/GDDR3,64,11.2,550,,1400,8:8:4,,,13,65,,,,List_of_Nvidia_graphics_processing_units,2026-07-20T05:59:10Z,2026-07-20T05:59:10Z,,13,2008,2026-07-20 05:59:10
680,GeForce 920M,NVIDIA,GeForce 900M (9xxM) series,GK208,"March 12, 2015",PCIe 3.0 x16,,DDR3,64,14.4,,,,384:32:8(2 SMX),,,33,28,,,,List_of_Nvidia_graphics_processing_units,2026-07-20T05:59:12Z,2026-07-20T05:59:12Z,,33,2015,2026-07-20 05:59:12
573,GeForce 9300M G,NVIDIA,GeForce 9M (9xxxM) series,NB9M-GE(G86),2008,PCIe 2.0 x16,,DDR2/GDDR3,64,9.6,400,,1200,16:8:4,,,13,80,,,,List_of_Nvidia_graphics_processing_units,2026-07-20T05:59:10Z,2026-07-20T05:59:10Z,,13,2008,2026-07-20 05:59:10
574,GeForce 9300M GS,NVIDIA,GeForce 9M (9xxxM) series,NB9M-GE(G98),2008,PCIe 2.0 x16,,DDR2/GDDR3,64,11.2,550,,1400,8:8:4,,,13,65,,,,List_of_Nvidia_graphics_processing_units,2026-07-20T05:59:10Z,2026-07-20T05:59:10Z,,13,2008,2026-07-20 05:59:10
681,GeForce 930M,NVIDIA,GeForce 900M (9xxM) series,GM108,"March 12, 2015",PCIe 3.0 x16,,DDR3,64,14.4,,,,384:24:8(3 SMM),,,29,28,,,,List_of_Nvidia_graphics_processing_units,2026-07-20T05:59:12Z,2026-07-20T05:59:12Z,,29,2015,2026-07-20 05:59:12
575,GeForce 9400M G,NVIDIA,GeForce 9M (9xxxM) series,MCP79MX,"October 15, 2008",Integrated(PCIe 2.0 x16),,DDR2DDR3,128,12.817.056,450,,8001066(system memory),16:8:4,,,12,65,,,,List_of_Nvidia_graphics_processing_units,2026-07-20T05:59:10Z,2026-07-20T05:59:10Z,,12,2008,2026-07-20 05:59:10
682,GeForce 940M,NVIDIA,GeForce 900M (9xxM) series,GM108,"March 12, 2015",PCIe 3.0 x16,,DDR3,64,16,,,,384:24:8(3 SMM),,,36,28,,,,List_of_Nvidia_graphics_processing_units,2026-07-20T05:59:12Z,2026-07-20T05:59:12Z,,36,2015,2026-07-20 05:59:12
683,GeForce 940MX,NVIDIA,GeForce 900M (9xxM) series,GM107,"June 28, 2016",PCIe 3.0 x16,,GDDR5,64,40,,,,512:32:8(4 SMM),,,23,28,,,,List_of_Nvidia_graphics_processing_units,2026-07-20T05:59:12Z,2026-07-20T05:59:12Z,,23,2016,2026-07-20 05:59:12
576,GeForce 9500M G,NVIDIA,GeForce 9M (9xxxM) series,NB9P(G96),2008,PCIe 2.0 x16,,DDR2 / GDDR3,128,25.6,500,,1600,16:8:8,,,20,65,,,,List_of_Nvidia_graphics_processing_units,2026-07-20T05:59:10Z,2026-07-20T05:59:10Z,,20,2008,2026-07-20 05:59:10
577,GeForce 9500M GS,NVIDIA,GeForce 9M (9xxxM) series,NB9P-GV(G96),2008,PCIe x16,,DDR2 / GDDR3,128,22.4,475,,1400,32:16:8,,,20,80,,,,List_of_Nvidia_graphics_processing_units,2026-07-20T05:59:10Z,2026-07-20T05:59:10Z,,20,2008,2026-07-20 05:59:10
578,GeForce 9600M GS,NVIDIA,GeForce 9M (9xxxM) series,NB9P-GE2(G96),2008,PCIe 2.0 x16,,DDR2 / GDDR3,128,12.825.6,430,,8001600,32:16:8,,,20,65,,,,List_of_Nvidia_graphics_processing_units,2026-07-20T05:59:10Z,2026-07-20T05:59:10Z,,20,2008,2026-07-20 05:59:10
579,GeForce 9600M GT,NVIDIA,GeForce 9M (9xxxM) series,NB9P-GS(G96),2008,PCIe 2.0 x16,,DDR2 / GDDR3,128,25.6,500,,1600,32:16:8,,,23,65,,,,List_of_Nvidia_graphics_processing_units,2026-07-20T05:59:10Z,2026-07-20T05:59:10Z,,23,2008,2026-07-20 05:59:10
580,GeForce 9650M GS,NVIDIA,GeForce 9M (9xxxM) series,NB9P-GS1(G84),2008,PCIe 2.0 x16,,GDDR3,128,25.6,625,,1600,32:16:8,,,29,80,,,,List_of_Nvidia_graphics_processing_units,2026-07-20T05:59:10Z,2026-07-20T05:59:10Z,,29,2008,2026-07-20 05:59:10
581,GeForce 9650M GT,NVIDIA,GeForce 9M (9xxxM) series,NB9P-GT(G96),2008,PCIe 2.0 x16,,GDDR3,128,25.6,550,,1600,32:16:8,,,23,65/55,,,,List_of_Nvidia_graphics_processing_units,2026-07-20T05:59:10Z,2026-07-20T05:59:10Z,,23,2008,2026-07-20 05:59:10
582,GeForce 9700M GT,NVIDIA,GeForce 9M (9xxxM) series,NB9E-GE(G96),"July 29, 2008",PCIe x16,,GDDR3,128,25.6,625,,1600,32:16:8,,,45,65,,,,List_of_Nvidia_graphics_processing_units,2026-07-20T05:59:10Z,2026-07-20T05:59:10Z,,45,2008,2026-07-20 05:59:10
583,GeForce 9700M GTS,NVIDIA,GeForce 9M (9xxxM) series,NB9E-GS(G94),"July 29, 2008",PCIe 2.0 x16,,GDDR3,256,51.2,530,,1600,48:24:16,,,60,65,,,,List_of_Nvidia_graphics_processing_units,2026-07-20T05:59:10Z,2026-07-20T05:59:10Z,,60,2008,2026-07-20 05:59:10
584,GeForce 9800M GS,NVIDIA,GeForce 9M (9xxxM) series,NB9E-GT(G94),2008,PCIe 2.0 x16,,GDDR3,256,51.2,530,,1600,64:32:16,,,60,65,,,,List_of_Nvidia_graphics_processing_units,2026-07-20T05:59:10Z,2026-07-20T05:59:10Z,,60,2008,2026-07-20 05:59:10
586,GeForce 9800M GT,NVIDIA,GeForce 9M (9xxxM) series,NB9E-GT2(G92),"July 29, 2008",PCIe 2.0 x16,,GDDR3,256,51.2,500,,1600,96:48:16,,,65,65/55,,,,List_of_Nvidia_graphics_processing_units,2026-07-20T05:59:10Z,2026-07-20T05:59:10Z,,65,2008,2026-07-20 05:59:10
585,GeForce 9800M GTS,NVIDIA,GeForce 9M (9xxxM) series,NB9E-GT(G94),"July 29, 2008",PCIe 2.0 x16,,GDDR3,256,51.2,600,,1600,64:32:16,,,75,65/55,,,,List_of_Nvidia_graphics_processing_units,2026-07-20T05:59:10Z,2026-07-20T05:59:10Z,,75,2008,2026-07-20 05:59:10
587,GeForce 9800M GTX,NVIDIA,GeForce 9M (9xxxM) series,NB9E-GTX(G92),"July 29, 2008",PCIe 2.0 x16,,GDDR3,256,51.2,500,,1600,112:56:16,,,75,65,,,,List_of_Nvidia_graphics_processing_units,2026-07-20T05:59:10Z,2026-07-20T05:59:10Z,,75,2008,2026-07-20 05:59:10
537,GeForce FX Go 5100*,NVIDIA,GeForce FX Go 5 (Go 5xxx) series,NV34M,March 2003,AGP 8x,,DDR,64,3.2,200,,400,4:2:4:4,,,Unknown,150,,,,List_of_Nvidia_graphics_processing_units,2026-07-20T05:59:09Z,2026-07-20T05:59:09Z,,,2003,2026-07-20 05:59:09
538,GeForce FX Go 5500*,NVIDIA,GeForce FX Go 5 (Go 5xxx) series,NV34M,March 2003,AGP 8x,,DDR,128,9.6,300,,600,4:2:4:4,,,Unknown,150,,,,List_of_Nvidia_graphics_processing_units,2026-07-20T05:59:09Z,2026-07-20T05:59:09Z,,,2003,2026-07-20 05:59:09
539,GeForce FX Go 5600*,NVIDIA,GeForce FX Go 5 (Go 5xxx) series,NV31M,March 2003,AGP 8x,,DDR,128,9.6,350,,600,4:2:4:4,,,Unknown,130,,,,List_of_Nvidia_graphics_processing_units,2026-07-20T05:59:09Z,2026-07-20T05:59:09Z,,,2003,2026-07-20 05:59:09
540,GeForce FX Go 5650*,NVIDIA,GeForce FX Go 5 (Go 5xxx) series,NV31M,March 2003,AGP 8x,,DDR,128,9.6,350,,600,4:2:4:4,,,Unknown,130,,,,List_of_Nvidia_graphics_processing_units,2026-07-20T05:59:09Z,2026-07-20T05:59:09Z,,,2003,2026-07-20 05:59:09
541,GeForce FX Go 5700*,NVIDIA,GeForce FX Go 5 (Go 5xxx) series,NV36M,"February 1, 2005",AGP 8x,,DDR,128,8.8,450,,550,4:3:4:4,,,Unknown,130,,,,List_of_Nvidia_graphics_processing_units,2026-07-20T05:59:09Z,2026-07-20T05:59:09Z,,,2005,2026-07-20 05:59:09
53,GeForce FX5100,NVIDIA,GeForce FX (5xxx) series,NV34,"March6, 2003",AGP8x,64,DDR,64,2.66,200,,166(332),4:2:4:4,,,,TSMC150 nm,45,124,,List_of_Nvidia_graphics_processing_units,2026-07-20T05:59:00Z,2026-07-20T05:59:00Z,,,2003,2026-07-20 05:59:00
55,GeForce FX5200,NVIDIA,GeForce FX (5xxx) series,NV34,"March6, 2003",AGP8x,128,DDR,128,6.40,250,,200(400),4:2:4:4,,,21,TSMC150 nm,45,124,,List_of_Nvidia_graphics_processing_units,2026-07-20T05:59:00Z,2026-07-20T05:59:00Z,,21,2003,2026-07-20 05:59:00
54,GeForce FX5200 LE,NVIDIA,GeForce FX (5xxx) series,NV34,"March17, 2003",AGP8x,128,DDR,64,2.66,250,,166(332),4:2:4:4,,,,TSMC150 nm,45,124,,List_of_Nvidia_graphics_processing_units,2026-07-20T05:59:00Z,2026-07-20T05:59:00Z,,,2003,2026-07-20 05:59:00
58,GeForce FX5200 Rev. 2,NVIDIA,GeForce FX (5xxx) series,NV34B,"March6, 2003",AGP8x,128,DDR,64,3.20,250,,200(400),4:2:4:4,,,,TSMC150 nm,45,91,,List_of_Nvidia_graphics_processing_units,2026-07-20T05:59:00Z,2026-07-20T05:59:00Z,,,2003,2026-07-20 05:59:00
60,GeForce FX5200 Ultra,NVIDIA,GeForce FX (5xxx) series,NV34,"March6, 2003",AGP8x,128,DDR,128,10.40,325,,325(650),4:2:4:4,,,32,TSMC150 nm,45,124,,List_of_Nvidia_graphics_processing_units,2026-07-20T05:59:00Z,2026-07-20T05:59:00Z,,32,2003,2026-07-20 05:59:00
59,GeForce FX5200 UltraMac Edition,NVIDIA,GeForce FX (5xxx) series,NV34,"March6, 2003",AGPPro 8x,128,DDR,128,10.40,325,,325(650),4:2:4:4,,,32,TSMC150 nm,45,124,,List_of_Nvidia_graphics_processing_units,2026-07-20T05:59:00Z,2026-07-20T05:59:00Z,,32,2003,2026-07-20 05:59:00
62,GeForce FX5500,NVIDIA,GeForce FX (5xxx) series,NV34B,"March17, 2004",AGP8x,64128256,DDR,128,5.31,270,,166(332),4:2:4:4,,,,TSMC150 nm,45,91,,List_of_Nvidia_graphics_processing_units,2026-07-20T05:59:00Z,2026-07-20T05:59:00Z,,,2004,2026-07-20 05:59:00
66,GeForce FX5600,NVIDIA,GeForce FX (5xxx) series,NV31,"March6, 2003",AGP8x,128,DDR,128,8.00,325,,250(500),4:2:4:4,,,37,TSMC130 nm,80,121,,List_of_Nvidia_graphics_processing_units,2026-07-20T05:59:00Z,2026-07-20T05:59:00Z,,37,2003,2026-07-20 05:59:00
67,GeForce FX5600 Ultra,NVIDIA,GeForce FX (5xxx) series,NV31,"March17, 2003",AGP8x,128,DDR,128,12.80,400,,400(800),4:2:4:4,,,27,TSMC130 nm,80,121,,List_of_Nvidia_graphics_processing_units,2026-07-20T05:59:00Z,2026-07-20T05:59:00Z,,27,2003,2026-07-20 05:59:00
64,GeForce FX5600 XT,NVIDIA,GeForce FX (5xxx) series,NV31,"March17, 2003",AGP8x,128,DDR,128,6.40,235,,200(400),4:2:4:4,,,,TSMC130 nm,80,121,,List_of_Nvidia_graphics_processing_units,2026-07-20T05:59:00Z,2026-07-20T05:59:00Z,,,2003,2026-07-20 05:59:00
73,GeForce FX5700,NVIDIA,GeForce FX (5xxx) series,NV36B,"October23, 2003",AGP8x,128256,DDR,128,8.00,425,,250(500),4:3:4:4,,,25,IBM130 nm,82,133,,List_of_Nvidia_graphics_processing_units,2026-07-20T05:59:00Z,2026-07-20T05:59:00Z,,25,2003,2026-07-20 05:59:00
72,GeForce FX5700 E.S.,NVIDIA,GeForce FX (5xxx) series,NV36S,"August18, 2003",AGP8x,128,DDR,128,8.00,425,,250(500),4:3:4:4,,,25,IBM130 nm,82,133,,List_of_Nvidia_graphics_processing_units,2026-07-20T05:59:00Z,2026-07-20T05:59:00Z,,25,2003,2026-07-20 05:59:00
71,GeForce FX5700 EP,NVIDIA,GeForce FX (5xxx) series,NV36,"September1, 2004",AGP8x,128,DDR,64,3.20,425,,200(400),4:3:4:4,,,,IBM130 nm,82,133,,List_of_Nvidia_graphics_processing_units,2026-07-20T05:59:00Z,2026-07-20T05:59:00Z,,,2004,2026-07-20 05:59:00
69,GeForce FX5700 LE,NVIDIA,GeForce FX (5xxx) series,NV36,"March1, 2004",AGP8x,128256,DDR,64,3.20,250,,200(400),4:3:4:4,,,21,IBM130 nm,82,133,,List_of_Nvidia_graphics_processing_units,2026-07-20T05:59:00Z,2026-07-20T05:59:00Z,,21,2004,2026-07-20 05:59:00
74,GeForce FX5700 Ultra,NVIDIA,GeForce FX (5xxx) series,NV36B,"October23, 2003",AGP8x,128,GDDR2,128,14.50,475,,453(906),4:3:4:4,,,46,IBM130 nm,82,133,,List_of_Nvidia_graphics_processing_units,2026-07-20T05:59:00Z,2026-07-20T05:59:00Z,,46,2003,2026-07-20 05:59:00
68,GeForce FX5700 VE,NVIDIA,GeForce FX (5xxx) series,NV36,"September1, 2004",AGP8x,128,DDR,128,6.40,250,,200(400),4:3:4:4,,,20,IBM130 nm,82,133,,List_of_Nvidia_graphics_processing_units,2026-07-20T05:59:00Z,2026-07-20T05:59:00Z,,20,2004,2026-07-20 05:59:00
76,GeForce FX5800,NVIDIA,GeForce FX (5xxx) series,NV30,"March6, 2003",AGP8x,128,GDDR2,128,12.80,400,,400(800),4:3:8:4,,,44,TSMC130 nm,125,199,,List_of_Nvidia_graphics_processing_units,2026-07-20T05:59:00Z,2026-07-20T05:59:00Z,,44,2003,2026-07-20 05:59:00
77,GeForce FX5800 Ultra,NVIDIA,GeForce FX (5xxx) series,NV30,"March6, 2003",AGP8x,128,GDDR2,128,16.00,500,,500(1000),4:3:8:4,,,66,TSMC130 nm,125,199,,List_of_Nvidia_graphics_processing_units,2026-07-20T05:59:00Z,2026-07-20T05:59:00Z,,66,2003,2026-07-20 05:59:00
80,GeForce FX5900,NVIDIA,GeForce FX (5xxx) series,NV35,"May12, 2003",AGP8x,128,DDR,256,27.20,400,,425(850),4:3:8:4,,,55,TSMC130 nm,135,207,,List_of_Nvidia_graphics_processing_units,2026-07-20T05:59:00Z,2026-07-20T05:59:00Z,,55,2003,2026-07-20 05:59:00
82,GeForce FX5900 Ultra,NVIDIA,GeForce FX (5xxx) series,NV35,"October23, 2003",AGP8x,256,DDR,256,27.20,450,,425(550),4:3:8:4,,,59,TSMC130 nm,135,207,,List_of_Nvidia_graphics_processing_units,2026-07-20T05:59:00Z,2026-07-20T05:59:00Z,,59,2003,2026-07-20 05:59:00
79,GeForce FX5900 XT,NVIDIA,GeForce FX (5xxx) series,NV35,"May12, 2003",AGP8x,128,DDR,256,22.40,400,,350(700),4:3:8:4,,,35,TSMC130 nm,135,207,,List_of_Nvidia_graphics_processing_units,2026-07-20T05:59:00Z,2026-07-20T05:59:00Z,,35,2003,2026-07-20 05:59:00
78,GeForce FX5900 ZT,NVIDIA,GeForce FX (5xxx) series,NV35,"May12, 2003",AGP8x,128,DDR,256,22.40,325,,350(700),4:3:8:4,,,,TSMC130 nm,135,207,,List_of_Nvidia_graphics_processing_units,2026-07-20T05:59:00Z,2026-07-20T05:59:00Z,,,2003,2026-07-20 05:59:00
83,GeForce FX5950 Ultra,NVIDIA,GeForce FX (5xxx) series,NV38,"October23, 2003",AGP8x,256,DDR,256,37.40,475,,475(950),4:3:8:4,,,74,TSMC130 nm,135,207,,List_of_Nvidia_graphics_processing_units,2026-07-20T05:59:00Z,2026-07-20T05:59:00Z,,74,2003,2026-07-20 05:59:00
588,GeForce G 102M,NVIDIA,GeForce 100M (1xxM) series,MCP79XT,"January 8, 2009",Integrated(PCIe 1.0 x16),,DDR2,64,6.4,450?,,800(system memory),16:8:4,,,14,65,,,,List_of_Nvidia_graphics_processing_units,2026-07-20T05:59:10Z,2026-07-20T05:59:10Z,,14,2009,2026-07-20 05:59:10
589,GeForce G 103M,NVIDIA,GeForce 100M (1xxM) series,N10M-GE2(G98),"January 1, 2009",PCIe 2.0 x16,,DDR2,64,8,640,,1000,8:8:4,,,14,65,,,,List_of_Nvidia_graphics_processing_units,2026-07-20T05:59:10Z,2026-07-20T05:59:10Z,,14,2009,2026-07-20 05:59:10
590,GeForce G 105M,NVIDIA,GeForce 100M (1xxM) series,N10M-GE1(G98),"January 8, 2009",PCIe 2.0 x16,,GDDR2GDDR3,64,811,640,,10001400,8:8:4,,,14,65,,,,List_of_Nvidia_graphics_processing_units,2026-07-20T05:59:10Z,2026-07-20T05:59:10Z,,14,2009,2026-07-20 05:59:10
591,GeForce G 110M,NVIDIA,GeForce 100M (1xxM) series,N10M-GE1(G96b),"January 8, 2009",PCIe 2.0 x16,,DDR2GDDR3,64,811,400,,10001400,16:8:4,,,14,55,,,,List_of_Nvidia_graphics_processing_units,2026-07-20T05:59:10Z,2026-07-20T05:59:10Z,,14,2009,2026-07-20 05:59:10
247,GeForce G100 OEM,NVIDIA,GeForce 100 series,G98-309-U2,"March10, 2009",PCIe2.0 x16,256,,64,6.40,540,,400(800),8:4:4:1,,,35,UMC65 nm,210,86,,List_of_Nvidia_graphics_processing_units,2026-07-20T05:59:04Z,2026-07-20T05:59:04Z,,35,2009,2026-07-20 05:59:04
596,GeForce G210M,NVIDIA,GeForce 200M (2xxM) series,GT218,"June 15, 2009",PCIe 2.0 x16,,GDDR3,64,12.8,625,,1600,16:8:4,,,14,40,,,,List_of_Nvidia_graphics_processing_units,2026-07-20T05:59:10Z,2026-07-20T05:59:10Z,,14,2009,2026-07-20 05:59:10
592,GeForce GT 120M,NVIDIA,GeForce 100M (1xxM) series,N10P-GV1(G96b),"February 11, 2009",PCIe 2.0 x16,,DDR2,128,16,500,,1000,32:16:8,,,23,55,,,,List_of_Nvidia_graphics_processing_units,2026-07-20T05:59:10Z,2026-07-20T05:59:10Z,,23,2009,2026-07-20 05:59:10
593,GeForce GT 130M,NVIDIA,GeForce 100M (1xxM) series,N10P-GE1(G96b),"January 8, 2009",PCIe 2.0 x16,,DDR2GDDR3,128,1625.6,600,,10001600,32:16:8,,,23,55,,,,List_of_Nvidia_graphics_processing_units,2026-07-20T05:59:10Z,2026-07-20T05:59:10Z,,23,2009,2026-07-20 05:59:10
597,GeForce GT 220M,NVIDIA,GeForce 200M (2xxM) series,G96b,2009,PCIe 2.0 x16,,DDR2GDDR3,128,1625.6,500,,10001600,32:16:8,,,14,55,,,,List_of_Nvidia_graphics_processing_units,2026-07-20T05:59:10Z,2026-07-20T05:59:10Z,,14,2009,2026-07-20 05:59:10
598,GeForce GT 230M,NVIDIA,GeForce 200M (2xxM) series,GT216,"June 15, 2009",PCIe 2.0 x16,,GDDR3,128,25.6,500,,1600,48:16:8,,,23,40,,,,List_of_Nvidia_graphics_processing_units,2026-07-20T05:59:11Z,2026-07-20T05:59:11Z,,23,2009,2026-07-20 05:59:11
599,GeForce GT 240M,NVIDIA,GeForce 200M (2xxM) series,GT216,"June 15, 2009",PCIe 2.0 x16,,GDDR3,128,25.6,550,,1600,48:16:8,,,23,40,,,,List_of_Nvidia_graphics_processing_units,2026-07-20T05:59:11Z,2026-07-20T05:59:11Z,,23,2009,2026-07-20 05:59:11
609,GeForce GT 320M,NVIDIA,GeForce 300M (3xxM) series,GT216,"January 21, 2010",PCIe 2.0 x16,,DDR3GDDR3,128,25.3,500,,1580,24:8:8,,,14,40,,,,List_of_Nvidia_graphics_processing_units,2026-07-20T05:59:11Z,2026-07-20T05:59:11Z,,14,2010,2026-07-20 05:59:11
610,GeForce GT 325M,NVIDIA,GeForce 300M (3xxM) series,GT216,"January 10, 2010",PCIe 2.0 x16,,DDR3GDDR3,128,25.6,450,,1600,48:16:8,,,23,40,,,,List_of_Nvidia_graphics_processing_units,2026-07-20T05:59:11Z,2026-07-20T05:59:11Z,,23,2010,2026-07-20 05:59:11
611,GeForce GT 330M,NVIDIA,GeForce 300M (3xxM) series,GT216,"January 10, 2010",PCIe 2.0 x16,,DDR3GDDR3,128,25.6,575,,1600,48:16:8,,,23,40,,,,List_of_Nvidia_graphics_processing_units,2026-07-20T05:59:11Z,2026-07-20T05:59:11Z,,23,2010,2026-07-20 05:59:11
612,GeForce GT 335M,NVIDIA,GeForce 300M (3xxM) series,GT215,"January 7, 2010",PCIe 2.0 x16,,DDR3GDDR3,128,25.6,450,,1600,72:24:8,,,28?,40,,,,List_of_Nvidia_graphics_processing_units,2026-07-20T05:59:11Z,2026-07-20T05:59:11Z,,28,2010,2026-07-20 05:59:11
616,GeForce GT 415M,NVIDIA,GeForce 400M (4xxM) series,GF108,"September 3, 2010",PCIe 2.0 x16,,DDR3,128,25.6,500,,1600,48:83:4,,,<12(GPU only),40,,,,List_of_Nvidia_graphics_processing_units,2026-07-20T05:59:11Z,2026-07-20T05:59:11Z,,12,2010,2026-07-20 05:59:11
617,GeForce GT 420M,NVIDIA,GeForce 400M (4xxM) series,GF108,"September 3, 2010",PCIe 2.0 x16,,DDR3,128,25.6,500,,1600,96:163:4,,,10–23(GPU only),40,,,,List_of_Nvidia_graphics_processing_units,2026-07-20T05:59:11Z,2026-07-20T05:59:11Z,,10,2010,2026-07-20 05:59:11
618,GeForce GT 425M,NVIDIA,GeForce 400M (4xxM) series,GF108,"September 3, 2010",PCIe 2.0 x16,,DDR3,128,25.6,560,,1600,96:163:4,,,20–23(GPU only),40,,,,List_of_Nvidia_graphics_processing_units,2026-07-20T05:59:11Z,2026-07-20T05:59:11Z,,20,2010,2026-07-20 05:59:11
619,GeForce GT 435M,NVIDIA,GeForce 400M (4xxM) series,GF108,"September 3, 2010",PCIe 2.0 x16,,DDR3,128,25.6,650,,1600,96:163:4,,,32–35(GPU only),40,,,,List_of_Nvidia_graphics_processing_units,2026-07-20T05:59:11Z,2026-07-20T05:59:11Z,,32,2010,2026-07-20 05:59:11
620,GeForce GT 445M,NVIDIA,GeForce 400M (4xxM) series,GF106,"September 3, 2010",PCIe 2.0 x16,,DDR3GDDR5,128192,25.660,590,,16002500,144:243:16144:243:24,,,30–35(GPU only),40,,,,List_of_Nvidia_graphics_processing_units,2026-07-20T05:59:11Z,2026-07-20T05:59:11Z,,30,2010,2026-07-20 05:59:11
625,GeForce GT 520M,NVIDIA,GeForce 500M (5xxM) series,GF108,,PCIe 2.0 x16,,DDR3,64,12.8,515,,1600,96:16:4,,,20,40,,,,List_of_Nvidia_graphics_processing_units,2026-07-20T05:59:11Z,2026-07-20T05:59:11Z,,20,,2026-07-20 05:59:11
627,GeForce GT 520MX,NVIDIA,GeForce 500M (5xxM) series,GF119,"May 30, 2011",PCIe 2.0 x16,,DDR3,64,14.4,900,,1800,48:8:4,,,20,40,,,,List_of_Nvidia_graphics_processing_units,2026-07-20T05:59:11Z,2026-07-20T05:59:11Z,,20,2011,2026-07-20 05:59:11
628,GeForce GT 525M,NVIDIA,GeForce 500M (5xxM) series,GF108,"January 5, 2011",PCIe 2.0 x16,,DDR3,128,28.8,600,,1800,96:16:4,,,20–23,40,,,,List_of_Nvidia_graphics_processing_units,2026-07-20T05:59:11Z,2026-07-20T05:59:11Z,,20,2011,2026-07-20 05:59:11
629,GeForce GT 540M,NVIDIA,GeForce 500M (5xxM) series,GF108,"January 5, 2011",PCIe 2.0 x16,,DDR3,128,28.8,672,,1800,96:16:4,,,32–35,40,,,,List_of_Nvidia_graphics_processing_units,2026-07-20T05:59:11Z,2026-07-20T05:59:11Z,,32,2011,2026-07-20 05:59:11
630,GeForce GT 550M,NVIDIA,GeForce 500M (5xxM) series,GF108GF1062,"January 5, 2011",PCIe 2.0 x16,,DDR3,128,28.8,740475,,18001800,96:16:4144:24:162,,,32–35,40,,,,List_of_Nvidia_graphics_processing_units,2026-07-20T05:59:11Z,2026-07-20T05:59:11Z,,32,2011,2026-07-20 05:59:11
631,GeForce GT 555M,NVIDIA,GeForce 500M (5xxM) series,GF106GF108,"January 5, 2011",PCIe 2.0 x16,,DDR3DDR3GDDR5,192128128,43.228.850.2,590650753,,180018003138,144:24:24144:24:1696:16:4,,,30–35,40,,,,List_of_Nvidia_graphics_processing_units,2026-07-20T05:59:11Z,2026-07-20T05:59:11Z,,30,2011,2026-07-20 05:59:11
636,GeForce GT 620M,NVIDIA,GeForce 600M (6xxM) series,GF117 (N13M-GS),April 2012,PCIe 2.0 x16,,DDR3,64128,14.428.8,625,,,96:16:4,,,15,28,,,,List_of_Nvidia_graphics_processing_units,2026-07-20T05:59:12Z,2026-07-20T05:59:12Z,,15,2012,2026-07-20 05:59:12
637,GeForce GT 625M,NVIDIA,GeForce 600M (6xxM) series,GF117 (N13M-GS),October 2012,PCIe 2.0 x16,,DDR3,64,14.4,625,,,96:16:4,,,15,28,,,,List_of_Nvidia_graphics_processing_units,2026-07-20T05:59:12Z,2026-07-20T05:59:12Z,,15,2012,2026-07-20 05:59:12
638,GeForce GT 630M,NVIDIA,GeForce 600M (6xxM) series,GF108 (N13P-GL)GF117,April 2012,PCIe 2.0 x16,,DDR3GDDR5,12864,28.832.0,660800,,,96:16:4,,,33,4028,,,,List_of_Nvidia_graphics_processing_units,2026-07-20T05:59:12Z,2026-07-20T05:59:12Z,,33,2012,2026-07-20 05:59:12
639,GeForce GT 635M,NVIDIA,GeForce 600M (6xxM) series,GF106 (N12E-GE2)GF116,April 2012,PCIe 2.0 x16,,DDR3,128192,28.843.2,675,,,144:24:24,,,35,40,,,,List_of_Nvidia_graphics_processing_units,2026-07-20T05:59:12Z,2026-07-20T05:59:12Z,,35,2012,2026-07-20 05:59:12
641,GeForce GT 640M,NVIDIA,GeForce 600M (6xxM) series,GK107 (N13P-GS),"March 22, 2012",PCIe 3.0 x16,,DDR3 GDDR5,128,28.864.0,625,,,384:32:16(2 SMX),,,32,28,,,,List_of_Nvidia_graphics_processing_units,2026-07-20T05:59:12Z,2026-07-20T05:59:12Z,,32,2012,2026-07-20 05:59:12
640,GeForce GT 640M LE,NVIDIA,GeForce 600M (6xxM) series,GF108GK107 (N13P-LP),"March 22, 2012",PCIe 2.0 x16PCIe 3.0 x16,,DDR3 GDDR5,128,50.228.8,762500,,,96:16:4384:32:16(2 SMX),,,3220,4028,,,,List_of_Nvidia_graphics_processing_units,2026-07-20T05:59:12Z,2026-07-20T05:59:12Z,,3220,2012,2026-07-20 05:59:12
642,GeForce GT 645M,NVIDIA,GeForce 600M (6xxM) series,GK107 (N13P-GS),October 2012,PCIe 3.0 x16,,DDR3 GDDR5,128,28.864.0,710,,,384:32:16(2 SMX),,,32,28,,,,List_of_Nvidia_graphics_processing_units,2026-07-20T05:59:12Z,2026-07-20T05:59:12Z,,32,2012,2026-07-20 05:59:12
643,GeForce GT 650M,NVIDIA,GeForce 600M (6xxM) series,GK107 (N13P-GT),"March 22, 2012",PCIe 3.0 x16,,DDR3 GDDR5,128,28.864.080.0*,745835900*,,,384:32:16(2 SMX),,,45,28,,,,List_of_Nvidia_graphics_processing_units,2026-07-20T05:59:12Z,2026-07-20T05:59:12Z,,45,2012,2026-07-20 05:59:12
653,GeForce GT 720M,NVIDIA,GeForce 700M (7xxM) series,GK208,"December 25, 2013",PCIe 2.0 x8,,DDR3,64,12.8,719,,,192:16:8,,,22,28,,,,List_of_Nvidia_graphics_processing_units,2026-07-20T05:59:12Z,2026-07-20T05:59:12Z,,22,2013,2026-07-20 05:59:12
655,GeForce GT 730M,NVIDIA,GeForce 700M (7xxM) series,GK208,January 2013,PCIe 3.0 x8,,DDR3,128,16.0,719,,,384:32:8(2 SMX),,,33,28,,,,List_of_Nvidia_graphics_processing_units,2026-07-20T05:59:12Z,2026-07-20T05:59:12Z,,33,2013,2026-07-20 05:59:12
656,GeForce GT 735M,NVIDIA,GeForce 700M (7xxM) series,GK208,"April 1, 2013",PCIe 3.0 x8,,DDR3,64,16.0,889,,,384:32:8(2 SMX),,,,28,,,,List_of_Nvidia_graphics_processing_units,2026-07-20T05:59:12Z,2026-07-20T05:59:12Z,,,2013,2026-07-20 05:59:12
657,GeForce GT 740M,NVIDIA,GeForce 700M (7xxM) series,GK107,"April 1, 2013",PCIe 3.0 x16,,DDR3GDDR5,128,28.880,810,,,384:32:16(2 SMX),,,45,28,,,,List_of_Nvidia_graphics_processing_units,2026-07-20T05:59:12Z,2026-07-20T05:59:12Z,,45,2013,2026-07-20 05:59:12
659,GeForce GT 745M,NVIDIA,GeForce 700M (7xxM) series,GK107,"April 1, 2013",PCIe 3.0 x16,,DDR3GDDR5,128,3280,837,,,384:32:16(2 SMX),,,45,28,,,,List_of_Nvidia_graphics_processing_units,2026-07-20T05:59:12Z,2026-07-20T05:59:12Z,,45,2013,2026-07-20 05:59:12
660,GeForce GT 750M,NVIDIA,GeForce 700M (7xxM) series,GK107,"April 1, 2013",PCIe 3.0 x16,,DDR3GDDR5,128,3280,967,,,384:32:16(2 SMX),,,50,28,,,,List_of_Nvidia_graphics_processing_units,2026-07-20T05:59:12Z,2026-07-20T05:59:12Z,,50,2013,2026-07-20 05:59:12
661,GeForce GT 755M,NVIDIA,GeForce 700M (7xxM) series,GK107,,PCIe 3.0 x16,,GDDR5,128,86.4,1020,,,384:32:16(2 SMX),,,50,28,,,,List_of_Nvidia_graphics_processing_units,2026-07-20T05:59:12Z,2026-07-20T05:59:12Z,,50,,2026-07-20 05:59:12
437,GeForce GT1010 OEM,NVIDIA,GeForce 10 series,GP108-200-A1,"January13, 2021",PCIe 3x4,2,,64,16.8,,1152(1380),1050(2.1),256:16:8:2,,,20,Samsung14LPP,1.8,74,,List_of_Nvidia_graphics_processing_units,2026-07-20T05:59:08Z,2026-07-20T05:59:08Z,,20,2021,2026-07-20 05:59:08
439,GeForce GT1030,NVIDIA,GeForce 10 series,GK107,"September30, 2018",PCIe 3x16,2,,128,80.0,,1058,1250(5.0),384:32:16:2,,,65,TSMC28HP,1.27,118,,List_of_Nvidia_graphics_processing_units,2026-07-20T05:59:08Z,2026-07-20T05:59:08Z,,65,2018,2026-07-20 05:59:08
249,GeForce GT120 MacEdition,NVIDIA,GeForce 100 series,G96C,"January20, 2009",PCIe2.0 x16,512,,128,25.60,550,,800(1600),32:16:8:4,,,50,TSMC55 nm,314,121,,List_of_Nvidia_graphics_processing_units,2026-07-20T05:59:04Z,2026-07-20T05:59:04Z,,50,2009,2026-07-20 05:59:04
248,GeForce GT120 OEM,NVIDIA,GeForce 100 series,G96C,"March10, 2009",PCIe2.0 x16,512,,128,16.13,738,,504(1008),32:16:8:4,,,50,TSMC55 nm,314,121,,List_of_Nvidia_graphics_processing_units,2026-07-20T05:59:04Z,2026-07-20T05:59:04Z,,50,2009,2026-07-20 05:59:04
251,GeForce GT130 MacEdition,NVIDIA,GeForce 100 series,G94B,"December12, 2008",PCIe2.0 x16,512,,192,38.02,600,,792(1584),48:24:12:6,,,75,TSMC55 nm,505,196,,List_of_Nvidia_graphics_processing_units,2026-07-20T05:59:04Z,2026-07-20T05:59:04Z,,75,2008,2026-07-20 05:59:04
250,GeForce GT130 OEM,NVIDIA,GeForce 100 series,G94B,"March10, 2009",PCIe2.0 x16,512,,192,24.00,500,,500(1000),48:24:12:6,,,75,TSMC55 nm,505,196,,List_of_Nvidia_graphics_processing_units,2026-07-20T05:59:04Z,2026-07-20T05:59:04Z,,75,2009,2026-07-20 05:59:04
252,GeForce GT140 OEM,NVIDIA,GeForce 100 series,G94B,"March10, 2009",PCIe2.0 x16,1024,,256,57.60,650,,900(1800),64:32:16:8,,,105,TSMC55 nm,505,196,,List_of_Nvidia_graphics_processing_units,2026-07-20T05:59:04Z,2026-07-20T05:59:04Z,,105,2009,2026-07-20 05:59:04
266,GeForce GT220,NVIDIA,GeForce 200 series,G94,"January26, 2010",PCIe2.0 x16,1024,,128,22.4,600,,700(1.4),48:24:8:6,,,58,TSMC65 nm,505,240,,List_of_Nvidia_graphics_processing_units,2026-07-20T05:59:04Z,2026-07-20T05:59:04Z,,58,2010,2026-07-20 05:59:04
268,GeForce GT220 OEM,NVIDIA,GeForce 200 series,GT215-450-A2,"October12, 2009",PCIe2.0 x16,5121024,,128,22.4,506,,700(1.4),48:16:8:6,,,58,TSMC40 nm,727,144,,List_of_Nvidia_graphics_processing_units,2026-07-20T05:59:04Z,2026-07-20T05:59:04Z,,58,2009,2026-07-20 05:59:04
269,GeForce GT230,NVIDIA,GeForce 200 series,G94-300-B1,"October12, 2009",PCIe2.0 x16,5121024,,256,57.6,650,,900(1.8),48:24:16:6,,,75,TSMC55 nm,505,196,,List_of_Nvidia_graphics_processing_units,2026-07-20T05:59:04Z,2026-07-20T05:59:04Z,,75,2009,2026-07-20 05:59:04
270,GeForce GT230 OEM,NVIDIA,GeForce 200 series,G92-159-B1,"April 27,2009",PCIe2.0 x16,1536,,192,24.0,500,,500(1.0),96:48:12:12,,,75,TSMC55 nm,754,260,,List_of_Nvidia_graphics_processing_units,2026-07-20T05:59:04Z,2026-07-20T05:59:04Z,,75,2009,2026-07-20 05:59:04
271,GeForce GT240,NVIDIA,GeForce 200 series,GT215-450-A2,"November17, 2009",PCIe2.0 x16,1024,,128,54.4,550,,850(3.4),96:32:8:12,,,69,TSMC40 nm,727,144,,List_of_Nvidia_graphics_processing_units,2026-07-20T05:59:04Z,2026-07-20T05:59:04Z,,69,2009,2026-07-20 05:59:04
294,GeForce GT320,NVIDIA,GeForce 300 series,GT215-250-A2,"February2, 2010",PCIe2.0 x16,1024,,128,25.28,540,,790(1.6),72:24:8:9,,,43,TSMC40 nm,727,144,,List_of_Nvidia_graphics_processing_units,2026-07-20T05:59:04Z,2026-07-20T05:59:04Z,,43,2010,2026-07-20 05:59:04
295,GeForce GT330,NVIDIA,GeForce 300 series,G92-168-B1,"February2, 2010",PCIe2.0 x16,256 512768 2048,,128,16.32,500,,510(1.0),96:48:16:12,,,75,TSMC55 nm,754,260,,List_of_Nvidia_graphics_processing_units,2026-07-20T05:59:04Z,2026-07-20T05:59:04Z,,75,2010,2026-07-20 05:59:04
299,GeForce GT340,NVIDIA,GeForce 300 series,GT215-301-A3,"February2, 2010",PCIe2.0 x16,1024,,128,27.20,550,,850(1.7),96:32:8:12,,,69,TSMC40 nm,727,144,,List_of_Nvidia_graphics_processing_units,2026-07-20T05:59:04Z,2026-07-20T05:59:04Z,,69,2010,2026-07-20 05:59:04
303,GeForce GT415 OEM,NVIDIA,GeForce 400 series,GT216-305-A3,"September3, 2010",PCIe2.0 x16,5121024,,128,10.66,625,,333(666),48:16:8:6,,,32,130.600,486,100,,List_of_Nvidia_graphics_processing_units,2026-07-20T05:59:05Z,2026-07-20T05:59:05Z,,32,2010,2026-07-20 05:59:05
304,GeForce GT420 OEM,NVIDIA,GeForce 400 series,GF108-200-A1,"September3, 2010",PCIe2.0 x16,1024,,128,28.80,700,,900(1800),48:4:4:1,,,50,134.400,585,116,,List_of_Nvidia_graphics_processing_units,2026-07-20T05:59:05Z,2026-07-20T05:59:05Z,,50,2010,2026-07-20 05:59:05
305,GeForce GT430,NVIDIA,GeForce 400 series,GF108-300-A1,"October11, 2010",PCIe2.0 x16,1024,,128,51.20,700,,800(3.2),96:16:4:2,,,49,268.800,585,116,,List_of_Nvidia_graphics_processing_units,2026-07-20T05:59:05Z,2026-07-20T05:59:05Z,,49,2010,2026-07-20 05:59:05
309,GeForce GT430 OEM,NVIDIA,GeForce 400 series,GF108-400-A1,"October11, 2010",PCIe2.0 x16,2048,,128,25.60,700,,800(1.6),96:16:4:2,,,49,268.800,585,116,,List_of_Nvidia_graphics_processing_units,2026-07-20T05:59:05Z,2026-07-20T05:59:05Z,,49,2010,2026-07-20 05:59:05
310,GeForce GT440,NVIDIA,GeForce 400 series,GF108-400-A1,"February1, 2011",PCIe2.0 x16,5121024,,128,57.60,810,,900(3.6),96:16:4:2,,,65,311.000,585,116,,List_of_Nvidia_graphics_processing_units,2026-07-20T05:59:05Z,2026-07-20T05:59:05Z,,65,2011,2026-07-20 05:59:05
313,GeForce GT440 Mac Edition,NVIDIA,GeForce 400 series,GF108-400-A1,"February9, 2011",PCIe1.0 x16,1024,,128,21.34,810,,667(1.3),96:16:4:2,,,65,311.000,585,116,,List_of_Nvidia_graphics_processing_units,2026-07-20T05:59:05Z,2026-07-20T05:59:05Z,,65,2011,2026-07-20 05:59:05
314,GeForce GT440 OEM,NVIDIA,GeForce 400 series,GF106,"October11, 2010",PCIe2.0 x16,1536,,192,43.20,810,,900(1.8),144:24:24:3,,,65,466.600,1170,238,,List_of_Nvidia_graphics_processing_units,2026-07-20T05:59:05Z,2026-07-20T05:59:05Z,,65,2010,2026-07-20 05:59:05
335,GeForce GT520,NVIDIA,GeForce 500 series,GF119-300-A1,"April13, 2011",PCIe2.0 x1,10242048,,64,14.40,810,,900(1.8),48:8:4:1,,,29,155.520,292,79,,List_of_Nvidia_graphics_processing_units,2026-07-20T05:59:05Z,2026-07-20T05:59:05Z,,29,2011,2026-07-20 05:59:05
338,GeForce GT520 OEM,NVIDIA,GeForce 500 series,GF108-200-A1,"February1, 2012",PCIe2.0 x16,10242048,,64,10.67,700,,667(1.3),48:8:4:1,,,29,134.400,585,116,,List_of_Nvidia_graphics_processing_units,2026-07-20T05:59:05Z,2026-07-20T05:59:05Z,,29,2012,2026-07-20 05:59:05
340,GeForce GT530 OEM,NVIDIA,GeForce 500 series,GF108-200-A1,"May14, 2011",PCIe2.0 x16,10242048,,128,28.80,700,,900(1.8),96:16:4:2,,,50,268.800,585,116,,List_of_Nvidia_graphics_processing_units,2026-07-20T05:59:05Z,2026-07-20T05:59:05Z,,50,2011,2026-07-20 05:59:05
341,GeForce GT545,NVIDIA,GeForce 500 series,GF116,"May14, 2011",PCIe2.0 x16,15363072,,192,38.40,720,,800(1.6),144:24:16:3,,,70,414.720,1170,238,,List_of_Nvidia_graphics_processing_units,2026-07-20T05:59:05Z,2026-07-20T05:59:05Z,,70,2011,2026-07-20 05:59:05
342,GeForce GT545 OEM,NVIDIA,GeForce 500 series,GF116-110-KA-A1,"May14, 2011",PCIe2.0 x16,1024,,128,64.00,871,,1000(4.0),144:24:16:3,,,105,501.408,1170,238,,List_of_Nvidia_graphics_processing_units,2026-07-20T05:59:05Z,2026-07-20T05:59:05Z,,105,2011,2026-07-20 05:59:05
359,GeForce GT610,NVIDIA,GeForce 600 series,GF119-300-A1,"April2, 2012",PCIe2.0 x16,1024,,64,14.37,,810,898(1.8),48:8:4:1,,,29,TSMC40 nm,292,79,,List_of_Nvidia_graphics_processing_units,2026-07-20T05:59:06Z,2026-07-20T05:59:06Z,,29,2012,2026-07-20 05:59:06
362,GeForce GT610 OEM,NVIDIA,GeForce 600 series,GF108,"April2, 2016",PCIe2.0 x16,2048,,64,8.00,,701,500(1.0),48:8:4:1,,,29,TSMC40 nm,585,116,,List_of_Nvidia_graphics_processing_units,2026-07-20T05:59:06Z,2026-07-20T05:59:06Z,,29,2016,2026-07-20 05:59:06
365,GeForce GT620,NVIDIA,GeForce 600 series,GF108-100-KB-A1,"May15, 2012",PCIe2.0 x16,1024,,64,14.40,,700,900(1.8),96:16:4:2,,,49,TSMC40 nm,585,116,,List_of_Nvidia_graphics_processing_units,2026-07-20T05:59:06Z,2026-07-20T05:59:06Z,,49,2012,2026-07-20 05:59:06
366,GeForce GT620 OEM,NVIDIA,GeForce 600 series,GF119S,"April2, 2012",PCIe2.0 x16,5121024,,64,14.37,,810,898(1.8),48:8:4:1,,,30,TSMC40 nm,292,79,,List_of_Nvidia_graphics_processing_units,2026-07-20T05:59:06Z,2026-07-20T05:59:06Z,,30,2012,2026-07-20 05:59:06
367,GeForce GT625 OEM,NVIDIA,GeForce 600 series,GF119-400-A1,"February18, 2013",PCIe2.0 x16,1024,,64,13.20,,874,825(1.7),48:8:4:1,,,29,TSMC40 nm,292,79,,List_of_Nvidia_graphics_processing_units,2026-07-20T05:59:06Z,2026-07-20T05:59:06Z,,29,2013,2026-07-20 05:59:06
368,GeForce GT630,NVIDIA,GeForce 600 series,GF108-400-A1,"May15, 2012",PCIe2.0 x16,1024,,128,28.80,,810,900(1.8),96:16:4:2,,,65,TSMC40 nm,585,116,,List_of_Nvidia_graphics_processing_units,2026-07-20T05:59:06Z,2026-07-20T05:59:06Z,,65,2012,2026-07-20 05:59:06
370,GeForce GT630 OEM,NVIDIA,GeForce 600 series,GK107-301-A2,"April24, 2012",PCIe3.0 x16,10242048,,128,28.51,,875,891(1.8),192:16:16:1,,,50,TSMC28 nm,1270,118,,List_of_Nvidia_graphics_processing_units,2026-07-20T05:59:06Z,2026-07-20T05:59:06Z,,50,2012,2026-07-20 05:59:06
369,GeForce GT630 Rev. 2,NVIDIA,GeForce 600 series,GK208-301-A1,"May29, 2013",PCIe2.0 x8,2048,,64,14.40,,902,900(1.8),384:32:8:2,,,25,TSMC28 nm,1020,87,,List_of_Nvidia_graphics_processing_units,2026-07-20T05:59:06Z,2026-07-20T05:59:06Z,,25,2013,2026-07-20 05:59:06
371,GeForce GT635 OEM,NVIDIA,GeForce 600 series,GK208,"October1, 2013",PCIe3.0 x8,1024,,64,14.40,,967,900(1.8),384:32:8:2,,,35,TSMC28 nm,1020,87,,List_of_Nvidia_graphics_processing_units,2026-07-20T05:59:06Z,2026-07-20T05:59:06Z,,35,2013,2026-07-20 05:59:06
372,GeForce GT640,NVIDIA,GeForce 600 series,GK107-300-A2,"June5, 2012",PCIe3.0 x16,2048,,128,28.51,,902,891(1.8),384:32:16:2,,,65,TSMC28 nm,1270,118,,List_of_Nvidia_graphics_processing_units,2026-07-20T05:59:06Z,2026-07-20T05:59:06Z,,65,2012,2026-07-20 05:59:06
374,GeForce GT640 OEM,NVIDIA,GeForce 600 series,GK107-320-A2,"April24, 2012",PCIe3.0 x16,1024,,128,57.02,,797,891(3.6),384:32:16:2,,,50,TSMC28 nm,1270,118,,List_of_Nvidia_graphics_processing_units,2026-07-20T05:59:06Z,2026-07-20T05:59:06Z,,50,2012,2026-07-20 05:59:06
376,GeForce GT640 OEMRebrand,NVIDIA,GeForce 600 series,GF116-150-A1,"April24, 2012",PCIe2.0 x16,1536,,192,38.40,,720,800(1.6),144:24:24:3,,,75,TSMC40 nm,1170,238,,List_of_Nvidia_graphics_processing_units,2026-07-20T05:59:06Z,2026-07-20T05:59:06Z,,75,2012,2026-07-20 05:59:06
373,GeForce GT640 Rev. 2,NVIDIA,GeForce 600 series,GK208-400-A1,"May29, 2013",PCIe2.0 x8,1024,,64,40.06,,1046,1252(5.0),384:32:8:2,,,49,TSMC28 nm,1020,87,,List_of_Nvidia_graphics_processing_units,2026-07-20T05:59:06Z,2026-07-20T05:59:06Z,,49,2013,2026-07-20 05:59:06
377,GeForce GT645 OEM,NVIDIA,GeForce 600 series,GF114,"April24, 2012",PCIe2.0 x16,10241536,,192,91.87,,776,957(3.8),288:48:24:6,,,102,TSMC40 nm,1950,332,,List_of_Nvidia_graphics_processing_units,2026-07-20T05:59:06Z,2026-07-20T05:59:06Z,,102,2012,2026-07-20 05:59:06
393,GeForce GT705 OEM,NVIDIA,GeForce 700 series,GF119-400-A1,"March27, 2014",PCIe 2x16,1,,64,13.2,,874,825(1650),48:8:4:1,,,29,TSMC40 nm,292,79,,List_of_Nvidia_graphics_processing_units,2026-07-20T05:59:07Z,2026-07-20T05:59:07Z,,29,2014,2026-07-20 05:59:07
395,GeForce GT710,NVIDIA,GeForce 700 series,GF119-300-A1,"January26, 2016",PCIe 2x16,1,,64,14.37,,810,898(1796),48:8:4:1,,,29,TSMC40 nm,292,79,,List_of_Nvidia_graphics_processing_units,2026-07-20T05:59:07Z,2026-07-20T05:59:07Z,,29,2016,2026-07-20 05:59:07
394,GeForce GT710 OEM,NVIDIA,GeForce 700 series,GK208B,"March27, 2014",PCIe 2x8,1,,64,14.4,,797,900(1800),192:16:8:1,,,,TSMC28HP,1020,87,,List_of_Nvidia_graphics_processing_units,2026-07-20T05:59:07Z,2026-07-20T05:59:07Z,,,2014,2026-07-20 05:59:07
399,GeForce GT720,NVIDIA,GeForce 700 series,GK208B,"September29, 2014",PCIe 2x8,1,,64,12.8,,797,800(1600),192:16:8:1,,,19,TSMC28HP,1020,87,,List_of_Nvidia_graphics_processing_units,2026-07-20T05:59:07Z,2026-07-20T05:59:07Z,,19,2014,2026-07-20 05:59:07
398,GeForce GT720 OEM,NVIDIA,GeForce 700 series,GK107,"October29, 2017",PCIe 3x16,1,,128,28.51,,993,891(1782),192:16:16:1,,,50,TSMC28HP,1270,118,,List_of_Nvidia_graphics_processing_units,2026-07-20T05:59:07Z,2026-07-20T05:59:07Z,,50,2017,2026-07-20 05:59:07
401,GeForce GT730,NVIDIA,GeForce 700 series,GF108-400-A1,"June18, 2014",PCIe 2x16,2,,128,25.6,,700,800(1600),96:16:4:2,,,49,TSMC40 nm,585,116,,List_of_Nvidia_graphics_processing_units,2026-07-20T05:59:07Z,2026-07-20T05:59:07Z,,49,2014,2026-07-20 05:59:07
400,GeForce GT730 OEM,NVIDIA,GeForce 700 series,GK107,"April9, 2015",PCIe 3x16,1,,64,40.1,,902,1253(5012),384:32:8:2,,,64,TSMC28HP,1270,118,,List_of_Nvidia_graphics_processing_units,2026-07-20T05:59:07Z,2026-07-20T05:59:07Z,,64,2015,2026-07-20 05:59:07
406,GeForce GT740,NVIDIA,GeForce 700 series,GK107-425-A2,"May29, 2014",PCIe 3x16,1,,128,80.19,,993,1253(5012),384:32:16:2,,,64,TSMC28HP,1270,118,,List_of_Nvidia_graphics_processing_units,2026-07-20T05:59:07Z,2026-07-20T05:59:07Z,,64,2014,2026-07-20 05:59:07
404,GeForce GT740 OEM,NVIDIA,GeForce 700 series,GK106S,April14 2015,PCIe 3x16,1,,128,80.19,,980(1033),1253(5012),384:32:16:2,,,65,TSMC28HP,2540,221,,List_of_Nvidia_graphics_processing_units,2026-07-20T05:59:07Z,2026-07-20T05:59:07Z,,65,2015,2026-07-20 05:59:07
594,GeForce GTS 150M,NVIDIA,GeForce 100M (1xxM) series,N10E-GE1(G94b),"March 3, 2009",PCIe 2.0 x16,,GDDR3,256,51.2,400,,1600,64:32:16,,,Unknown,55,,,,List_of_Nvidia_graphics_processing_units,2026-07-20T05:59:10Z,2026-07-20T05:59:10Z,,,2009,2026-07-20 05:59:10
595,GeForce GTS 160M,NVIDIA,GeForce 100M (1xxM) series,N10E-GS1(G94b),"March 3, 2009",PCIe 2.0 x16,,GDDR3,256,51.2,600,,1600,64:32:16,,,60,55,,,,List_of_Nvidia_graphics_processing_units,2026-07-20T05:59:10Z,2026-07-20T05:59:10Z,,60,2009,2026-07-20 05:59:10
600,GeForce GTS 250M,NVIDIA,GeForce 200M (2xxM) series,GT215,"June 15, 2009",PCIe 2.0 x16,,GDDR5,128,51.2,500,,3200,96:32:8,,,28,40,,,,List_of_Nvidia_graphics_processing_units,2026-07-20T05:59:11Z,2026-07-20T05:59:11Z,,28,2009,2026-07-20 05:59:11
601,GeForce GTS 260M,NVIDIA,GeForce 200M (2xxM) series,GT215,"June 15, 2009",PCIe 2.0 x16,,GDDR5,128,57.6,550,,3600,96:32:8,,,38,40,,,,List_of_Nvidia_graphics_processing_units,2026-07-20T05:59:11Z,2026-07-20T05:59:11Z,,38,2009,2026-07-20 05:59:11
613,GeForce GTS 350M,NVIDIA,GeForce 300M (3xxM) series,GT215,"January 7, 2010",PCIe 2.0 x16,,DDR3GDDR3GDDR5,128,51.2,500,,3200,96:32:8,,,28,40,,,,List_of_Nvidia_graphics_processing_units,2026-07-20T05:59:11Z,2026-07-20T05:59:11Z,,28,2010,2026-07-20 05:59:11
614,GeForce GTS 360M,NVIDIA,GeForce 300M (3xxM) series,GT215,"January 7, 2010",PCIe 2.0 x16,,DDR3GDDR3GDDR5,128,57.6,500,,3600,96:32:8,,,38,40,,,,List_of_Nvidia_graphics_processing_units,2026-07-20T05:59:11Z,2026-07-20T05:59:11Z,,38,2010,2026-07-20 05:59:11
253,GeForce GTS150 OEM,NVIDIA,GeForce 100 series,G92,"March10, 2009",PCIe2.0 x16,1024,,256,64.00,738,,1000(2000),128:64:16:16,,,141,TSMC65 nm,754,324,,List_of_Nvidia_graphics_processing_units,2026-07-20T05:59:04Z,2026-07-20T05:59:04Z,,141,2009,2026-07-20 05:59:04
272,GeForce GTS240 OEM,NVIDIA,GeForce 200 series,G92-240-B1,"July1, 2009",PCIe2.0 x16,1024,,256,70.4,675,,1100(2.2),112:56:16:14,,,120,TSMC55 nm,754,260,,List_of_Nvidia_graphics_processing_units,2026-07-20T05:59:04Z,2026-07-20T05:59:04Z,,120,2009,2026-07-20 05:59:04
273,GeForce GTS250,NVIDIA,GeForce 200 series,G92-428-B1,"March4, 2009",PCIe2.0 x16,1024,,256,64.0,702,,1000(2.0),128:64:16:16,,,150,TSMC55 nm,754,260,,List_of_Nvidia_graphics_processing_units,2026-07-20T05:59:04Z,2026-07-20T05:59:04Z,,150,2009,2026-07-20 05:59:04
315,GeForce GTS450,NVIDIA,GeForce 400 series,GF106-250-KA-A1,"September13, 2010",PCIe2.0 x16,1024,,128,57.73,783,,902(3.6),192:32:16:4,,,106,601.300,1170,238,,List_of_Nvidia_graphics_processing_units,2026-07-20T05:59:05Z,2026-07-20T05:59:05Z,,106,2010,2026-07-20 05:59:05
316,GeForce GTS450 OEM,NVIDIA,GeForce 400 series,GF106-250-KB-A1,"October11, 2010",PCIe2.0 x16,1536,,192,96.00,790,,1000(4.0),144:24:16:3,,,106,455.000,1170,238,,List_of_Nvidia_graphics_processing_units,2026-07-20T05:59:05Z,2026-07-20T05:59:05Z,,106,2010,2026-07-20 05:59:05
318,GeForce GTS450 Rev. 2,NVIDIA,GeForce 400 series,GF116-200-KA-A1,"March15, 2011",PCIe2.0 x16,1024,,128,57.73,783,,902(3.6),192:32:16:4,,,106,601.300,1170,238,,List_of_Nvidia_graphics_processing_units,2026-07-20T05:59:05Z,2026-07-20T05:59:05Z,,106,2011,2026-07-20 05:59:05
319,GeForce GTS450 Rev. 3,NVIDIA,GeForce 400 series,GF116-200-KA-A1,"July11, 2012",PCIe2.0 x16,1024,,128,22.40,783,,700(1.4),144:24:16:3,,,106,451.000,1170,238,,List_of_Nvidia_graphics_processing_units,2026-07-20T05:59:05Z,2026-07-20T05:59:05Z,,106,2012,2026-07-20 05:59:05
692,GeForce GTX 1050 (Notebook),NVIDIA,GeForce 10 series,GP107 (N17P-G0-A1),"January 3, 2017",PCIe 3.0 x16,,GDDR5,128,112,1354,1493,,640:40:16,,,53,14 nm,3.3,135,,List_of_Nvidia_graphics_processing_units,2026-07-20T05:59:13Z,2026-07-20T05:59:13Z,,53,2017,2026-07-20 05:59:13
693,GeForce GTX 1050 Ti (Notebook),NVIDIA,GeForce 10 series,GP107 (N17P-G1-A1),"January 3, 2017",PCIe 3.0 x16,,GDDR5,128,112,1493,1620,,768:48:32,,,64,14 nm,3.3,135,,List_of_Nvidia_graphics_processing_units,2026-07-20T05:59:13Z,2026-07-20T05:59:13Z,,64,2017,2026-07-20 05:59:13
694,GeForce GTX 1060 (Notebook),NVIDIA,GeForce 10 series,GP106,"August 16, 2016",PCIe 3.0 x16,,GDDR5,192,192,1404,1670,,1280:80:48,,,80,16 nm,4.4,200,,List_of_Nvidia_graphics_processing_units,2026-07-20T05:59:13Z,2026-07-20T05:59:13Z,,80,2016,2026-07-20 05:59:13
695,GeForce GTX 1060 Max-Q,NVIDIA,GeForce 10 series,GP106B,May 2017,PCIe 3.0 x16,,GDDR5,192,192,1265,1480,,1280:80:48,,,80,16 nm,4.4,200,,List_of_Nvidia_graphics_processing_units,2026-07-20T05:59:13Z,2026-07-20T05:59:13Z,,80,2017,2026-07-20 05:59:13
697,GeForce GTX 1070 (Notebook),NVIDIA,GeForce 10 series,GP104/ GP104B,"August 16, 2016",PCIe 3.0 x16,,GDDR5,256,256,1442,1645,,2048:128:64,,,115,16 nm,7.2,314,,List_of_Nvidia_graphics_processing_units,2026-07-20T05:59:13Z,2026-07-20T05:59:13Z,,115,2016,2026-07-20 05:59:13
698,GeForce GTX 1070 Max-Q,NVIDIA,GeForce 10 series,GP104/ GP104B,May 2017,PCIe 3.0 x16,,GDDR5,256,256,1101,1379,,2048:128:64,,,,16 nm,7.2,314,,List_of_Nvidia_graphics_processing_units,2026-07-20T05:59:13Z,2026-07-20T05:59:13Z,,,2017,2026-07-20 05:59:13
699,GeForce GTX 1080 (Notebook),NVIDIA,GeForce 10 series,GP104/ GP104B,"August 16, 2016",PCIe 3.0 x16,,GDDR5X,256,320,1556,1733,,2560:160:64,,,150,16 nm,7.2,314,,List_of_Nvidia_graphics_processing_units,2026-07-20T05:59:13Z,2026-07-20T05:59:13Z,,150,2016,2026-07-20 05:59:13
700,GeForce GTX 1080 Max-Q,NVIDIA,GeForce 10 series,GP104/ GP104B,May 2017,PCIe 3.0 x16,,GDDR5X,256,320,1101,1468,,2560:160:64,,,,16 nm,7.2,314,,List_of_Nvidia_graphics_processing_units,2026-07-20T05:59:13Z,2026-07-20T05:59:13Z,,,2017,2026-07-20 05:59:13
702,GeForce GTX 1650 (Laptop),NVIDIA,GeForce 16 series,TU117,"April 23, 2019",PCIe 3.0 x16,,GDDR5,128,128,1395,1560,,1024:64:32,,,50,TSMC 12FFN,4.7,200,,List_of_Nvidia_graphics_processing_units,2026-07-20T05:59:13Z,2026-07-20T05:59:13Z,,50,2019,2026-07-20 05:59:13
703,GeForce GTX 1650 Max-Q,NVIDIA,GeForce 16 series,TU117(N18P-G0-MP-A1),"April 23, 2019",PCIe 3.0 x16,,GDDR5,128,112,1020,1245,,1024:64:32,,,30,TSMC 12FFN,4.7,200,,List_of_Nvidia_graphics_processing_units,2026-07-20T05:59:13Z,2026-07-20T05:59:13Z,,30,2019,2026-07-20 05:59:13
705,GeForce GTX 1650 Ti,NVIDIA,GeForce 16 series,TU117(N18P-G62-A1),"April 2, 2020",PCIe 3.0 x16,,GDDR6,128,192,1350,1485,,1024:64:32,,,55,TSMC 12FFN,4.7,200,,List_of_Nvidia_graphics_processing_units,2026-07-20T05:59:13Z,2026-07-20T05:59:13Z,,55,2020,2026-07-20 05:59:13
704,GeForce GTX 1650 Ti Max-Q,NVIDIA,GeForce 16 series,TU117,"April 2, 2020",PCIe 3.0 x16,,GDDR6,128,192,1035,1200,,1024:64:32,,,35,TSMC 12FFN,4.7,200,,List_of_Nvidia_graphics_processing_units,2026-07-20T05:59:13Z,2026-07-20T05:59:13Z,,35,2020,2026-07-20 05:59:13
706,GeForce GTX 1660 (Laptop),NVIDIA,GeForce 16 series,TU116,,PCIe 3.0 x16,,GDDR6,192,384,1455,1599,,1408:88:48,,,,TSMC 12FFN,6.6,284,,List_of_Nvidia_graphics_processing_units,2026-07-20T05:59:13Z,2026-07-20T05:59:13Z,,,,2026-07-20 05:59:13
708,GeForce GTX 1660 Ti (Laptop),NVIDIA,GeForce 16 series,TU116,"April 23, 2019",PCIe 3.0 x16,,GDDR6,192,288,1455,1590,,1536:96:46,,,80,TSMC 12FFN,6.6,284,,List_of_Nvidia_graphics_processing_units,2026-07-20T05:59:13Z,2026-07-20T05:59:13Z,,80,2019,2026-07-20 05:59:13
707,GeForce GTX 1660 Ti Max-Q,NVIDIA,GeForce 16 series,TU116,"April 23, 2019",PCIe 3.0 x16,,GDDR6,192,288,1140,1335,,1536:96:46,,,60,TSMC 12FFN,6.6,284,,List_of_Nvidia_graphics_processing_units,2026-07-20T05:59:13Z,2026-07-20T05:59:13Z,,60,2019,2026-07-20 05:59:13
602,GeForce GTX 260M,NVIDIA,GeForce 200M (2xxM) series,G92b,"March 3, 2009",PCIe 2.0 x16,,GDDR3,256,60.8,550,,1900,112:56:16,,,65,55,,,,List_of_Nvidia_graphics_processing_units,2026-07-20T05:59:11Z,2026-07-20T05:59:11Z,,65,2009,2026-07-20 05:59:11
603,GeForce GTX 280M,NVIDIA,GeForce 200M (2xxM) series,G92b,"March 3, 2009",PCIe 2.0 x16,,GDDR3,256,60.8,585,,1900,128:64:16,,,75,55,,,,List_of_Nvidia_graphics_processing_units,2026-07-20T05:59:11Z,2026-07-20T05:59:11Z,,75,2009,2026-07-20 05:59:11
604,GeForce GTX 285M,NVIDIA,GeForce 200M (2xxM) series,G92b,February 2010,PCIe 2.0 x16,,GDDR3,256,64.0,600,,2000,128:64:16,,,75,55,,,,List_of_Nvidia_graphics_processing_units,2026-07-20T05:59:11Z,2026-07-20T05:59:11Z,,75,2010,2026-07-20 05:59:11
621,GeForce GTX 460M,NVIDIA,GeForce 400M (4xxM) series,GF106,"September 3, 2010",PCIe 2.0 x16,,GDDR5,192,60,675,,2500,192:323:24,,,45–50(GPU only),40,,,,List_of_Nvidia_graphics_processing_units,2026-07-20T05:59:11Z,2026-07-20T05:59:11Z,,45,2010,2026-07-20 05:59:11
622,GeForce GTX 470M,NVIDIA,GeForce 400M (4xxM) series,GF104,"September 3, 2010",PCIe 2.0 x16,,GDDR5,192,60,550,,2500,288:483:24,,,45–50(GPU only),40,,,,List_of_Nvidia_graphics_processing_units,2026-07-20T05:59:11Z,2026-07-20T05:59:11Z,,45,2010,2026-07-20 05:59:11
623,GeForce GTX 480M,NVIDIA,GeForce 400M (4xxM) series,GF100,"May 25, 2010",PCIe 2.0 x16,,GDDR5,256,76.8,425,,2400,352:443:32,,,100(MXM module),40,,,,List_of_Nvidia_graphics_processing_units,2026-07-20T05:59:11Z,2026-07-20T05:59:11Z,,100,2010,2026-07-20 05:59:11
624,GeForce GTX 485M,NVIDIA,GeForce 400M (4xxM) series,GF104,"January 5, 2011",PCIe 2.0 x16,,GDDR5,256,96.0,575,,3000,384:643:32,,,100(MXM module),40,,,,List_of_Nvidia_graphics_processing_units,2026-07-20T05:59:11Z,2026-07-20T05:59:11Z,,100,2011,2026-07-20 05:59:11
632,GeForce GTX 560M,NVIDIA,GeForce 500M (5xxM) series,GF116,"May 30, 2011",PCIe 2.0 x16,,GDDR5,128192,40.060.0,775,,2500,192:32:16192:32:24,,,75,40,,,,List_of_Nvidia_graphics_processing_units,2026-07-20T05:59:11Z,2026-07-20T05:59:11Z,,75,2011,2026-07-20 05:59:11
633,GeForce GTX 570M,NVIDIA,GeForce 500M (5xxM) series,GF114,"June 28, 2011",PCIe 2.0 x16,,GDDR5,192,72.0,575,,3000,336:56:24,,,75,40,,,,List_of_Nvidia_graphics_processing_units,2026-07-20T05:59:11Z,2026-07-20T05:59:11Z,,75,2011,2026-07-20 05:59:11
634,GeForce GTX 580M,NVIDIA,GeForce 500M (5xxM) series,GF114,"June 28, 2011",PCIe 2.0 x16,,GDDR5,256,96.0,620,,3000,384:64:32,,,100,40,,,,List_of_Nvidia_graphics_processing_units,2026-07-20T05:59:11Z,2026-07-20T05:59:11Z,,100,2011,2026-07-20 05:59:11
644,GeForce GTX 660M,NVIDIA,GeForce 600M (6xxM) series,GK107 (N13E-GE),"March 22, 2012",PCIe 3.0 x16,,GDDR5,128,80.0,835,,,384:32:16(2 SMX),,,50,28,,,,List_of_Nvidia_graphics_processing_units,2026-07-20T05:59:12Z,2026-07-20T05:59:12Z,,50,2012,2026-07-20 05:59:12
645,GeForce GTX 670M,NVIDIA,GeForce 600M (6xxM) series,GF114 (N13E-GS1-LP),April 2012,PCIe 2.0 x16,,GDDR5,192,72.0,620,,,336:56:24,,,75,40,,,,List_of_Nvidia_graphics_processing_units,2026-07-20T05:59:12Z,2026-07-20T05:59:12Z,,75,2012,2026-07-20 05:59:12
646,GeForce GTX 670MX,NVIDIA,GeForce 600M (6xxM) series,GK104 (N13E-GR),October 2012,PCIe 3.0 x16,,GDDR5,192,67.2,615,,,960:80:24(5 SMX),,,75,28,,,,List_of_Nvidia_graphics_processing_units,2026-07-20T05:59:12Z,2026-07-20T05:59:12Z,,75,2012,2026-07-20 05:59:12
647,GeForce GTX 675M,NVIDIA,GeForce 600M (6xxM) series,GF114 (N13E-GS1),April 2012,PCIe 2.0 x16,,GDDR5,256,96.0,632,,,384:64:32,,,100,40,,,,List_of_Nvidia_graphics_processing_units,2026-07-20T05:59:12Z,2026-07-20T05:59:12Z,,100,2012,2026-07-20 05:59:12
648,GeForce GTX 675MX,NVIDIA,GeForce 600M (6xxM) series,GK104 (N13E-GSR),October 2012,PCIe 3.0 x16,,GDDR5,256,115.2,667,,,960:80:32(5 SMX),,,100,28,,,,List_of_Nvidia_graphics_processing_units,2026-07-20T05:59:12Z,2026-07-20T05:59:12Z,,100,2012,2026-07-20 05:59:12
649,GeForce GTX 680M,NVIDIA,GeForce 600M (6xxM) series,GK104 (N13E-GTX),"June 4, 2012",PCIe 3.0 x16,,GDDR5,256,115.2,719,,,1344:112:32(7 SMX),,,100,28,,,,List_of_Nvidia_graphics_processing_units,2026-07-20T05:59:12Z,2026-07-20T05:59:12Z,,100,2012,2026-07-20 05:59:12
650,GeForce GTX 680MX,NVIDIA,GeForce 600M (6xxM) series,GK104,"October 23, 2012",PCIe 3.0 x16,,GDDR5,256,160,719,,,1536:128:32(8 SMX),,,122,28,,,,List_of_Nvidia_graphics_processing_units,2026-07-20T05:59:12Z,2026-07-20T05:59:12Z,,122,2012,2026-07-20 05:59:12
662,GeForce GTX 760M,NVIDIA,GeForce 700M (7xxM) series,GK106,May 2013,PCIe 3.0 x16,,GDDR5,128,64,719,,,768:64:16(4 SMX),,,55,28,,,,List_of_Nvidia_graphics_processing_units,2026-07-20T05:59:12Z,2026-07-20T05:59:12Z,,55,2013,2026-07-20 05:59:12
663,GeForce GTX 765M,NVIDIA,GeForce 700M (7xxM) series,GK106,May 2013,PCIe 3.0 x16,,GDDR5,128,64,863,,,768:64:16(4 SMX),,,65,28,,,,List_of_Nvidia_graphics_processing_units,2026-07-20T05:59:12Z,2026-07-20T05:59:12Z,,65,2013,2026-07-20 05:59:12
664,GeForce GTX 770M,NVIDIA,GeForce 700M (7xxM) series,GK106,May 2013,PCIe 3.0 x16,,GDDR5,192,96,797,,,960:80:24(5 SMX),,,75,28,,,,List_of_Nvidia_graphics_processing_units,2026-07-20T05:59:12Z,2026-07-20T05:59:12Z,,75,2013,2026-07-20 05:59:12
665,GeForce GTX 780M,NVIDIA,GeForce 700M (7xxM) series,GK104,May 2013,PCIe 3.0 x16,,GDDR5,256,160,797,,,1536:128:32(8 SMX),,,122,28,,,,List_of_Nvidia_graphics_processing_units,2026-07-20T05:59:12Z,2026-07-20T05:59:12Z,,122,2013,2026-07-20 05:59:12
673,GeForce GTX 850M,NVIDIA,GeForce 800M (8xxM) series,GM107,"March 12, 2014",PCIe 3.0 x16,,DDR3,128,32,936+Boost,,,640:40:16(5 SMM),,,40,28,,,,List_of_Nvidia_graphics_processing_units,2026-07-20T05:59:12Z,2026-07-20T05:59:12Z,,40,2014,2026-07-20 05:59:12
675,GeForce GTX 860M,NVIDIA,GeForce 800M (8xxM) series,GK104,"March 12, 2014",PCIe 3.0 x16,,GDDR5,128,80,797–915,,,1152:96:16(6 SMX),,,75,28,,,,List_of_Nvidia_graphics_processing_units,2026-07-20T05:59:12Z,2026-07-20T05:59:12Z,,75,2014,2026-07-20 05:59:12
677,GeForce GTX 870M,NVIDIA,GeForce 800M (8xxM) series,GK104,"March 12, 2014",PCIe 3.0 x16,,GDDR5,192,120,941–967,,,1344:112:24(7 SMX),,,110,28,,,,List_of_Nvidia_graphics_processing_units,2026-07-20T05:59:12Z,2026-07-20T05:59:12Z,,110,2014,2026-07-20 05:59:12
678,GeForce GTX 880M,NVIDIA,GeForce 800M (8xxM) series,GK104,"March 12, 2014",PCIe 3.0 x16,,GDDR5,256,160,954–993,,,1536:128:32(8 SMX),,,130,28,,,,List_of_Nvidia_graphics_processing_units,2026-07-20T05:59:12Z,2026-07-20T05:59:12Z,,130,2014,2026-07-20 05:59:12
685,GeForce GTX 950M,NVIDIA,GeForce 900M (9xxM) series,GM107,"March 12, 2015",PCIe 3.0 x16,,DDR3,128,32,,,,640:40:16(5 SMM),,,55,28,,,,List_of_Nvidia_graphics_processing_units,2026-07-20T05:59:12Z,2026-07-20T05:59:12Z,,55,2015,2026-07-20 05:59:12
687,GeForce GTX 960M,NVIDIA,GeForce 900M (9xxM) series,GM107,"March 12, 2015",PCIe 3.0 x16,,GDDR5,128,80,,,,640:40:16(5 SMM),,,65,28,,,,List_of_Nvidia_graphics_processing_units,2026-07-20T05:59:12Z,2026-07-20T05:59:12Z,,65,2015,2026-07-20 05:59:13
688,GeForce GTX 965M,NVIDIA,GeForce 900M (9xxM) series,GM204,"January 5, 2015",PCIe 3.0 x16,,GDDR5,128,80,,,,1024:64:32(8 SMM),,,60,28,,,,List_of_Nvidia_graphics_processing_units,2026-07-20T05:59:13Z,2026-07-20T05:59:13Z,,60,2015,2026-07-20 05:59:13
689,GeForce GTX 970M,NVIDIA,GeForce 900M (9xxM) series,GM204,"October 7, 2014",PCIe 3.0 x16,,GDDR5,192,120,,,,1280:80:48(10 SMM),,,75,28,,,,List_of_Nvidia_graphics_processing_units,2026-07-20T05:59:13Z,2026-07-20T05:59:13Z,,75,2014,2026-07-20 05:59:13
691,GeForce GTX 980,NVIDIA,GeForce 900M (9xxM) series,GM204,"September 22, 2015",PCIe 3.0 x16,,GDDR5,256,224,,,,2048:128:64(16 SMM),,,"165, oc to 200",28,,,,List_of_Nvidia_graphics_processing_units,2026-07-20T05:59:13Z,2026-07-20T05:59:13Z,,165,2015,2026-07-20 05:59:13
690,GeForce GTX 980M,NVIDIA,GeForce 900M (9xxM) series,GM204,"October 7, 2014",PCIe 3.0 x16,,GDDR5,256,160,,,,1536:96:64(12 SMM),,,100,28,,,,List_of_Nvidia_graphics_processing_units,2026-07-20T05:59:13Z,2026-07-20T05:59:13Z,,100,2014,2026-07-20 05:59:13
442,GeForce GTX1050,NVIDIA,GeForce 10 series,GP107-301-K1-A1,"May21, 2018",PCIe 3x16,3,,96,84.1,,1392(1518),1752(7.0),768:48:24:6,,,75,Samsung14LPP,3.3,132,,List_of_Nvidia_graphics_processing_units,2026-07-20T05:59:08Z,2026-07-20T05:59:08Z,,75,2018,2026-07-20 05:59:08
444,GeForce GTX1050 Ti,NVIDIA,GeForce 10 series,GP107-400-A1,"October25, 2016",PCIe 3x16,4,,128,112.1,,1291(1392),1752(7.0),768:48:32:6,,,75,Samsung14LPP,3.3,132,,List_of_Nvidia_graphics_processing_units,2026-07-20T05:59:08Z,2026-07-20T05:59:08Z,,75,2016,2026-07-20 05:59:08
445,GeForce GTX1060,NVIDIA,GeForce 10 series,GP106-300-A1,"August18, 2016",PCIe 3x16,3,,192,192.2,,1506(1708),2002(8.0),1152:72:48:9,,,120,TSMC16FF,4.4,200,,List_of_Nvidia_graphics_processing_units,2026-07-20T05:59:08Z,2026-07-20T05:59:08Z,,120,2016,2026-07-20 05:59:08
448,GeForce GTX1060 6 GB,NVIDIA,GeForce 10 series,GP104-150-KA-A1,"March8, 2018",PCIe 3x16,6,,192,192.2,,1506(1708),2002(8.0),1280:80:48:10,,,120,TSMC16FF,7.2,314,,List_of_Nvidia_graphics_processing_units,2026-07-20T05:59:08Z,2026-07-20T05:59:08Z,,120,2018,2026-07-20 05:59:08
449,GeForce GTX1060 6 GBGDDR5X,NVIDIA,GeForce 10 series,GP104-150-KA-A1,"October18, 2018",PCIe 3x16,6,,192,192.2,,1506(1709),1001(8.0),1280:80:48:10,,,120,TSMC16FF,7.2,314,,List_of_Nvidia_graphics_processing_units,2026-07-20T05:59:08Z,2026-07-20T05:59:08Z,,120,2018,2026-07-20 05:59:08
447,GeForce GTX1060 OEM,NVIDIA,GeForce 10 series,GP106-350-K3-A1,"December26, 2017",PCIe 3x16,5,,160,160.2,,1506(1709),2002(8.0),1280:80:48:10,,,120,TSMC16FF,4.4,200,,List_of_Nvidia_graphics_processing_units,2026-07-20T05:59:08Z,2026-07-20T05:59:08Z,,120,2017,2026-07-20 05:59:08
450,GeForce GTX1060 Rev. 2,NVIDIA,GeForce 10 series,GP106-410-A1,"April20, 2017",PCIe 3x16,6,,192,216.7,,1506(1709),2257(9.0),1280:80:48:10,,,120,TSMC16FF,4.4,200,,List_of_Nvidia_graphics_processing_units,2026-07-20T05:59:08Z,2026-07-20T05:59:08Z,,120,2017,2026-07-20 05:59:08
452,GeForce GTX1070,NVIDIA,GeForce 10 series,GP104-200-A1,"June10, 2016",PCIe 3x16,8,,256,256.3,,1506(1683),2002(8.0),1920:120:64:15,,,150,TSMC16FF,7.2,314,,List_of_Nvidia_graphics_processing_units,2026-07-20T05:59:08Z,2026-07-20T05:59:08Z,,150,2016,2026-07-20 05:59:08
453,GeForce GTX1070 GDDR5X,NVIDIA,GeForce 10 series,GP104-200-A1,"December4, 2018",PCIe 3x16,8,,256,256.3,,1506(1683),1001(8.0),1920:120:64:15,,,150,TSMC16FF,7.2,314,,List_of_Nvidia_graphics_processing_units,2026-07-20T05:59:08Z,2026-07-20T05:59:08Z,,150,2018,2026-07-20 05:59:08
454,GeForce GTX1070 Ti,NVIDIA,GeForce 10 series,GP104-300-A1,"November2, 2017",PCIe 3x16,8,,256,256.3,,1607(1683),2002(8.0),2432:152:64:19,,,180,TSMC16FF,7.2,314,,List_of_Nvidia_graphics_processing_units,2026-07-20T05:59:08Z,2026-07-20T05:59:08Z,,180,2017,2026-07-20 05:59:08
455,GeForce GTX1080,NVIDIA,GeForce 10 series,GP104-410-A1,"April20, 2017",PCIe 3x16,8,,256,352.3,,1607(1733),1376(11.0),2560:160:64:20,,,180,TSMC16FF,7.2,314,,List_of_Nvidia_graphics_processing_units,2026-07-20T05:59:08Z,2026-07-20T05:59:08Z,,180,2017,2026-07-20 05:59:08
457,GeForce GTX1080 Ti,NVIDIA,GeForce 10 series,GP102-350-K1-A1,"March5, 2017",PCIe 3x16,11,,352,484.4,,1481(1582),1376(11.0),3584:224:88:28,,,250,TSMC16FF,11.8,471,,List_of_Nvidia_graphics_processing_units,2026-07-20T05:59:08Z,2026-07-20T05:59:08Z,,250,2017,2026-07-20 05:59:08
462,GeForce GTX1630,NVIDIA,GeForce GTX 16 series,TU117-150-KA-A1,"June28, 2022",,4,,64,96.0,,1740(1785),1500(12.0),512:32:16:8,,,75,3.564(3.656),4.7,200,,List_of_Nvidia_graphics_processing_units,2026-07-20T05:59:08Z,2026-07-20T05:59:08Z,,75,2022,2026-07-20 05:59:08
463,GeForce GTX1650,NVIDIA,GeForce GTX 16 series,TU106-125-KAB-A1,"June18, 2020",,4,,128,192.0,,1410(1590),1500(12.0),896:56:32:14,,,90,5.053(5.699),10.8,445,,List_of_Nvidia_graphics_processing_units,2026-07-20T05:59:08Z,2026-07-20T05:59:08Z,,90,2020,2026-07-20 05:59:08
467,GeForce GTX1650 Super,NVIDIA,GeForce GTX 16 series,TU116-250-KA-A1,"November22, 2019",,4,,128,192.0,,1530(1725),1500(12.0),1280:80:32:20,,,100,7.834(8.832),6.6,284,,List_of_Nvidia_graphics_processing_units,2026-07-20T05:59:08Z,2026-07-20T05:59:08Z,,100,2019,2026-07-20 05:59:08
468,GeForce GTX1660,NVIDIA,GeForce GTX 16 series,TU116-300-A1,"March14, 2019",,6,,192,192.1,,1530(1785),2001(8.0),1408:88:48:22,,,120,8.617(10.053),6.6,284,,List_of_Nvidia_graphics_processing_units,2026-07-20T05:59:08Z,2026-07-20T05:59:08Z,,120,2019,2026-07-20 05:59:08
469,GeForce GTX1660 Super,NVIDIA,GeForce GTX 16 series,TU116-300-A1,"October29, 2019",,6,,192,336.0,,1530(1785),1750(14.0),1408:88:48:22,,,125,8.617(10.053),6.6,284,,List_of_Nvidia_graphics_processing_units,2026-07-20T05:59:08Z,2026-07-20T05:59:08Z,,125,2019,2026-07-20 05:59:08
470,GeForce GTX1660 Ti,NVIDIA,GeForce GTX 16 series,TU116-400-A1,"February21, 2019",,6,,192,288.0,,1500(1770),1500(12.0),1536:96:48:24,,,120,9.216(10.875),6.6,284,,List_of_Nvidia_graphics_processing_units,2026-07-20T05:59:08Z,2026-07-20T05:59:08Z,,120,2019,2026-07-20 05:59:08
275,GeForce GTX260,NVIDIA,GeForce 200 series,G200-100-A2,"June16, 2008",PCIe2.0 x16,896,,448,111.9,576,,999(2.0),192:64:28:24,,,182,TSMC65 nm,1400,576,,List_of_Nvidia_graphics_processing_units,2026-07-20T05:59:04Z,2026-07-20T05:59:04Z,,182,2008,2026-07-20 05:59:04
277,GeForce GTX260 Core 216,NVIDIA,GeForce 200 series,G200-103-A2,"September16, 2008",PCIe2.0 x16,896,,448,111.9,576,,999(2.0),216:72:28:27,,,182,TSMC65 nm,1400,576,,List_of_Nvidia_graphics_processing_units,2026-07-20T05:59:04Z,2026-07-20T05:59:04Z,,182,2008,2026-07-20 05:59:04
278,GeForce GTX260 Core 216Rev. 2,NVIDIA,GeForce 200 series,G200-103-B2,"November27, 2008",PCIe2.0 x16,896,,448,111.9,576,,999(2.0),216:72:28:27,,,171,TSMC55 nm,1400,576,,List_of_Nvidia_graphics_processing_units,2026-07-20T05:59:04Z,2026-07-20T05:59:04Z,,171,2008,2026-07-20 05:59:04
279,GeForce GTX260 OEM,NVIDIA,GeForce 200 series,G200-101-A2,"December8, 2009",PCIe2.0 x16,1792,,448,112.9,518,,1008(2.0),192:64:28:24,,,150,TSMC65 nm,1400,576,,List_of_Nvidia_graphics_processing_units,2026-07-20T05:59:04Z,2026-07-20T05:59:04Z,,150,2009,2026-07-20 05:59:04
276,GeForce GTX260 Rev. 2,NVIDIA,GeForce 200 series,G200-103-B2,"July23, 2008",PCIe2.0 x16,896,,448,111.9,576,,999(2.0),192:64:28:24,,,182,TSMC55 nm,1400,576,,List_of_Nvidia_graphics_processing_units,2026-07-20T05:59:04Z,2026-07-20T05:59:04Z,,182,2008,2026-07-20 05:59:04
280,GeForce GTX275,NVIDIA,GeForce 200 series,G200-105-B3,"January15, 2009",PCIe2.0 x16,896,,448,127.0,633,,1134(2.3),240:80:28:30,,,219,TSMC55 nm,1400,470,,List_of_Nvidia_graphics_processing_units,2026-07-20T05:59:04Z,2026-07-20T05:59:04Z,,219,2009,2026-07-20 05:59:04
281,GeForce GTX275 PhysXEdition,NVIDIA,GeForce 200 series,G92-428-B1 +G200-105-B3,"February16, 2010",PCIe2.0 x16,384 +896,,192 +448,52.8 +127.0,738 +633,,1100 (2.2) +1134 (2.3),128:48:12:16 +240:80:28:30,,,219,TSMC55 nm,754 +1400,260 +470,,List_of_Nvidia_graphics_processing_units,2026-07-20T05:59:04Z,2026-07-20T05:59:04Z,,219,2010,2026-07-20 05:59:04
282,GeForce GTX280,NVIDIA,GeForce 200 series,G200-300-A2,"June16, 2008",PCIe2.0 x16,1024,,512,141.7,602,,1107(2.2),240:80:32:30,,,236,TSMC65 nm,1400,576,,List_of_Nvidia_graphics_processing_units,2026-07-20T05:59:04Z,2026-07-20T05:59:04Z,,236,2008,2026-07-20 05:59:04
283,GeForce GTX285,NVIDIA,GeForce 200 series,GT200-350-B3,"January15, 2009",PCIe2.0 x16,1024,,512,159.0,648,,1242(2.5),240:80:32:30,,,204,TSMC55 nm,1400,470,,List_of_Nvidia_graphics_processing_units,2026-07-20T05:59:04Z,2026-07-20T05:59:04Z,,204,2009,2026-07-20 05:59:04
285,GeForce GTX285 X2,NVIDIA,GeForce 200 series,2xG200-350-B3,"June17, 2009",PCIe2.0 x16,2x2048,,2x512,2x147.5,648,,1152(2.3),2x240:80:32:30,,,315,TSMC55 nm,1400,470,,List_of_Nvidia_graphics_processing_units,2026-07-20T05:59:04Z,2026-07-20T05:59:04Z,,315,2009,2026-07-20 05:59:04
284,GeForce GTX285Mac Edition,NVIDIA,GeForce 200 series,GT200-350-B3,"January15, 2009",PCIe2.0 x16,1024,,512,159.0,648,,1242(2.5),240:80:32:30,,,204,TSMC55 nm,1400,470,,List_of_Nvidia_graphics_processing_units,2026-07-20T05:59:04Z,2026-07-20T05:59:04Z,,204,2009,2026-07-20 05:59:04
286,GeForce GTX295,NVIDIA,GeForce 200 series,2×G200-400-B3,"January18, 2009",PCIe2.0 x16,2×896,,2×448,111.9,576,,999(2.0),2×240:80:28:30,,,289,TSMC55 nm,2×1400,2×470,,List_of_Nvidia_graphics_processing_units,2026-07-20T05:59:04Z,2026-07-20T05:59:04Z,,289,2009,2026-07-20 05:59:04
287,GeForce GTX295 Single PCB,NVIDIA,GeForce 200 series,2×G200-401-B3,"June16, 2009",PCIe2.0 x16,2×896,,2×448,112.9,576,,1008(2.0),2×240:80:28:30,,,289,TSMC55 nm,2×1400,2×470,,List_of_Nvidia_graphics_processing_units,2026-07-20T05:59:04Z,2026-07-20T05:59:04Z,,289,2009,2026-07-20 05:59:04
322,GeForce GTX460,NVIDIA,GeForce 400 series,GF104-325-A1,"July12, 2010",PCIe2.0 x16,1024,,256,115.20,675,,900(3.6),336:56:32:7,,,160,907.200,1950,332,,List_of_Nvidia_graphics_processing_units,2026-07-20T05:59:05Z,2026-07-20T05:59:05Z,,160,2010,2026-07-20 05:59:05
325,GeForce GTX460 OEM,NVIDIA,GeForce 400 series,GF104-325-A1,"October11, 2010",PCIe2.0 x16,1024,,256,108.80,650,,850(3.4),336:56:32:7,,,150,873.600,1950,332,,List_of_Nvidia_graphics_processing_units,2026-07-20T05:59:05Z,2026-07-20T05:59:05Z,,150,2010,2026-07-20 05:59:05
320,GeForce GTX460 SE,NVIDIA,GeForce 400 series,GF104-225-A1,"November15, 2010",PCIe2.0 x16,1024,,256,108.80,650,,850(3.4),288:48:32:6,,,150,748.800,1950,332,,List_of_Nvidia_graphics_processing_units,2026-07-20T05:59:05Z,2026-07-20T05:59:05Z,,150,2010,2026-07-20 05:59:05
321,GeForce GTX460 SE V2,NVIDIA,GeForce 400 series,GF114-400-A1,"November15, 2010",PCIe2.0 x16,768,,192,81.60,650,,850(3.4),288:48:24:6,,,150,748.800,1950,332,,List_of_Nvidia_graphics_processing_units,2026-07-20T05:59:05Z,2026-07-20T05:59:05Z,,150,2010,2026-07-20 05:59:05
326,GeForce GTX460 V2,NVIDIA,GeForce 400 series,GF114-400-A1,"September24, 2011",PCIe2.0 x16,1024,,192,96.19,779,,1002(4.0),336:56:24:7,,,160,1046.300,1950,332,,List_of_Nvidia_graphics_processing_units,2026-07-20T05:59:05Z,2026-07-20T05:59:05Z,,160,2011,2026-07-20 05:59:05
327,GeForce GTX460 V2 E.S.,NVIDIA,GeForce 400 series,GF114-400-A1,"September24, 2011",PCIe2.0 x16,1280,,256,128.30,779,,1002(4.0),336:56:32:7,,,160,1046.300,1950,332,,List_of_Nvidia_graphics_processing_units,2026-07-20T05:59:05Z,2026-07-20T05:59:05Z,,160,2011,2026-07-20 05:59:05
328,GeForce GTX460 X2,NVIDIA,GeForce 400 series,2xGF104-300-KB-A1,"March11, 2011",PCIe2.0 x16,2x1024,,2x256,2x115.20,701,,900(3.6),2x336:56:32:7,,,160,2x941.500,2x1950,2x332,,List_of_Nvidia_graphics_processing_units,2026-07-20T05:59:05Z,2026-07-20T05:59:05Z,,160,2011,2026-07-20 05:59:05
329,GeForce GTX465,NVIDIA,GeForce 400 series,GF100-030-A3,"May31, 2010",PCIe2.0 x16,1024,,256,102.70,608,,802(3.2),352:44:32:11,,,200,855.4,3100,529,,List_of_Nvidia_graphics_processing_units,2026-07-20T05:59:05Z,2026-07-20T05:59:05Z,,200,2010,2026-07-20 05:59:05
330,GeForce GTX470,NVIDIA,GeForce 400 series,GF100-275-A3,"March26, 2010",PCIe2.0 x16,1280,,320,133.90,608,,837(3.3),448:56:40:14,,,215,1088.600,3100,529,,List_of_Nvidia_graphics_processing_units,2026-07-20T05:59:05Z,2026-07-20T05:59:05Z,,215,2010,2026-07-20 05:59:05
331,GeForce GTX480,NVIDIA,GeForce 400 series,GF100-375-A3,"March26, 2010",PCIe2.0 x16,1536,,384,177.40,701,,924(3.7),480:60:48:15,,,250,1345.000,3100,529,,List_of_Nvidia_graphics_processing_units,2026-07-20T05:59:05Z,2026-07-20T05:59:05Z,,250,2010,2026-07-20 05:59:05
343,GeForce GTX550 Ti,NVIDIA,GeForce 500 series,GF116-400-A1,"March15, 2011",PCIe2.0 x16,1024,,192,98.50,900,,1026(4.1),192:32:24:4,,,116,691.200,1170,238,,List_of_Nvidia_graphics_processing_units,2026-07-20T05:59:05Z,2026-07-20T05:59:05Z,,116,2011,2026-07-20 05:59:05
344,GeForce GTX555 OEM,NVIDIA,GeForce 500 series,GF114-200-KB-A1,"May14, 2011",PCIe2.0 x16,1024,,192,91.87,736,,957(3.8),288:48:24:6,,,150,847.872,1950,332,,List_of_Nvidia_graphics_processing_units,2026-07-20T05:59:05Z,2026-07-20T05:59:05Z,,150,2011,2026-07-20 05:59:05
346,GeForce GTX560,NVIDIA,GeForce 500 series,GF114-325-A1,"May17, 2011",PCIe2.0 x16,1024,,256,128.00,810,,1000(4.0),336:56:32:7,,,150,1088.640,1950,332,,List_of_Nvidia_graphics_processing_units,2026-07-20T05:59:05Z,2026-07-20T05:59:05Z,,150,2011,2026-07-20 05:59:05
347,GeForce GTX560 OEM,NVIDIA,GeForce 500 series,GF110-040-A1,"November29, 2011",PCIe2.0 x16,1280,,320,128.30,552,,802(3.2),384:48:40:12,,,150,847.872,3000,520,,List_of_Nvidia_graphics_processing_units,2026-07-20T05:59:05Z,2026-07-20T05:59:05Z,,150,2011,2026-07-20 05:59:05
345,GeForce GTX560 SE,NVIDIA,GeForce 500 series,GF114-200-KB-A1,"February20, 2012",PCIe2.0 x16,1024,,192,91.87,736,,957(3.8),288:48:24:6,,,150,847.872,1950,332,,List_of_Nvidia_graphics_processing_units,2026-07-20T05:59:05Z,2026-07-20T05:59:05Z,,150,2012,2026-07-20 05:59:05
348,GeForce GTX560 Ti,NVIDIA,GeForce 500 series,GF114-400-A1,"January25, 2011",PCIe2.0 x16,1024,,256,128.30,823,,1002(4.0),384:64:32:8,,,170,1236.360,1950,332,,List_of_Nvidia_graphics_processing_units,2026-07-20T05:59:05Z,2026-07-20T05:59:05Z,,170,2011,2026-07-20 05:59:05
351,GeForce GTX560 Ti 448,NVIDIA,GeForce 500 series,GF110-270-A1,"November29, 2011",PCIe2.0 x16,1280,,320,152.00,732,,950(3.8),448:56:40:14,,,210,1311.744,3000,520,,List_of_Nvidia_graphics_processing_units,2026-07-20T05:59:06Z,2026-07-20T05:59:06Z,,210,2011,2026-07-20 05:59:06
349,GeForce GTX560 Ti OEM,NVIDIA,GeForce 500 series,GF110,"March30, 2011",PCIe2.0 x16,1280,,256,128.80,732,,950(3.8),352:44:40:11,,,210,1030.656,3000,520,,List_of_Nvidia_graphics_processing_units,2026-07-20T05:59:05Z,2026-07-20T05:59:05Z,,210,2011,2026-07-20 05:59:05
352,GeForce GTX560 Ti X2,NVIDIA,GeForce 500 series,2xGF114-400-A1,"January25, 2011",PCIe2.0 x16,2x1024,,2x256,2x128.30,850,,1002(4.0),2x384:64:32:8,,,170,2x1305.600,2x1950,2x332,,List_of_Nvidia_graphics_processing_units,2026-07-20T05:59:06Z,2026-07-20T05:59:06Z,,170,2011,2026-07-20 05:59:06
353,GeForce GTX570,NVIDIA,GeForce 500 series,GF110-275-A1,"December7, 2010",PCIe2.0 x16,1280,,320,152.00,732,,950(3.8),480:60:40:15,,,219,1405.440,3000,520,,List_of_Nvidia_graphics_processing_units,2026-07-20T05:59:06Z,2026-07-20T05:59:06Z,,219,2010,2026-07-20 05:59:06
354,GeForce GTX570 Rev. 2,NVIDIA,GeForce 500 series,GF110-275-A1,"December7, 2010",PCIe2.0 x16,1280,,320,152.00,732,,950(3.8),480:60:40:15,,,219,1405.440,3000,520,,List_of_Nvidia_graphics_processing_units,2026-07-20T05:59:06Z,2026-07-20T05:59:06Z,,219,2010,2026-07-20 05:59:06
355,GeForce GTX580,NVIDIA,GeForce 500 series,GF110-375-A1,"November9, 2010",PCIe2.0 x16,1536,,384,192.40,772,,1002(4.0),512:64:48:16,,,244,1581.056,3000,520,,List_of_Nvidia_graphics_processing_units,2026-07-20T05:59:06Z,2026-07-20T05:59:06Z,,244,2010,2026-07-20 05:59:06
356,GeForce GTX580 Rev. 2,NVIDIA,GeForce 500 series,GF110-380-A1,"June6, 2011",PCIe2.0 x16,1536,,384,192.40,772,,1002(4.0),512:64:48:16,,,244,1581.056,3000,520,,List_of_Nvidia_graphics_processing_units,2026-07-20T05:59:06Z,2026-07-20T05:59:06Z,,244,2011,2026-07-20 05:59:06
357,GeForce GTX590,NVIDIA,GeForce 500 series,2xGF110-351-A1,"March24, 2011",PCIe2.0 x16,2x1536,,2x384,2x164.00,608,,854(3.4),2x512:64:48:16,,,365,2x1244.160,2x3000,2x520,,List_of_Nvidia_graphics_processing_units,2026-07-20T05:59:06Z,2026-07-20T05:59:06Z,,365,2011,2026-07-20 05:59:06
378,GeForce GTX645 OEM,NVIDIA,GeForce 600 series,GK106-200-A1,"April22, 2013",PCIe3.0 x16,1024,,128,64.00,,824,1000(4.0),576:48:16:3,,,65,TSMC28 nm,2540,221,,List_of_Nvidia_graphics_processing_units,2026-07-20T05:59:06Z,2026-07-20T05:59:06Z,,65,2013,2026-07-20 05:59:06
379,GeForce GTX650,NVIDIA,GeForce 600 series,GK106,"November27, 2013",PCIe3.0 x16,1024,,128,80.00,,1058,1250(5.0),384:32:16:2,,,65,TSMC28 nm,2540,221,,List_of_Nvidia_graphics_processing_units,2026-07-20T05:59:06Z,2026-07-20T05:59:06Z,,65,2013,2026-07-20 05:59:06
381,GeForce GTX650 Ti,NVIDIA,GeForce 600 series,GK106-220-A1,"October9, 2012",PCIe3.0 x16,1024,,128,86.40,,928,1350(5.4),768:64:16:4,,,110,TSMC28 nm,2540,221,,List_of_Nvidia_graphics_processing_units,2026-07-20T05:59:06Z,2026-07-20T05:59:06Z,,110,2012,2026-07-20 05:59:06
383,GeForce GTX650 Ti Boost,NVIDIA,GeForce 600 series,GK106-240-A1,"March26, 2013",PCIe3.0 x16,2048,,192,144.20,,980(1032),1502(6.0),768:64:24:4,,,134,TSMC28 nm,2540,221,,List_of_Nvidia_graphics_processing_units,2026-07-20T05:59:06Z,2026-07-20T05:59:06Z,,134,2013,2026-07-20 05:59:06
382,GeForce GTX650 Ti OEM,NVIDIA,GeForce 600 series,GK106,"March31, 2013",PCIe3.0 x16,2048,,128,86.40,,928,1350(5.4),768:64:16:4,,,110,TSMC28 nm,2540,221,,List_of_Nvidia_graphics_processing_units,2026-07-20T05:59:06Z,2026-07-20T05:59:06Z,,110,2013,2026-07-20 05:59:06
384,GeForce GTX660,NVIDIA,GeForce 600 series,GK106-400-A1,"September6, 2012",PCIe3.0 x16,2048,,192,144.20,,980(1032),1502(6.0),960:80:24:5,,,140,TSMC28 nm,2540,221,,List_of_Nvidia_graphics_processing_units,2026-07-20T05:59:06Z,2026-07-20T05:59:06Z,,140,2012,2026-07-20 05:59:06
386,GeForce GTX660 OEM,NVIDIA,GeForce 600 series,GK104-200-KD-A2,"August22, 2012",PCIe3.0 x16,2048,,256,179.20,,823(888),1400(5.6),1152:96:24:6,,,130,TSMC28 nm,3540,294,,List_of_Nvidia_graphics_processing_units,2026-07-20T05:59:07Z,2026-07-20T05:59:07Z,,130,2012,2026-07-20 05:59:07
385,GeForce GTX660 Rev. 2,NVIDIA,GeForce 600 series,GK104,"September13, 2014",PCIe3.0 x16,2048,,192,144.20,,980(1032),1502(6.0),960:80:24:5,,,140,TSMC28 nm,3540,294,,List_of_Nvidia_graphics_processing_units,2026-07-20T05:59:07Z,2026-07-20T05:59:07Z,,140,2014,2026-07-20 05:59:07
388,GeForce GTX660 Ti,NVIDIA,GeForce 600 series,GK104-300-KD-A2,"August16, 2012",PCIe3.0 x16,2048,,192,144.20,,915(980),1502(6.0),1344:112:24:7,,,150,TSMC28 nm,3540,294,,List_of_Nvidia_graphics_processing_units,2026-07-20T05:59:07Z,2026-07-20T05:59:07Z,,150,2012,2026-07-20 05:59:07
389,GeForce GTX670,NVIDIA,GeForce 600 series,GK104-325-A2,"May10, 2012",PCIe3.0 x16,2048,,256,192.30,,915(980),1502(6.0),1344:112:32:7,,,170,TSMC28 nm,3540,294,,List_of_Nvidia_graphics_processing_units,2026-07-20T05:59:07Z,2026-07-20T05:59:07Z,,170,2012,2026-07-20 05:59:07
390,GeForce GTX680,NVIDIA,GeForce 600 series,GK104-400-A2,"March22, 2012",PCIe3.0 x16,2048,,256,192.30,,1006(1058),1502(6.0),1536:128:32:8,,,195,TSMC28 nm,3540,294,,List_of_Nvidia_graphics_processing_units,2026-07-20T05:59:07Z,2026-07-20T05:59:07Z,,195,2012,2026-07-20 05:59:07
391,GeForce GTX680 Mac Edition,NVIDIA,GeForce 600 series,GK104-400-A2,"April3, 2013",PCIe2.0 x16,2048,,256,192.30,,1006(1058),1502(6.0),1536:128:32:8,,,195,TSMC28 nm,3540,294,,List_of_Nvidia_graphics_processing_units,2026-07-20T05:59:07Z,2026-07-20T05:59:07Z,,195,2013,2026-07-20 05:59:07
392,GeForce GTX690,NVIDIA,GeForce 600 series,2xGK104-355-A2,"May3, 2012",PCIe3.0 x16,2x2048,,2x256,2x192.30,,915(1019),1502(6.0),2x1536:128:32:8,,,300,TSMC28 nm,2x2540,2x294,,List_of_Nvidia_graphics_processing_units,2026-07-20T05:59:07Z,2026-07-20T05:59:07Z,,300,2012,2026-07-20 05:59:07
407,GeForce GTX745 OEM,NVIDIA,GeForce 700 series,GM107-220-A2,"February18, 2014",PCIe 3x16,4,,128,28.8,,1033,900(1800),384:24:16:3,,,55,TSMC28HP,1870,148,,List_of_Nvidia_graphics_processing_units,2026-07-20T05:59:07Z,2026-07-20T05:59:07Z,,55,2014,2026-07-20 05:59:07
408,GeForce GTX750,NVIDIA,GeForce 700 series,GM206,"November17, 2015",PCIe 3x16,2,,128,80.19,,1087(1239),1253(5012),512:32:32:4,,,60,TSMC28HP,2940,228,,List_of_Nvidia_graphics_processing_units,2026-07-20T05:59:07Z,2026-07-20T05:59:07Z,,60,2015,2026-07-20 05:59:07
411,GeForce GTX750 Ti,NVIDIA,GeForce 700 series,GM107-400-A2,"February18, 2014",PCIe 3x16,2,,128,86.4,,1020(1085),1350(5400),640:40:16:5,,,60,TSMC28HP,1870,148,,List_of_Nvidia_graphics_processing_units,2026-07-20T05:59:07Z,2026-07-20T05:59:07Z,,60,2014,2026-07-20 05:59:07
410,GeForce GTX750 Ti OEM,NVIDIA,GeForce 700 series,GK106,"February18, 2014",PCIe 3x16,2,,256,192.3,,1033(1098),1502(6008),960:80:24:5,,,60,TSMC28HP,2540,221,,List_of_Nvidia_graphics_processing_units,2026-07-20T05:59:07Z,2026-07-20T05:59:07Z,,60,2014,2026-07-20 05:59:07
415,GeForce GTX760,NVIDIA,GeForce 700 series,GK104-225-A2,"June25, 2013",PCIe 3x16,2,,256,192.3,,980(1032),1502(6008),1152:96:32:6,,,170,TSMC28HP,3540,294,,List_of_Nvidia_graphics_processing_units,2026-07-20T05:59:07Z,2026-07-20T05:59:07Z,,170,2013,2026-07-20 05:59:07
412,GeForce GTX760 OEM,NVIDIA,GeForce 700 series,GK104-200-KD-A2,"June27, 2013",PCIe 3x16,1.5,,192,134.4,,823(888),1400(5600),1152:96:24:6,,,130,TSMC28HP,3540,294,,List_of_Nvidia_graphics_processing_units,2026-07-20T05:59:07Z,2026-07-20T05:59:07Z,,130,2013,2026-07-20 05:59:07
414,GeForce GTX760 OEM(Core 1344),NVIDIA,GeForce 700 series,GK104-200-KD-A2,"November6, 2016",PCIe 3x16,2,,256,211.2,,993(1046),1650(6600),1344:112:32:7,,,170,TSMC28HP,3540,294,,List_of_Nvidia_graphics_processing_units,2026-07-20T05:59:07Z,2026-07-20T05:59:07Z,,170,2016,2026-07-20 05:59:07
413,GeForce GTX760 OEM(Rebrand),NVIDIA,GeForce 700 series,GK104-200-KD-A2,"August25, 2013",PCIe 3x16,1.5,,256,179.2,,823(888),1400(5600),1152:96:32:6,,,130,TSMC28HP,3540,294,,List_of_Nvidia_graphics_processing_units,2026-07-20T05:59:07Z,2026-07-20T05:59:07Z,,130,2013,2026-07-20 05:59:07
417,GeForce GTX760 Ti OEM,NVIDIA,GeForce 700 series,GK104-325-A2,"September27, 2013",PCIe 3x16,2,,256,192.3,,915(980),1502(6008),1344:112:32:7,,,170,TSMC28HP,3540,294,,List_of_Nvidia_graphics_processing_units,2026-07-20T05:59:07Z,2026-07-20T05:59:07Z,,170,2013,2026-07-20 05:59:07
418,GeForce GTX760 Ti OEM(Rebrand),NVIDIA,GeForce 700 series,GK104-325-A2,"September27, 2013",PCIe 3x16,2,,256,192.3,,915(980),1502(6008),1344:112:32:7,,,170,TSMC28HP,3540,294,,List_of_Nvidia_graphics_processing_units,2026-07-20T05:59:07Z,2026-07-20T05:59:07Z,,170,2013,2026-07-20 05:59:07
416,GeForce GTX760 X2,NVIDIA,GeForce 700 series,2xGK104-225-A2,November19 2013,PCIe 3x16,2x2,,2x256,2x192.3,,1006(1072),1502(6008),2x1152:96:32:6,,,250,TSMC28HP,2x3540,2x294,,List_of_Nvidia_graphics_processing_units,2026-07-20T05:59:07Z,2026-07-20T05:59:07Z,,250,2013,2026-07-20 05:59:07
419,GeForce GTX770,NVIDIA,GeForce 700 series,GK104-425-A2,"May30, 2013",PCIe 3x16,2,,256,224.4,,1046(1085),1753(7012),1536:128:32:8,,,230,TSMC28HP,3540,294,,List_of_Nvidia_graphics_processing_units,2026-07-20T05:59:07Z,2026-07-20T05:59:07Z,,230,2013,2026-07-20 05:59:07
420,GeForce GTX780,NVIDIA,GeForce 700 series,GK110-300-A1,"May23, 2013",PCIe 3x16,3,,384,288.4,,863(902),1502(6008),2304:192:48:12,,,250,TSMC28HP,7080,561,,List_of_Nvidia_graphics_processing_units,2026-07-20T05:59:07Z,2026-07-20T05:59:07Z,,250,2013,2026-07-20 05:59:07
421,GeForce GTX780 Rev. 2,NVIDIA,GeForce 700 series,GK110-301-B1,"September10, 2013",PCIe 3x16,6,,384,288.4,,863(902),1502(6008),2304:192:48:12,,,250,TSMC28HP,7080,561,,List_of_Nvidia_graphics_processing_units,2026-07-20T05:59:07Z,2026-07-20T05:59:07Z,,250,2013,2026-07-20 05:59:07
423,GeForce GTX780 Ti,NVIDIA,GeForce 700 series,GK110-425-B1,"November7, 2013",PCIe 3x16,3,,384,336.6,,875(928),1753(7012),2880:240:48:15,,,250,TSMC28HP,7080,561,,List_of_Nvidia_graphics_processing_units,2026-07-20T05:59:07Z,2026-07-20T05:59:07Z,,250,2013,2026-07-20 05:59:07
428,GeForce GTX950,NVIDIA,GeForce 900 series,GM206-250-A1,"August20, 2015",,2,,128,105.8,,1024(1188),1653(6.6),768:48:32:6,,,90,"1,572.86(1,824.77)",2.94,228,,List_of_Nvidia_graphics_processing_units,2026-07-20T05:59:07Z,2026-07-20T05:59:07Z,,90,2015,2026-07-20 05:59:07
427,GeForce GTX950 Low Power,NVIDIA,GeForce 900 series,GM206-251-A1,"March1, 2016",,2,,128,105.8,,1026(1190),1653(6.6),768:48:32:6,,,75,"1,575.94(1,827.84)",2.94,228,,List_of_Nvidia_graphics_processing_units,2026-07-20T05:59:07Z,2026-07-20T05:59:07Z,,75,2016,2026-07-20 05:59:07
429,GeForce GTX950 OEM,NVIDIA,GeForce 900 series,GM206S,2016,,2,,128,80.19,,937(1203),1253(5.0),1024:64:32:8,,,,"1,918.98(2,463.74)",2.94,228,,List_of_Nvidia_graphics_processing_units,2026-07-20T05:59:07Z,2026-07-20T05:59:07Z,,,2016,2026-07-20 05:59:07
430,GeForce GTX960,NVIDIA,GeForce 900 series,GM206-300-A1,"January22, 2015",,2,,128,112.2,,1127(1178),1753(7.0),1024:64:32:8,,,120,"2,308.10(2,412.54)",2.94,228,,List_of_Nvidia_graphics_processing_units,2026-07-20T05:59:07Z,2026-07-20T05:59:07Z,,120,2015,2026-07-20 05:59:07
431,GeForce GTX960 OEM,NVIDIA,GeForce 900 series,GM204,"November26, 2015",,3,,192,120.3,,924(1038),1253(5.0),1280:80:48:10,,,,"2,365.44(2,657.28)",5.2,398,,List_of_Nvidia_graphics_processing_units,2026-07-20T05:59:07Z,2026-07-20T05:59:07Z,,,2015,2026-07-20 05:59:07
433,GeForce GTX970,NVIDIA,GeForce 900 series,GM204-200-A1,"September19, 2014",,4,,256,224.4,,1050(1178),1753(7.0),1664:104:56:13,,,148,"3,494.40(3,920.38)",5.2,398,,List_of_Nvidia_graphics_processing_units,2026-07-20T05:59:07Z,2026-07-20T05:59:07Z,,148,2014,2026-07-20 05:59:07
434,GeForce GTX980,NVIDIA,GeForce 900 series,GM204-400-A1,"September18, 2014",,4,,256,224.4,,1127(1216),1753(7.0),2048:128:64:16,,,165,"4,616.19(4,980.74)",5.2,398,,List_of_Nvidia_graphics_processing_units,2026-07-20T05:59:07Z,2026-07-20T05:59:07Z,,165,2014,2026-07-20 05:59:07
435,GeForce GTX980 Ti,NVIDIA,GeForce 900 series,GM200-310-A1,"June2, 2015",,6,,384,336.6,,1000(1076),1753(7.0),2816:176:96:22,,,250,"5,632.00(6,060.03)",8,601,,List_of_Nvidia_graphics_processing_units,2026-07-20T05:59:07Z,2026-07-20T05:59:07Z,,250,2015,2026-07-20 05:59:07
424,GeForce GTXTITAN,NVIDIA,GeForce 700 series,GK110-400-A1,"February21, 2013",PCIe 3x16,6,,384,288.4,,836(876),1502(6008),2688:224:48:14,,,250,TSMC28HP,7080,561,,List_of_Nvidia_graphics_processing_units,2026-07-20T05:59:07Z,2026-07-20T05:59:07Z,,250,2013,2026-07-20 05:59:07
425,GeForce GTXTITAN Black,NVIDIA,GeForce 700 series,GK110-430-B1,"February18, 2014",PCIe 3x16,6,,384,336,,889(980),1750(7000),2880:240:48:15,,,250,TSMC28HP,7080,561,,List_of_Nvidia_graphics_processing_units,2026-07-20T05:59:07Z,2026-07-20T05:59:07Z,,250,2014,2026-07-20 05:59:07
436,GeForce GTXTITAN X,NVIDIA,GeForce 900 series,GM200-400-A1,"March17, 2015",,12,,384,336.6,,1000(1089),1753(7.0),3072:192:96:24,,,250,"6,144.00(6,690.82)",8,601,,List_of_Nvidia_graphics_processing_units,2026-07-20T05:59:08Z,2026-07-20T05:59:08Z,,250,2015,2026-07-20 05:59:08
426,GeForce GTXTITAN Z,NVIDIA,GeForce 700 series,2×GK110-350-B1,"May28, 2014",PCIe 3x16,2×6,,2×384,2×336,,705(876),1750(7000),2x2880:240:48:15,,,375,TSMC28HP,2x7080,2x561,,List_of_Nvidia_graphics_processing_units,2026-07-20T05:59:07Z,2026-07-20T05:59:07Z,,375,2014,2026-07-20 05:59:07
542,GeForce Go 6100 + nForce Go 430,NVIDIA,GeForce Go 6 (Go 6xxx) series,C51M,Unknown,HyperTransport,,DDR2,64/128,System memory,425,,System memory,2:1:2:1,,,,110,,,,List_of_Nvidia_graphics_processing_units,2026-07-20T05:59:09Z,2026-07-20T05:59:09Z,,,,2026-07-20 05:59:10
543,GeForce Go 6150 + nForce Go 430,NVIDIA,GeForce Go 6 (Go 6xxx) series,C51M,"February 1, 2006",HyperTransport,,DDR2,64/128,System memory,425,,System memory,2:1:2:1,,,,110,,,,List_of_Nvidia_graphics_processing_units,2026-07-20T05:59:10Z,2026-07-20T05:59:10Z,,,2006,2026-07-20 05:59:10
544,GeForce Go 6200,NVIDIA,GeForce Go 6 (Go 6xxx) series,NV44M,"February 1, 2006",PCIe x16,,DDR,32,2.4,300,,600,4:3:4:2,,,,110,,,,List_of_Nvidia_graphics_processing_units,2026-07-20T05:59:10Z,2026-07-20T05:59:10Z,,,2006,2026-07-20 05:59:10
545,GeForce Go 6400,NVIDIA,GeForce Go 6 (Go 6xxx) series,NV44M,"February 1, 2006",PCIe x16,,DDR,64,5.6,400,,700,4:3:4:2,,,,110,,,,List_of_Nvidia_graphics_processing_units,2026-07-20T05:59:10Z,2026-07-20T05:59:10Z,,,2006,2026-07-20 05:59:10
546,GeForce Go 6600,NVIDIA,GeForce Go 6 (Go 6xxx) series,NV43M,"September 29, 2005",PCIe x16,,DDR,128,11.2,300,,700,8:3:8:4,,,,110,,,,List_of_Nvidia_graphics_processing_units,2026-07-20T05:59:10Z,2026-07-20T05:59:10Z,,,2005,2026-07-20 05:59:10
547,GeForce Go 6800,NVIDIA,GeForce Go 6 (Go 6xxx) series,NV41M,"November 8, 2004",PCIe x16,,"DDR, DDR2DDR3",256,22.435.2,300,,7001100,12:5:12:12,,,,130,,,,List_of_Nvidia_graphics_processing_units,2026-07-20T05:59:10Z,2026-07-20T05:59:10Z,,,2004,2026-07-20 05:59:10
548,GeForce Go 6800 Ultra,NVIDIA,GeForce Go 6 (Go 6xxx) series,NV41M,"February 24, 2005",PCIe x16,,"DDR, DDR2DDR3",256,22.435.2,450,,7001100,12:5:12:12,,,,130,,,,List_of_Nvidia_graphics_processing_units,2026-07-20T05:59:10Z,2026-07-20T05:59:10Z,,,2005,2026-07-20 05:59:10
551,GeForce Go 72002,NVIDIA,GeForce Go 7 (Go 7xxx) series,G72M,January 2006,PCIe x16,,GDDR3,32,2.8,450,,700,3:4:4:1,,,Unknown,90,,,,List_of_Nvidia_graphics_processing_units,2026-07-20T05:59:10Z,2026-07-20T05:59:10Z,,,2006,2026-07-20 05:59:10
552,GeForce Go 73002,NVIDIA,GeForce Go 7 (Go 7xxx) series,G72M,January 2006,PCIe x16,,GDDR3,64,5.60,350,,700,3:4:4:2,,,Unknown,90,,,,List_of_Nvidia_graphics_processing_units,2026-07-20T05:59:10Z,2026-07-20T05:59:10Z,,,2006,2026-07-20 05:59:10
553,GeForce Go 74002,NVIDIA,GeForce Go 7 (Go 7xxx) series,G72M,January 2006,PCIe x16,,GDDR3,64,7.20,450,,900,3:4:4:2,,,Unknown,90,,,,List_of_Nvidia_graphics_processing_units,2026-07-20T05:59:10Z,2026-07-20T05:59:10Z,,,2006,2026-07-20 05:59:10
554,GeForce Go 7600,NVIDIA,GeForce Go 7 (Go 7xxx) series,G73M,March 2006,PCIe x16,,GDDR3,128,16,450,,1000,5:8:8:8,,,Unknown,90,,,,List_of_Nvidia_graphics_processing_units,2026-07-20T05:59:10Z,2026-07-20T05:59:10Z,,,2006,2026-07-20 05:59:10
555,GeForce Go 7600 GT,NVIDIA,GeForce Go 7 (Go 7xxx) series,G73M,2006,PCIe x16,,GDDR3,128,19.2,500,,1200,5:12:12:8,,,Unknown,90,,,,List_of_Nvidia_graphics_processing_units,2026-07-20T05:59:10Z,2026-07-20T05:59:10Z,,,2006,2026-07-20 05:59:10
556,GeForce Go 7700,NVIDIA,GeForce Go 7 (Go 7xxx) series,G73-N-B1,2006,PCIe x16,,GDDR3,128,16,450,,1000,5:12:12:8,,,Unknown,80,,,,List_of_Nvidia_graphics_processing_units,2026-07-20T05:59:10Z,2026-07-20T05:59:10Z,,,2006,2026-07-20 05:59:10
557,GeForce Go 7800,NVIDIA,GeForce Go 7 (Go 7xxx) series,G70M,"March 3, 2006",PCIe x16,,GDDR3,256,35.2,400,,1100,6:16:16:8,,,35,110,,,,List_of_Nvidia_graphics_processing_units,2026-07-20T05:59:10Z,2026-07-20T05:59:10Z,,35,2006,2026-07-20 05:59:10
558,GeForce Go 7800 GTX,NVIDIA,GeForce Go 7 (Go 7xxx) series,G70M,October 2005,PCIe x16,,GDDR3,256,35.2,400,,1100,8:24:24:16,,,65,110,,,,List_of_Nvidia_graphics_processing_units,2026-07-20T05:59:10Z,2026-07-20T05:59:10Z,,65,2005,2026-07-20 05:59:10
559,GeForce Go 7900 GS,NVIDIA,GeForce Go 7 (Go 7xxx) series,G71M,April 2006,PCIe x16,,GDDR3,256,32.0,375,,1000,7:20:20:16,,,20,90,,,,List_of_Nvidia_graphics_processing_units,2026-07-20T05:59:10Z,2026-07-20T05:59:10Z,,20,2006,2026-07-20 05:59:10
560,GeForce Go 7900 GTX,NVIDIA,GeForce Go 7 (Go 7xxx) series,G71M,April 2006,PCIe x16,,GDDR3,256,38.4,500,,1200,8:24:24:16,,,45,90,,,,List_of_Nvidia_graphics_processing_units,2026-07-20T05:59:10Z,2026-07-20T05:59:10Z,,45,2006,2026-07-20 05:59:10
561,GeForce Go 7950 GTX,NVIDIA,GeForce Go 7 (Go 7xxx) series,G71M,October 2006,PCIe x16,,GDDR3,256,44.8,575,,1400,8:24:24:16,,,45,90,,,,List_of_Nvidia_graphics_processing_units,2026-07-20T05:59:10Z,2026-07-20T05:59:10Z,,45,2006,2026-07-20 05:59:10
732,GeForce MX110(Maxwell),NVIDIA,GeForce MX series,GM108(N16V-GMR1-A1),"Nov 17, 2017",PCIe 3.0×4,,,64,14.4(DDR3)40.1(GDDR5),965,993,,256:16 :8:3,,,30,TSMC28 nm,,,,List_of_Nvidia_graphics_processing_units,2026-07-20T05:59:13Z,2026-07-20T05:59:13Z,,30,2017,2026-07-20 05:59:13
733,GeForce MX130(Maxwell),NVIDIA,GeForce MX series,GM108(N16S-GTR-A1),"Nov 17, 2017",PCIe 3.0×4,,,64,14.4(DDR3)40.1(GDDR5),1122,1242,,384:24 :8:3,,,30,TSMC28 nm,,,,List_of_Nvidia_graphics_processing_units,2026-07-20T05:59:14Z,2026-07-20T05:59:14Z,,30,2017,2026-07-20 05:59:14
734,GeForce MX150(Pascal),NVIDIA,GeForce MX series,GP108-650-A1(N17S-G1-A1),"May 17, 2017",PCIe 3.0×4,,,64,48,1468,1532,,384:24 :16:3,,,25,Samsung14 nm,1.8,74,,List_of_Nvidia_graphics_processing_units,2026-07-20T05:59:14Z,2026-07-20T05:59:14Z,,25,2017,2026-07-20 05:59:14
736,GeForce MX230(Pascal),NVIDIA,GeForce MX series,GP108(N17S-G0-A1),"Feb 20, 2019",PCIe 3.0×4,,,64,56,1519,1531,,256:16 :16:2,,,10,Samsung14 nm,1.8,74,,List_of_Nvidia_graphics_processing_units,2026-07-20T05:59:14Z,2026-07-20T05:59:14Z,,10,2019,2026-07-20 05:59:14
737,GeForce MX250(Pascal),NVIDIA,GeForce MX series,GP108(N17S-G2-A1),"Feb 20, 2019",PCIe 3.0×4,,,64,56,1518,1582,,384:24 :16:3,,,25,Samsung14 nm,1.8,74,,List_of_Nvidia_graphics_processing_units,2026-07-20T05:59:14Z,2026-07-20T05:59:14Z,,25,2019,2026-07-20 05:59:14
739,GeForce MX330(Pascal),NVIDIA,GeForce MX series,GP108-655-A1(N17S-LP-A1)(N17S-G3-A1),"Feb 12, 2020",PCIe 3.0×4,,,64,56,746 (LP)1531,936 (LP)1594,,384:24 :16:3,,,10–30,Samsung14 nm,1.8,74,,List_of_Nvidia_graphics_processing_units,2026-07-20T05:59:14Z,2026-07-20T05:59:14Z,,10,2020,2026-07-20 05:59:14
740,GeForce MX350(Pascal),NVIDIA,GeForce MX series,GP107-670-A1(N17S-LP-A1)(N17S-G5-A1),"Feb 12, 2020",PCIe 3.0×4,,,64,56,747 (LP)1354,937 (LP)1468,,640:32 :16:5,,,15–25,Samsung14 nm,3.3,132,,List_of_Nvidia_graphics_processing_units,2026-07-20T05:59:14Z,2026-07-20T05:59:14Z,,15,2020,2026-07-20 05:59:14
741,GeForce MX450(Turing),NVIDIA,GeForce MX series,TU117(N18S-LP-A1)(N18S-G5-A1),"Aug 1, 2020",PCIe 4.0×4,,,64,80,720 (LP)1395,930 (LP)1575,,896:56 :32:14,,,10-30,TSMC12FFN,4.7,200,,List_of_Nvidia_graphics_processing_units,2026-07-20T05:59:14Z,2026-07-20T05:59:14Z,,10,2020,2026-07-20 05:59:14
743,GeForce MX550(Turing),NVIDIA,GeForce MX series,TU117-670-A1(GN18-S5-A1),Mar 2022,PCIe 4.0×4,,,64,96,1065,1320,,1024:32 :16:8,,,15–30,TSMC12FFN,4.7,200,,List_of_Nvidia_graphics_processing_units,2026-07-20T05:59:14Z,2026-07-20T05:59:14Z,,15,2022,2026-07-20 05:59:14
744,GeForce MX570(Ampere),NVIDIA,GeForce MX series,GA107(GN20-S5-A1),Mar 2022,PCIe 4.0×4,,,64,96,1087,1155,,2048:64 :40:16 :16:64,,,15–45,Samsung8N,8.7,200,,List_of_Nvidia_graphics_processing_units,2026-07-20T05:59:14Z,2026-07-20T05:59:14Z,,15,2022,2026-07-20 05:59:14
48,GeForce PCX4300,NVIDIA,GeForce4 series,NV18C,"February19, 2004",PCIe1.0 x16,64,DDR,64,2.66,250,,166(332),2:0:2:2,,,18,,29,65,,List_of_Nvidia_graphics_processing_units,2026-07-20T05:58:59Z,2026-07-20T05:58:59Z,,18,2004,2026-07-20 05:58:59
61,GeForce PCX5300,NVIDIA,GeForce FX (5xxx) series,NV37,"February17, 2004",PCIe1.0 x16,128,DDR,128,6.40,250,,200(400),4:2:4:4,,,21,TSMC150 nm,45,91,,List_of_Nvidia_graphics_processing_units,2026-07-20T05:59:00Z,2026-07-20T05:59:00Z,,21,2004,2026-07-20 05:59:00
75,GeForce PCX5750,NVIDIA,GeForce FX (5xxx) series,NV39,"February17, 2004",PCIe1.0 x16,128,DDR,128,8.80,425,,275(550),4:3:4:4,,,50,TSMC130 nm,82,125,,List_of_Nvidia_graphics_processing_units,2026-07-20T05:59:00Z,2026-07-20T05:59:00Z,,50,2004,2026-07-20 05:59:00
81,GeForce PCX5900,NVIDIA,GeForce FX (5xxx) series,NV35,"March17, 2003",PCIe1.0 x16,128256,DDR,256,17.60,350,,275(550),4:3:8:4,,,49,TSMC130 nm,135,207,,List_of_Nvidia_graphics_processing_units,2026-07-20T05:59:00Z,2026-07-20T05:59:00Z,,49,2003,2026-07-20 05:59:00
709,GeForce RTX 2050,NVIDIA,GeForce RTX 20 series,GA107(Ampere),"January 3, 2022",PCIe 3.0 x8,,GDDR6,64,112.0,1155,1477,,2048:64: 32:64:32(16) (3),,,30-45,Samsung 8N,8.7,200,,List_of_Nvidia_graphics_processing_units,2026-07-20T05:59:13Z,2026-07-20T05:59:13Z,,30,2022,2026-07-20 05:59:13
710,GeForce RTX 2060,NVIDIA,GeForce RTX 20 series,TU106,"January 29, 2019",PCIe 3.0 x16,,GDDR6,192,336.0,960,1200,,1920:120: 48:240:30(30) (3),,,80,TSMC12FFN,10.8,445,,List_of_Nvidia_graphics_processing_units,2026-07-20T05:59:13Z,2026-07-20T05:59:13Z,,80,2019,2026-07-20 05:59:13
711,GeForce RTX 2060 Max-Q,NVIDIA,GeForce RTX 20 series,TU106,"January 29, 2019",PCIe 3.0 x16,,GDDR6,192,264.0,975,1175,,1920:120: 48:240:30(30) (3),,,65,TSMC12FFN,10.8,445,,List_of_Nvidia_graphics_processing_units,2026-07-20T05:59:13Z,2026-07-20T05:59:13Z,,65,2019,2026-07-20 05:59:13
712,GeForce RTX 2070,NVIDIA,GeForce RTX 20 series,TU106,"January 29, 2019",PCIe 3.0 x16,,GDDR6,256,448.0,1215,1440,,2304:144: 64:288:36(36) (3),,,115,TSMC12FFN,10.8,445,,List_of_Nvidia_graphics_processing_units,2026-07-20T05:59:13Z,2026-07-20T05:59:13Z,,115,2019,2026-07-20 05:59:13
713,GeForce RTX 2070 Max-Q,NVIDIA,GeForce RTX 20 series,TU106,"January 29, 2019",PCIe 3.0 x16,,GDDR6,256,448.0,885,1185,,2304:144: 64:288:36(36) (3),,,80,TSMC12FFN,10.8,445,,List_of_Nvidia_graphics_processing_units,2026-07-20T05:59:13Z,2026-07-20T05:59:13Z,,80,2019,2026-07-20 05:59:13
714,GeForce RTX 2070 Super,NVIDIA,GeForce RTX 20 series,TU104,"April 2, 2020",PCIe 3.0 x16,,GDDR6,256,448.0,1140,1380,,2560:160: 64:320:40(40) (5),,,115,TSMC12FFN,13.6,545,,List_of_Nvidia_graphics_processing_units,2026-07-20T05:59:13Z,2026-07-20T05:59:13Z,,115,2020,2026-07-20 05:59:13
715,GeForce RTX 2070 Super Max-Q,NVIDIA,GeForce RTX 20 series,TU104,"April 2, 2020",PCIe 3.0 x16,,GDDR6,256,448.0,930,1155,,2560:160: 64:320:40(40) (5),,,80,TSMC12FFN,13.6,545,,List_of_Nvidia_graphics_processing_units,2026-07-20T05:59:13Z,2026-07-20T05:59:13Z,,80,2020,2026-07-20 05:59:13
716,GeForce RTX 2080,NVIDIA,GeForce RTX 20 series,TU104,"January 29, 2019",PCIe 3.0 x16,,GDDR6,256,384.0,1380,1590,,2944:184: 64:368:46(46) (6),,,150,TSMC12FFN,13.6,545,,List_of_Nvidia_graphics_processing_units,2026-07-20T05:59:13Z,2026-07-20T05:59:13Z,,150,2019,2026-07-20 05:59:13
717,GeForce RTX 2080 Max-Q,NVIDIA,GeForce RTX 20 series,TU104,"January 29, 2019",PCIe 3.0 x16,,GDDR6,256,384.0,735,1095,,2944:184: 64:368:46(46) (6),,,80,TSMC12FFN,13.6,545,,List_of_Nvidia_graphics_processing_units,2026-07-20T05:59:13Z,2026-07-20T05:59:13Z,,80,2019,2026-07-20 05:59:13
718,GeForce RTX 2080 Super,NVIDIA,GeForce RTX 20 series,TU104,"April 2, 2020",PCIe 3.0 x16,,GDDR6,256,448.0,1365,1560,,3072:192: 64:384:48(48) (6),,,150,TSMC12FFN,13.6,545,,List_of_Nvidia_graphics_processing_units,2026-07-20T05:59:13Z,2026-07-20T05:59:13Z,,150,2020,2026-07-20 05:59:13
719,GeForce RTX 2080 Super Max-Q,NVIDIA,GeForce RTX 20 series,TU104,"April 2, 2020",PCIe 3.0 x16,,GDDR6,256,352.0,735,1080,,3072:192: 64:384:48(48) (6),,,80,TSMC12FFN,13.6,545,,List_of_Nvidia_graphics_processing_units,2026-07-20T05:59:13Z,2026-07-20T05:59:13Z,,80,2020,2026-07-20 05:59:13
720,GeForce RTX 3050Mobile/Laptop,NVIDIA,GeForce RTX 30 series,GA107,"May 11, 2021",PCIe 4.0 x8,,GDDR6,12896,176.0-192.0132.0-224.0,712–1530622-1237,1057–1740990-1492,1375–150011–1211–121375–175011–1411–14,2048:64: 32:64:16(16) (3)2560:80: 32:80:20(20) (?),,,35–80,Samsung 8N,8.7,200,,List_of_Nvidia_graphics_processing_units,2026-07-20T05:59:13Z,2026-07-20T05:59:13Z,,35,2021,2026-07-20 05:59:13
722,GeForce RTX 3060 Mobile/Laptop,NVIDIA,GeForce RTX 30 series,GA106,"January 12, 2021",PCIe 4.0 x16,,GDDR6,192,288336,817–1387,1282–1702,1214,3840:120: 48:120:30(30) (3),,,60-115,Samsung 8N,12.0,276,,List_of_Nvidia_graphics_processing_units,2026-07-20T05:59:13Z,2026-07-20T05:59:13Z,,60,2021,2026-07-20 05:59:13
724,GeForce RTX 3070Ti Mobile/Laptop,NVIDIA,GeForce RTX 30 series,GA104,"January 4, 2022",PCIe 4.0 x16,,GDDR6,256,384448,510-1035,1035-1485,1214,5888:184: 96:184:46(46) (6),,,80–125,Samsung 8N,17.4,392,,List_of_Nvidia_graphics_processing_units,2026-07-20T05:59:13Z,2026-07-20T05:59:13Z,,80,2022,2026-07-20 05:59:13
725,GeForce RTX 3080 Mobile/Laptop,NVIDIA,GeForce RTX 30 series,GA104-775-A1,"January 12, 2021",PCIe 4.0 x16,,GDDR6,256,384448,780-1350,1245-1810,1214,6144:192: 96:192:48(48) (6),,,80–150,Samsung 8N,17.4,392,,List_of_Nvidia_graphics_processing_units,2026-07-20T05:59:13Z,2026-07-20T05:59:13Z,,80,2021,2026-07-20 05:59:13
726,GeForce RTX 3080Ti Mobile/Laptop,NVIDIA,GeForce RTX 30 series,GA103,"January 25, 2022",PCIe 4.0 x16,,GDDR6,256,384512,585-1230,1125-1590,1216,7424:232: 116:232:58(58) (6),,,80–150,Samsung 8N,22,496,,List_of_Nvidia_graphics_processing_units,2026-07-20T05:59:13Z,2026-07-20T05:59:13Z,,80,2022,2026-07-20 05:59:13
727,GeForce RTX 4050 Mobile/Laptop,NVIDIA,GeForce RTX 40 series,AD107GN21-X2,"February 22, 2023",PCIe 4.0 x8,,GDDR6,96,168.0192.0,1140-2370,1605-2370,20001614000 (Max-Q)16,2560:80:32:80:20(20) (2),,,35–115,TSMC 4N,18.9,146,,List_of_Nvidia_graphics_processing_units,2026-07-20T05:59:13Z,2026-07-20T05:59:13Z,,35,2023,2026-07-20 05:59:13
728,GeForce RTX 4060 Mobile/Laptop,NVIDIA,GeForce RTX 40 series,AD107GN21-X4,"February 22, 2023",PCIe 4.0 x8,,GDDR6,128,224.0256.0,1140-2295,1470-2370,20001614000 (Max-Q)16,3072:96:32:96:24(24) (2),,,35–115,TSMC 4N,18.9,146,,List_of_Nvidia_graphics_processing_units,2026-07-20T05:59:13Z,2026-07-20T05:59:13Z,,35,2023,2026-07-20 05:59:13
729,GeForce RTX 4070 Mobile/Laptop,NVIDIA,GeForce RTX 40 series,AD106GN21-X6,"February 22, 2023",PCIe 4.0 x8,,GDDR6,128,224.0256.0,735-2070,1230-2175,20001614000 (Max-Q)16,4608:144:48:144:36(36) (3),,,35–115,TSMC 4N,22.9,190,,List_of_Nvidia_graphics_processing_units,2026-07-20T05:59:13Z,2026-07-20T05:59:13Z,,35,2023,2026-07-20 05:59:13
730,GeForce RTX 4080 Mobile/Laptop,NVIDIA,GeForce RTX 40 series,AD104GN21-X9,"February 8, 2023",PCIe 4.0 x16,,GDDR6,192,336.0432.0,795-1860,1350-2280,22501814000(Max-Q)18,7424:232:80:232:58(58) (5),,,60-150,TSMC 4N,35.8,295,,List_of_Nvidia_graphics_processing_units,2026-07-20T05:59:13Z,2026-07-20T05:59:13Z,,60,2023,2026-07-20 05:59:13
731,GeForce RTX 4090 Mobile/Laptop,NVIDIA,GeForce RTX 40 series,AD103GN21-X11,"February 8, 2023",PCIe 4.0 x16,,GDDR6,256,448.0576.0,930-1620,1455-2580,22501814000(Max-Q)18,9728:304:112:304:76(76) (7),,,80-150,TSMC 4N,45.9,379,,List_of_Nvidia_graphics_processing_units,2026-07-20T05:59:13Z,2026-07-20T05:59:13Z,,80,2023,2026-07-20 05:59:13
471,GeForce RTX2060,NVIDIA,GeForce RTX 20 series,TU106-300-KA-A1,"December7, 2021",,12,,192,336.0,,1470(1650),1750(14.0),2176:136:64:34:272:34,,,184,12.795(14.362),10.8,445,,List_of_Nvidia_graphics_processing_units,2026-07-20T05:59:08Z,2026-07-20T05:59:08Z,,184,2021,2026-07-20 05:59:08
474,GeForce RTX2060 SUPER,NVIDIA,GeForce RTX 20 series,TU106-410-A1,"July9, 2019",,8,,256,448.0,,1470(1650),1750(14.0),2176:136:64:34:272:34,,,175,12.795(14.362),10.8,445,,List_of_Nvidia_graphics_processing_units,2026-07-20T05:59:08Z,2026-07-20T05:59:08Z,,175,2019,2026-07-20 05:59:08
475,GeForce RTX2070,NVIDIA,GeForce RTX 20 series,TU106-400A-A1,"October17, 2018",,8,,256,448.0,,1410(1620),1750(14.0),2304:144:64:36:288:36,,,175,12.995(14.930),10.8,445,,List_of_Nvidia_graphics_processing_units,2026-07-20T05:59:08Z,2026-07-20T05:59:08Z,,175,2018,2026-07-20 05:59:08
476,GeForce RTX2070 SUPER,NVIDIA,GeForce RTX 20 series,TU104-410-A1,"July9, 2019",,8,,256,448.0,,1605(1770),1750(14.0),2560:160:64:40:320:40,,,215,16.44(18.12),13.6,545,,List_of_Nvidia_graphics_processing_units,2026-07-20T05:59:08Z,2026-07-20T05:59:08Z,,215,2019,2026-07-20 05:59:08
477,GeForce RTX2080,NVIDIA,GeForce RTX 20 series,TU104-400A-A1,"September20, 2018",,8,,256,448.0,,1515(1710),1750(14.0),2944:184:64:46:368:46,,,215,17.84(20.137),13.6,545,,List_of_Nvidia_graphics_processing_units,2026-07-20T05:59:08Z,2026-07-20T05:59:08Z,,215,2018,2026-07-20 05:59:08
478,GeForce RTX2080 SUPER,NVIDIA,GeForce RTX 20 series,TU104-450-A1,"July23, 2019",,8,,256,495.9,,1650(1815),1973(15.5),3072:192:64:48:384:48,,,250,20.275(22.303),13.6,545,,List_of_Nvidia_graphics_processing_units,2026-07-20T05:59:08Z,2026-07-20T05:59:08Z,,250,2019,2026-07-20 05:59:08
479,GeForce RTX2080 Ti,NVIDIA,GeForce RTX 20 series,TU102-300A-K1-A1,"September20, 2018",,11,,352,616.0,,1350(1545),1750(14.0),4352:272:88:68:544:68,,,250,23.501(26.895),18.6,754,,List_of_Nvidia_graphics_processing_units,2026-07-20T05:59:08Z,2026-07-20T05:59:08Z,,250,2018,2026-07-20 05:59:08
482,GeForce RTX3050,NVIDIA,GeForce RTX 30 series,GA106-150-KA-A1,"January4, 2022",PCIe4 x8,8,GDDR6,128,224.0,,1552(1777),1750(14.0),2560:80:32:20:80:20,,,130,7.946(9.098),12.0,276.0,,List_of_Nvidia_graphics_processing_units,2026-07-20T05:59:08Z,2026-07-20T05:59:08Z,,130,2022,2026-07-20 05:59:08
481,GeForce RTX3050 6 GB,NVIDIA,GeForce RTX 30 series,GA107-325-K2-A1,"February2, 2024",PCIe4 x8,6,GDDR6,96,168.0,,1042(1470),1750(14.0),2304:72:32:18:72:18,,,70,4.802(6.774),8.7,200.0,,List_of_Nvidia_graphics_processing_units,2026-07-20T05:59:08Z,2026-07-20T05:59:08Z,,70,2024,2026-07-20 05:59:08
484,GeForce RTX3050 OEM,NVIDIA,GeForce RTX 30 series,GA106-150-KA-A1,"January27, 2022",PCIe4 x8,8,GDDR6,128,224.0,,1515(1755),1750(14.0),2304:72:32:18:72:18,,,130,6.981(8.087),12.0,276.0,,List_of_Nvidia_graphics_processing_units,2026-07-20T05:59:08Z,2026-07-20T05:59:08Z,,130,2022,2026-07-20 05:59:08
485,GeForce RTX3060,NVIDIA,GeForce RTX 30 series,GA104,October2022,PCIe4 x16,8,GDDR6,128,224.0,,1320(1777),1875(15.0),3584:112:64:28:112:28,,,195,9.462(12.738),17.4,392.5,,List_of_Nvidia_graphics_processing_units,2026-07-20T05:59:08Z,2026-07-20T05:59:08Z,,195,,2026-07-20 05:59:08
487,GeForce RTX3060 12 GB,NVIDIA,GeForce RTX 30 series,GA104-150-KC-A1,"September1, 2021",PCIe4 x16,12,GDDR6,192,336.0,,1320(1777),1875(15.0),3584:112:64:28:112:28,,,170,9.462(12.738),17.4,392.5,,List_of_Nvidia_graphics_processing_units,2026-07-20T05:59:08Z,2026-07-20T05:59:08Z,,170,2021,2026-07-20 05:59:08
489,GeForce RTX3060 OEM,NVIDIA,GeForce RTX 30 series,GA106-400-A1,"February25, 2021",PCIe4 x16,6,GDDR6,192,336.0,,1627(1852),1750(14.0),3840:120:48:30:120:30,,,185,12.395(14.223),17.4,392.5,,List_of_Nvidia_graphics_processing_units,2026-07-20T05:59:08Z,2026-07-20T05:59:08Z,,185,2021,2026-07-20 05:59:08
490,GeForce RTX3060 Ti,NVIDIA,GeForce RTX 30 series,GA103-200-A1,"February23, 2022",PCIe4 x16,8,GDDR6,256,448.0,,1410(1665),1750(14.0),4864:152:80:38:152:38,,,200,13.716(16.197),22.0,496.0,,List_of_Nvidia_graphics_processing_units,2026-07-20T05:59:08Z,2026-07-20T05:59:08Z,,200,2022,2026-07-20 05:59:08
492,GeForce RTX3060 Ti GDDR6X,NVIDIA,GeForce RTX 30 series,GA104-202-A1,"October19, 2022",PCIe4 x16,8,GDDR6X,256,608.3,,1410(1665),1188(19.0),4864:152:80:38:152:38,,,225,13.716(16.197),17.4,392.5,,List_of_Nvidia_graphics_processing_units,2026-07-20T05:59:08Z,2026-07-20T05:59:08Z,,225,2022,2026-07-20 05:59:08
493,GeForce RTX3070,NVIDIA,GeForce RTX 30 series,GA104-300-A1,"October29, 2020",PCIe4 x16,8,GDDR6,256,448.0,,1500(1725),1750(14.0),5888:184:96:46:184:46,,,220,17.664(20.314),17.4,392.5,,List_of_Nvidia_graphics_processing_units,2026-07-20T05:59:09Z,2026-07-20T05:59:09Z,,220,2020,2026-07-20 05:59:09
494,GeForce RTX3070 Ti,NVIDIA,GeForce RTX 30 series,GA102-150-A1,"October21, 2022",PCIe4 x16,8,GDDR6X,256,608.3,,1575(1770),1188(19.0),6144:192:96:48:192:48,,,290,19.354(21.750),28.3,628.4,,List_of_Nvidia_graphics_processing_units,2026-07-20T05:59:09Z,2026-07-20T05:59:09Z,,290,2022,2026-07-20 05:59:09
496,GeForce RTX3080,NVIDIA,GeForce RTX 30 series,GA102-200-KD-A1,"September17, 2020",PCIe4 x16,10,GDDR6X,320,760.3,,1440(1710),1188(19.0),8704:272:96:68:272:68,,,320,25.068(29.768),28.3,628.4,,List_of_Nvidia_graphics_processing_units,2026-07-20T05:59:09Z,2026-07-20T05:59:09Z,,320,2020,2026-07-20 05:59:09
497,GeForce RTX3080 12 GB,NVIDIA,GeForce RTX 30 series,GA102-220-A1,"January11, 2022",PCIe4 x16,12,GDDR6X,384,912.4,,1260(1710),1188(19.0),8960:280:96:70:280:70,,,350,22.579(30.64),28.3,628.4,,List_of_Nvidia_graphics_processing_units,2026-07-20T05:59:09Z,2026-07-20T05:59:09Z,,350,2022,2026-07-20 05:59:09
498,GeForce RTX3080 Ti,NVIDIA,GeForce RTX 30 series,GA102-225-A1,"June3, 2021",PCIe4 x16,12,GDDR6X,384,912.4,,1365(1665),1188(19.0),10240:320:112:80:320:80,,,350,27.955(34.099),28.3,628.4,,List_of_Nvidia_graphics_processing_units,2026-07-20T05:59:09Z,2026-07-20T05:59:09Z,,350,2021,2026-07-20 05:59:09
499,GeForce RTX3080 Ti 20 GB,NVIDIA,GeForce RTX 30 series,GA102-250-KD-A1,January2022,PCIe4 x16,20,GDDR6X,320,760.3,,1335(1665),1188(19.0),10240:320:112:80:320:80,,,350,27.341(34.099),28.3,628.4,,List_of_Nvidia_graphics_processing_units,2026-07-20T05:59:09Z,2026-07-20T05:59:09Z,,350,,2026-07-20 05:59:09
500,GeForce RTX3090,NVIDIA,GeForce RTX 30 series,GA102-300-A1,"September24, 2020",PCIe4 x16,24,GDDR6X,384,936.2,,1395(1695),1219(19.5),10496:328:112:82:328:82,,,350,29.284(35.581),28.3,628.4,,List_of_Nvidia_graphics_processing_units,2026-07-20T05:59:09Z,2026-07-20T05:59:09Z,,350,2020,2026-07-20 05:59:09
501,GeForce RTX3090 Ti,NVIDIA,GeForce RTX 30 series,GA102-350-A1,"March29, 2022",PCIe4 x16,24,GDDR6X,384,1008.3,,1560(1860),1313(21.0),10752:336:112:84:336:84,,,450,33.546(39.997),28.3,628.4,,List_of_Nvidia_graphics_processing_units,2026-07-20T05:59:09Z,2026-07-20T05:59:09Z,,450,2022,2026-07-20 05:59:09
502,GeForce RTX4060,NVIDIA,GeForce RTX 40 series,AD106-155-A1,April2024,PCIe4 x8,8,GDDR6,128,272.0,,1830(2460),2125(17.0),3072:96:48:24:96:24,,,115,11.244(15.114),22.9,187.8,,List_of_Nvidia_graphics_processing_units,2026-07-20T05:59:09Z,2026-07-20T05:59:09Z,,115,,2026-07-20 05:59:09
504,GeForce RTX4060 Ti,NVIDIA,GeForce RTX 40 series,AD104-150-K1-A1,April2024,PCIe4 x8,8,GDDR6,128,288.0,,2310(2535),2250(18.0),4352:136:48:34:136:34,,,160,20.106(22.065),35.8,294.5,,List_of_Nvidia_graphics_processing_units,2026-07-20T05:59:09Z,2026-07-20T05:59:09Z,,160,,2026-07-20 05:59:09
506,GeForce RTX4060 Ti 16 GB,NVIDIA,GeForce RTX 40 series,AD106-351-A1,"July18, 2023",PCIe4 x8,16,GDDR6,128,288.0,,2310(2535),2250(18.0),4352:136:48:34:136:34,,,165,20.106(22.065),22.9,187.8,,List_of_Nvidia_graphics_processing_units,2026-07-20T05:59:09Z,2026-07-20T05:59:09Z,,165,2023,2026-07-20 05:59:09
508,GeForce RTX4070,NVIDIA,GeForce RTX 40 series,AD103-175-K1-A1,March2024,PCIe4 x16,12,GDDR6X,192,504.2,,1920(2475),1313(21.0),5888:184:64:46:184:46,,,200,22.610(29.146),45.9,378.6,,List_of_Nvidia_graphics_processing_units,2026-07-20T05:59:09Z,2026-07-20T05:59:09Z,,200,,2026-07-20 05:59:09
507,GeForce RTX4070 GDDR6,NVIDIA,GeForce RTX 40 series,AD104-2??-A1,"August20, 2024",PCIe4 x16,12,GDDR6,192,480.0,,1920(2475),2500(20.0),5888:184:64:46:184:46,,,200,22.610(29.146),35.8,294.5,,List_of_Nvidia_graphics_processing_units,2026-07-20T05:59:09Z,2026-07-20T05:59:09Z,,200,2024,2026-07-20 05:59:09
510,GeForce RTX4070 Super,NVIDIA,GeForce RTX 40 series,AD104-350-A1,"January17, 2024",PCIe4 x16,12,GDDR6X,192,504.2,,1980(2475),1313(21.0),7168:224:80:56:224:56,,,220,28.385(35.482),35.8,294.5,,List_of_Nvidia_graphics_processing_units,2026-07-20T05:59:09Z,2026-07-20T05:59:09Z,,220,2024,2026-07-20 05:59:09
511,GeForce RTX4070 Ti,NVIDIA,GeForce RTX 40 series,AD104-400-A1,"January5, 2023",PCIe4 x16,12,GDDR6X,192,504.2,,2310(2610),1313(21.0),7680:240:80:60:240:60,,,285,35.482(40.090),35.8,294.5,,List_of_Nvidia_graphics_processing_units,2026-07-20T05:59:09Z,2026-07-20T05:59:09Z,,285,2023,2026-07-20 05:59:09
512,GeForce RTX4070 Ti Super,NVIDIA,GeForce RTX 40 series,AD102-175-KEF-A1,"June10, 2024",PCIe4 x16,16,GDDR6X,256,672.3,,2340(2610),1313(21.0),8448:264:96:66:264:66,,,285,39.537(44.099),76.3,608.5,,List_of_Nvidia_graphics_processing_units,2026-07-20T05:59:09Z,2026-07-20T05:59:09Z,,285,2024,2026-07-20 05:59:09
514,GeForce RTX4080,NVIDIA,GeForce RTX 40 series,AD103-300-A1,"November16, 2022",PCIe4 x16,16,GDDR6X,256,716.8,,2205(2505),1400(22.4),9728:304:112:76:304:76,,,320,42.900(48.737),45.9,378.6,,List_of_Nvidia_graphics_processing_units,2026-07-20T05:59:09Z,2026-07-20T05:59:09Z,,320,2022,2026-07-20 05:59:09
515,GeForce RTX4080 Super,NVIDIA,GeForce RTX 40 series,AD103-400-A1,"January31, 2024",PCIe4 x16,16,GDDR6X,256,736.3,,2295(2550),1438(23.0),10240:320:112:80:320:80,,,320,47.002(52.224),45.9,378.6,,List_of_Nvidia_graphics_processing_units,2026-07-20T05:59:09Z,2026-07-20T05:59:09Z,,320,2024,2026-07-20 05:59:09
517,GeForce RTX4090,NVIDIA,GeForce RTX 40 series,AD102-300-A1,"October12, 2022",PCIe4 x16,24,GDDR6X,384,1008.0,,2235(2520),1313(21.0),16384:512:176:128:512:128,,,450,73.236(82.575),76.3,608.5,,List_of_Nvidia_graphics_processing_units,2026-07-20T05:59:09Z,2026-07-20T05:59:09Z,,450,2022,2026-07-20 05:59:09
516,GeForce RTX4090 D,NVIDIA,GeForce RTX 40 series,AD102-250-A1,"December28, 2023",PCIe4 x16,24,GDDR6X,384,1008.0,,2280(2520),1313(21.0),14592:456:176:114:456:114,,,425,66.540(73.544),76.3,608.5,,List_of_Nvidia_graphics_processing_units,2026-07-20T05:59:09Z,2026-07-20T05:59:09Z,,425,2023,2026-07-20 05:59:09
518,GeForce RTX5050,NVIDIA,GeForce RTX 50 series,GB207-300-A1,"July1, 2025",PCIe5 x8,8,GDDR6,128,320.0,,2317(2572),2500(20.0),2560:80:32:20:80:20,,,130,11.863(13.169),16.9,149.0,,List_of_Nvidia_graphics_processing_units,2026-07-20T05:59:09Z,2026-07-20T05:59:09Z,,130,2025,2026-07-20 05:59:09
519,GeForce RTX5060,NVIDIA,GeForce RTX 50 series,GB206-250-A1,"May19, 2025",PCIe5 x8,8,GDDR7,128,448.0,,2280(2497),1750(28.0),3840:120:48:30:120:30,,,145,17.510(19.177),21.9,181.0,,List_of_Nvidia_graphics_processing_units,2026-07-20T05:59:09Z,2026-07-20T05:59:09Z,,145,2025,2026-07-20 05:59:09
520,GeForce RTX5060 Ti,NVIDIA,GeForce RTX 50 series,GB206-300-A1,"April16, 2025",PCIe5 x8,8,GDDR7,128,448.0,,2407(2572),1750(28.0),4608:144:48:36:144:36,,,180,22.183(23.704),21.9,181.0,,List_of_Nvidia_graphics_processing_units,2026-07-20T05:59:09Z,2026-07-20T05:59:09Z,,180,2025,2026-07-20 05:59:09
521,GeForce RTX5060 Ti 16 GB,NVIDIA,GeForce RTX 50 series,GB206-300-A1,"April16, 2025",PCIe5 x8,16,GDDR7,128,448.0,,2407(2572),1750(28.0),4608:144:48:36:144:36,,,180,22.183(23.704),21.9,181.0,,List_of_Nvidia_graphics_processing_units,2026-07-20T05:59:09Z,2026-07-20T05:59:09Z,,180,2025,2026-07-20 05:59:09
522,GeForce RTX5070,NVIDIA,GeForce RTX 50 series,GB205-300-A1,"March4, 2025",PCIe5 x16,12,GDDR7,192,672.0,,2325(2512),1750(28.0),6144:192:80:48:192:48,,,250,28.430(30.717),31.1,263.0,,List_of_Nvidia_graphics_processing_units,2026-07-20T05:59:09Z,2026-07-20T05:59:09Z,,250,2025,2026-07-20 05:59:09
523,GeForce RTX5070 Ti,NVIDIA,GeForce RTX 50 series,GB203-300-A1,"February20, 2025",PCIe5 x16,16,GDDR7,256,896.0,,2295(2452),1750(28.0),8960:280:96:70:280:70,,,300,41.126(43.940),45.6,378.0,,List_of_Nvidia_graphics_processing_units,2026-07-20T05:59:09Z,2026-07-20T05:59:09Z,,300,2025,2026-07-20 05:59:09
524,GeForce RTX5080,NVIDIA,GeForce RTX 50 series,GB203-400-A1,"January30, 2025",PCIe5 x16,16,GDDR7,256,960.0,,2295(2617),1875(30.0),10752:336:112:84:336:84,,,360,49.352(56.276),45.6,378.0,,List_of_Nvidia_graphics_processing_units,2026-07-20T05:59:09Z,2026-07-20T05:59:09Z,,360,2025,2026-07-20 05:59:09
527,GeForce RTX5090,NVIDIA,GeForce RTX 50 series,GB202-300,"January30, 2025",PCIe5 x16,32,GDDR7,512,"1,792.0",,2017(2407),1750(28.0),21760:680:176:170:680:170,,,575,87.780(104.753),92.2,750.0,,List_of_Nvidia_graphics_processing_units,2026-07-20T05:59:09Z,2026-07-20T05:59:09Z,,575,2025,2026-07-20 05:59:09
525,GeForce RTX5090 D,NVIDIA,GeForce RTX 50 series,GB202-250-A1,"January30, 2025",PCIe5 x16,32,GDDR7,512,"1,792.0",,2017(2407),1750(28.0),21760:680:176:170:680:170,,,575,87.780(104.753),92.2,750.0,,List_of_Nvidia_graphics_processing_units,2026-07-20T05:59:09Z,2026-07-20T05:59:09Z,,575,2025,2026-07-20 05:59:09
526,GeForce RTX5090 D V2,NVIDIA,GeForce RTX 50 series,GB202-240-K1-A1,"August15, 2025",PCIe5 x16,24,GDDR7,384,"1,344.0",,2017(2407),1750(28.0),21760:680:176:170:680:170,,,575,87.780(104.753),92.2,750.0,,List_of_Nvidia_graphics_processing_units,2026-07-20T05:59:09Z,2026-07-20T05:59:09Z,,575,2025,2026-07-20 05:59:09
21,GeForce2 GTS,NVIDIA,GeForce2 series,NV15,"April 26, 2000",AGP4x,32 64,DDR,128,5.33,200,,166,4:8:4,,,,TSMC 180 nm,25,88,,List_of_Nvidia_graphics_processing_units,2026-07-20T05:58:59Z,2026-07-20T05:58:59Z,,,2000,2026-07-20 05:58:59
529,GeForce2 Go,NVIDIA,GeForce2 Go series,NV11M,"November 11, 2000",AGP 4x,,SDRDDR,12864,2.656,143,,166332,2:0:4:2,,,,,,,,List_of_Nvidia_graphics_processing_units,2026-07-20T05:59:09Z,2026-07-20T05:59:09Z,,,2000,2026-07-20 05:59:09
528,GeForce2 Go 100,NVIDIA,GeForce2 Go series,NV11M,"February 6, 2001",AGP 4x,,DDR,32,1.328,125,,332,2:0:4:2,,,,,,,,List_of_Nvidia_graphics_processing_units,2026-07-20T05:59:09Z,2026-07-20T05:59:09Z,,,2001,2026-07-20 05:59:09
530,GeForce2 Go 200,NVIDIA,GeForce2 Go series,NV11M,"February 6, 2001",AGP 4x,,DDR,64,2.656,143,,332,2:0:4:2,,,,,,,,List_of_Nvidia_graphics_processing_units,2026-07-20T05:59:09Z,2026-07-20T05:59:09Z,,,2001,2026-07-20 05:59:09
19,GeForce2 MX,NVIDIA,GeForce2 series,NV11,"June 28, 2000",AGP4x PCI,32 64,SDR,128,2.67,175,,166,2:4:2,,,,TSMC 180 nm,20,64,,List_of_Nvidia_graphics_processing_units,2026-07-20T05:58:59Z,2026-07-20T05:58:59Z,,,2000,2026-07-20 05:58:59
17,GeForce2 MX IGP+ nForce 220/420,NVIDIA,GeForce2 series,NV1A,"June 4, 2001",FSB,Systemsharedup to32,SystemsharedDDR,Systemshared64/128,1.06 2.13,175,,Systemsharedup to133,2:4:2,,,,TSMC 180 nm,20,,,List_of_Nvidia_graphics_processing_units,2026-07-20T05:58:59Z,2026-07-20T05:58:59Z,,,2001,2026-07-20 05:58:59
18,GeForce2 MX200,NVIDIA,GeForce2 series,NV11,"March 3, 2001",AGP4x PCI,32 64,SDR,64,1.33,175,,166,2:4:2,,,,TSMC 180 nm,20,64,,List_of_Nvidia_graphics_processing_units,2026-07-20T05:58:59Z,2026-07-20T05:58:59Z,,,2001,2026-07-20 05:58:59
20,GeForce2 MX400,NVIDIA,GeForce2 series,NV11,"March 3, 2001",AGP4x PCI,32 64,SDR DDR,128 64,2.67,200,,166,2:4:2,,,,TSMC 180 nm,20,64,,List_of_Nvidia_graphics_processing_units,2026-07-20T05:58:59Z,2026-07-20T05:58:59Z,,,2001,2026-07-20 05:58:59
22,GeForce2 Pro,NVIDIA,GeForce2 series,NV15,"December 5, 2000",AGP4x,32 64,DDR,128,6.40,200,,200,4:8:4,,,,TSMC 180 nm,25,88,,List_of_Nvidia_graphics_processing_units,2026-07-20T05:58:59Z,2026-07-20T05:58:59Z,,,2000,2026-07-20 05:58:59
23,GeForce2 Ti,NVIDIA,GeForce2 series,NV15,"October 1, 2001",AGP4x,32 64,DDR,128,6.40,250,,200,4:8:4,,,,TSMC 180 nm,25,88,,List_of_Nvidia_graphics_processing_units,2026-07-20T05:58:59Z,2026-07-20T05:58:59Z,,,2001,2026-07-20 05:58:59
24,GeForce2 Ti VX,NVIDIA,GeForce2 series,NV15,,AGP4x,64,DDR,128,6.40,225,,200,4:8:4,,,,TSMC 180 nm,25,88,,List_of_Nvidia_graphics_processing_units,2026-07-20T05:58:59Z,2026-07-20T05:58:59Z,,,,2026-07-20 05:58:59
25,GeForce2 Ultra,NVIDIA,GeForce2 series,NV15,"August 14, 2000",AGP4x,64,DDR,128,7.36,250,,230,4:8:4,,,,TSMC 180 nm,25,88,,List_of_Nvidia_graphics_processing_units,2026-07-20T05:58:59Z,2026-07-20T05:58:59Z,,,2000,2026-07-20 05:58:59
254,GeForce205 OEM,NVIDIA,GeForce 200 series,GT218,"November26, 2009",PCIe2.0 x16,512,,64,6.4,589,,400(0.8),16:8:4:2,,,30.5,TSMC40 nm,260,57,,List_of_Nvidia_graphics_processing_units,2026-07-20T05:59:04Z,2026-07-20T05:59:04Z,,30,2009,2026-07-20 05:59:04
256,GeForce210,NVIDIA,GeForce 200 series,GT218-300-A2,"October12, 2009",PCIe2.0 x16,512,,64,6.4,520,,400(0.8),16:8:4:2,,,30.5,TSMC40 nm,260,57,,List_of_Nvidia_graphics_processing_units,2026-07-20T05:59:04Z,2026-07-20T05:59:04Z,,30,2009,2026-07-20 05:59:04
258,GeForce210 OEM,NVIDIA,GeForce 200 series,GT216,"September4, 2009",PCIe2.0 x16,1024,,64,6.4,475,,400(0.8),16:8:4:2,,,30.5,TSMC40 nm,486,100,,List_of_Nvidia_graphics_processing_units,2026-07-20T05:59:04Z,2026-07-20T05:59:04Z,,30,2009,2026-07-20 05:59:04
255,GeForce210 PCI,NVIDIA,GeForce 200 series,GT216,"October12, 2009",PCI,512,,64,6.4,475,,400(0.8),16:8:4:2,,,30.5,TSMC40 nm,486,100,,List_of_Nvidia_graphics_processing_units,2026-07-20T05:59:04Z,2026-07-20T05:59:04Z,,30,2009,2026-07-20 05:59:04
257,GeForce210 Rev. 2,NVIDIA,GeForce 200 series,GT218-325-B1,"October12, 2009",PCIe2.0 x16,1024,,64,6.4,520,,400(0.8),16:8:4:2,,,30.5,TSMC40 nm,260,57,,List_of_Nvidia_graphics_processing_units,2026-07-20T05:59:04Z,2026-07-20T05:59:04Z,,30,2009,2026-07-20 05:59:04
27,GeForce3,NVIDIA,GeForce3 series,NV20,"February27, 2001",AGP4x,64,DDR,128,7.36,200,,230(460),4:1:8:4,,,,,57,128,,List_of_Nvidia_graphics_processing_units,2026-07-20T05:58:59Z,2026-07-20T05:58:59Z,,,2001,2026-07-20 05:58:59
288,GeForce310,NVIDIA,GeForce 300 series,GT218-300-A2,"November27, 2009",PCIe2.0 x16,512,,64,5.33,589,,333(0.7),16:8:4:2,,,31,TSMC40 nm,260,57,,List_of_Nvidia_graphics_processing_units,2026-07-20T05:59:04Z,2026-07-20T05:59:04Z,,31,2009,2026-07-20 05:59:04
289,GeForce315,NVIDIA,GeForce 300 series,GT216,"March31, 2010",PCIe2.0 x16,512,,64,12.64,475,,790(1.6),48:16:8:6,,,33,TSMC40 nm,486,100,,List_of_Nvidia_graphics_processing_units,2026-07-20T05:59:04Z,2026-07-20T05:59:04Z,,33,2010,2026-07-20 05:59:04
26,GeForce3Ti200,NVIDIA,GeForce3 series,NV20,"October1, 2001",AGP4x,64128,DDR,128,6.40,175,,200(400),4:1:8:4,,,,,57,128,,List_of_Nvidia_graphics_processing_units,2026-07-20T05:58:59Z,2026-07-20T05:58:59Z,,,2001,2026-07-20 05:58:59
28,GeForce3Ti500,NVIDIA,GeForce3 series,NV20,"October1, 2001",AGP4x,64,DDR,128,8.00,240,,250(500),4:1:8:4,,,29,,57,128,,List_of_Nvidia_graphics_processing_units,2026-07-20T05:58:59Z,2026-07-20T05:58:59Z,,29,2001,2026-07-20 05:58:59
531,GeForce4 Go 410,NVIDIA,GeForce4 Go series,NV17M,"February 6, 2002",AGP 8x,,SDR,64,1.6,200,,200,2:0:4:2,,,,,,,,List_of_Nvidia_graphics_processing_units,2026-07-20T05:59:09Z,2026-07-20T05:59:09Z,,,2002,2026-07-20 05:59:09
532,GeForce4 Go 420,NVIDIA,GeForce4 Go series,NV17M,"February 6, 2002",AGP 8x,,DDR,64,3.2,200,,400,2:0:4:2,,,,,,,,List_of_Nvidia_graphics_processing_units,2026-07-20T05:59:09Z,2026-07-20T05:59:09Z,,,2002,2026-07-20 05:59:09
536,GeForce4 Go 4200,NVIDIA,GeForce4 Go series,NV28M,"November 14, 2002",AGP 8x,,DDR,128,6.4,200,,400,4:2:8:4,,,,,,,,List_of_Nvidia_graphics_processing_units,2026-07-20T05:59:09Z,2026-07-20T05:59:09Z,,,2002,2026-07-20 05:59:09
533,GeForce4 Go 440,NVIDIA,GeForce4 Go series,NV17M,"February 6, 2002",AGP 8x,,DDR,128,7.04,220,,440,2:0:4:2,,,,,,,,List_of_Nvidia_graphics_processing_units,2026-07-20T05:59:09Z,2026-07-20T05:59:09Z,,,2002,2026-07-20 05:59:09
534,GeForce4 Go 460,NVIDIA,GeForce4 Go series,NV17M,"October 14, 2002",AGP 8x,,DDR,128,8,250,,500,2:0:4:2,,,,,,,,List_of_Nvidia_graphics_processing_units,2026-07-20T05:59:09Z,2026-07-20T05:59:09Z,,,2002,2026-07-20 05:59:09
535,GeForce4 Go 488,NVIDIA,GeForce4 Go series,NV18M,,AGP 8x,,DDR,128,8.8,300,,550,2:0:4:2,,,,,,,,List_of_Nvidia_graphics_processing_units,2026-07-20T05:59:09Z,2026-07-20T05:59:09Z,,,,2026-07-20 05:59:09
42,GeForce4 MX4000,NVIDIA,GeForce4 series,NV18,"December14, 2003",AGP8x,128,DDR,64,2.66,250,,166(332),2:0:4:2,,,14,,29,65,,List_of_Nvidia_graphics_processing_units,2026-07-20T05:58:59Z,2026-07-20T05:58:59Z,,14,2003,2026-07-20 05:58:59
44,GeForce4 MX4000 Rev. 2,NVIDIA,GeForce4 series,NV18C,"December14, 2003",AGP8x,128,DDR,64,2.66,250,,166(332),2:0:4:2,,,14,,29,65,,List_of_Nvidia_graphics_processing_units,2026-07-20T05:58:59Z,2026-07-20T05:58:59Z,,14,2003,2026-07-20 05:58:59
30,GeForce4 MX420,NVIDIA,GeForce4 series,NV17,"February6, 2002",AGP4x,64,DDR,64,2.66,250,,166(332),2:0:4:2,,,14,,29,65,,List_of_Nvidia_graphics_processing_units,2026-07-20T05:58:59Z,2026-07-20T05:58:59Z,,14,2002,2026-07-20 05:58:59
35,GeForce4 MX440,NVIDIA,GeForce4 series,NV17,"February6, 2002",AGP4x,64,DDR,128,6.40,275,,200(400),2:0:4:2,,,18,,29,65,,List_of_Nvidia_graphics_processing_units,2026-07-20T05:58:59Z,2026-07-20T05:58:59Z,,18,2002,2026-07-20 05:58:59
37,GeForce4 MX440 8x,NVIDIA,GeForce4 series,NV18-A2,"September26, 2002",AGP8x,128,DDR,128,8.00,275,,250(500),2:0:4:2,,,19,,29,65,,List_of_Nvidia_graphics_processing_units,2026-07-20T05:58:59Z,2026-07-20T05:58:59Z,,19,2002,2026-07-20 05:58:59
36,GeForce4 MX440 Mac Edition,NVIDIA,GeForce4 series,NV17,"February6, 2002",AGP4x,64,DDR,128,6.40,275,,200(400),2:0:4:2,,,18,,29,65,,List_of_Nvidia_graphics_processing_units,2026-07-20T05:58:59Z,2026-07-20T05:58:59Z,,18,2002,2026-07-20 05:58:59
33,GeForce4 MX440 SE,NVIDIA,GeForce4 series,NV17,"February6, 2002",AGP4x,64128,DDR,128,5.31,250,,166(332),2:0:4:2,,,13,,29,65,,List_of_Nvidia_graphics_processing_units,2026-07-20T05:58:59Z,2026-07-20T05:58:59Z,,13,2002,2026-07-20 05:58:59
41,GeForce4 MX460,NVIDIA,GeForce4 series,NV17,"February6, 2002",AGP4x,64128,DDR,128,7.20,300,,225(450),2:0:4:2,,,22,,29,65,,List_of_Nvidia_graphics_processing_units,2026-07-20T05:58:59Z,2026-07-20T05:58:59Z,,22,2002,2026-07-20 05:58:59
29,GeForce4 MXIGP + nForce2,NVIDIA,GeForce4 series,NV1F,"October1, 2002",AGP4x,Systemsharedup to128,SystemsharedDDR,Systemshared64 or128,Systemsharedup to6.40,200,,Systemsharedup to200 (400),2:0:4:2,,,,,29,65,,List_of_Nvidia_graphics_processing_units,2026-07-20T05:58:59Z,2026-07-20T05:58:59Z,,,2002,2026-07-20 05:58:59
45,GeForce4 Ti4200,NVIDIA,GeForce4 series,NV25,"February6, 2002",AGP4x,64128,DDR,128,8.00,250,,250(500),4:2:8:4,,,33,,63,142,,List_of_Nvidia_graphics_processing_units,2026-07-20T05:58:59Z,2026-07-20T05:58:59Z,,33,2002,2026-07-20 05:58:59
47,GeForce4 Ti4200 8x,NVIDIA,GeForce4 series,NV28,"February6, 2002",AGP8x,64128,SDR,128,4.00,250,,250(250),4:2:8:4,,,34,,63,142,,List_of_Nvidia_graphics_processing_units,2026-07-20T05:58:59Z,2026-07-20T05:58:59Z,,34,2002,2026-07-20 05:58:59
49,GeForce4 Ti4400,NVIDIA,GeForce4 series,NV25,"February6, 2002",AGP4x,128,DDR,128,8.80,275,,275(550),4:2:8:4,,,37,,63,142,,List_of_Nvidia_graphics_processing_units,2026-07-20T05:58:59Z,2026-07-20T05:58:59Z,,37,2002,2026-07-20 05:58:59
50,GeForce4 Ti4600,NVIDIA,GeForce4 series,NV25,"February6, 2002",AGP4x,128,DDR,128,10.37,300,,324(648),4:2:8:4,,,,,63,142,,List_of_Nvidia_graphics_processing_units,2026-07-20T05:58:59Z,2026-07-20T05:58:59Z,,,2002,2026-07-20 05:58:59
52,GeForce4 Ti4800,NVIDIA,GeForce4 series,NV28,"March15, 2003",AGP8x,128,DDR,128,10.40,300,,325(650),4:2:8:4,,,43,,63,142,,List_of_Nvidia_graphics_processing_units,2026-07-20T05:58:59Z,2026-07-20T05:58:59Z,,43,2003,2026-07-20 05:58:59
51,GeForce4 Ti4800 SE,NVIDIA,GeForce4 series,NV28,"February16, 2003",AGP8x,128,DDR,128,8.80,275,,275(550),4:2:8:4,,,38,,63,142,,List_of_Nvidia_graphics_processing_units,2026-07-20T05:58:59Z,2026-07-20T05:58:59Z,,38,2003,2026-07-20 05:58:59
300,GeForce405,NVIDIA,GeForce 400 series,GT216,"September3, 2010",PCIe2.0 x16,5121024,,64,12.80,475,,800(1.6),48:16:8:6,,,25,105.600,486,100,,List_of_Nvidia_graphics_processing_units,2026-07-20T05:59:05Z,2026-07-20T05:59:05Z,,25,2010,2026-07-20 05:59:05
332,GeForce505 OEM,NVIDIA,GeForce 500 series,GT216,"February17, 2013",PCIe1.0 x16,1024,,128,22.40,615,,700(1.4),24:12:8:3,,,25,49.488,486,100,,List_of_Nvidia_graphics_processing_units,2026-07-20T05:59:05Z,2026-07-20T05:59:05Z,,25,2013,2026-07-20 05:59:05
334,GeForce510 OEM,NVIDIA,GeForce 500 series,GF119S,"September29, 2011",PCIe2.0 x16,10242048,,64,14.37,523,,898(1.8),48:8:4:1,,,25,100.416,292,79,,List_of_Nvidia_graphics_processing_units,2026-07-20T05:59:05Z,2026-07-20T05:59:05Z,,25,2011,2026-07-20 05:59:05
358,GeForce605 OEM,NVIDIA,GeForce 600 series,GF119-200-A1,"April2, 2012",PCIe2.0 x16,5121024,,64,14.35,,523,897(1.8),48:8:4:1,,,25,TSMC40 nm,292,79,,List_of_Nvidia_graphics_processing_units,2026-07-20T05:59:06Z,2026-07-20T05:59:06Z,,25,2012,2026-07-20 05:59:06
84,GeForce6100,NVIDIA,GeForce 6 (6xxx) series,C51,"October11, 2004",PCI(HyperTransport),Systemsharedup to256,SystemsharedDDRorDDR2,Systemshared64or128,Systemsharedup to6.40or17.06,425,,Systemsharedup to200 (400)or533 (1066),2:1:1:1,,,,TSMC90 nm,,,,List_of_Nvidia_graphics_processing_units,2026-07-20T05:59:00Z,2026-07-20T05:59:00Z,,,2004,2026-07-20 05:59:00
85,GeForce6100 +nForce 400,NVIDIA,GeForce 6 (6xxx) series,C61,"October11, 2004",PCI(HyperTransport),Systemsharedup to256,SystemsharedDDRorDDR2,Systemshared64or128,Systemsharedup to6.40or17.06,425,,Systemsharedup to200 (400)or533 (1066),2:1:1:1,,,,TSMC90 nm,,,,List_of_Nvidia_graphics_processing_units,2026-07-20T05:59:00Z,2026-07-20T05:59:00Z,,,2004,2026-07-20 05:59:00
86,GeForce6100 +nForce 405,NVIDIA,GeForce 6 (6xxx) series,C61,"October11, 2004",PCI(HyperTransport),Systemsharedup to256,SystemsharedDDRorDDR2,Systemshared64or128,Systemsharedup to6.40or17.06,425,,Systemsharedup to200 (400)or533 (1066),2:1:1:1,,,,TSMC90 nm,,,,List_of_Nvidia_graphics_processing_units,2026-07-20T05:59:00Z,2026-07-20T05:59:00Z,,,2004,2026-07-20 05:59:00
87,GeForce6100 +nForce 410,NVIDIA,GeForce 6 (6xxx) series,C51,"October11, 2004",PCI(HyperTransport),Systemsharedup to256,SystemsharedDDRorDDR2,Systemshared64or128,Systemsharedup to6.40or17.06,425,,Systemsharedup to200 (400)or533 (1066),2:1:1:1,,,,TSMC90 nm,,,,List_of_Nvidia_graphics_processing_units,2026-07-20T05:59:00Z,2026-07-20T05:59:00Z,,,2004,2026-07-20 05:59:00
88,GeForce6100 +nForce 420,NVIDIA,GeForce 6 (6xxx) series,C61,"October11, 2004",PCI(HyperTransport),Systemsharedup to256,SystemsharedDDRorDDR2,Systemshared64or128,Systemsharedup to6.40or17.06,425,,Systemsharedup to200 (400)or533 (1066),2:1:1:1,,,,TSMC90 nm,,,,List_of_Nvidia_graphics_processing_units,2026-07-20T05:59:00Z,2026-07-20T05:59:00Z,,,2004,2026-07-20 05:59:00
89,GeForce6100 +nForce 430,NVIDIA,GeForce 6 (6xxx) series,C61,"October11, 2004",PCI(HyperTransport),Systemsharedup to256,SystemsharedDDRorDDR2,Systemshared64or128,Systemsharedup to6.40or17.06,425,,Systemsharedup to200 (400)or533 (1066),2:1:1:1,,,,TSMC90 nm,,,,List_of_Nvidia_graphics_processing_units,2026-07-20T05:59:00Z,2026-07-20T05:59:00Z,,,2004,2026-07-20 05:59:00
364,GeForce615 OEM,NVIDIA,GeForce 600 series,GF108,"May15, 2012",PCIe2.0 x16,1024,,128,28.80,,660,900(1.8),48:8:4:1,,,49,TSMC40 nm,585,116,,List_of_Nvidia_graphics_processing_units,2026-07-20T05:59:06Z,2026-07-20T05:59:06Z,,49,2012,2026-07-20 05:59:06
92,GeForce6150 +nForce 430,NVIDIA,GeForce 6 (6xxx) series,C51,"October11, 2004",PCI(HyperTransport),Systemsharedup to256,SystemsharedDDRorDDR2,Systemshared64or128,Systemsharedup to6.40or17.06,475,,Systemsharedup to200 (400)or533 (1066),2:1:1:1,,,,TSMC90 nm,,,,List_of_Nvidia_graphics_processing_units,2026-07-20T05:59:00Z,2026-07-20T05:59:00Z,,,2004,2026-07-20 05:59:00
91,GeForce6150 LE +nForce 430,NVIDIA,GeForce 6 (6xxx) series,C51,"October11, 2004",PCI(HyperTransport),Systemsharedup to256,SystemsharedDDRorDDR2,Systemshared64or128,Systemsharedup to6.40or17.06,425,,Systemsharedup to200 (400)or533 (1066),2:1:1:1,,,,TSMC90 nm,,,,List_of_Nvidia_graphics_processing_units,2026-07-20T05:59:00Z,2026-07-20T05:59:00Z,,,2004,2026-07-20 05:59:00
90,GeForce6150 SE +nForce 430,NVIDIA,GeForce 6 (6xxx) series,C61,"October11, 2004",PCI(HyperTransport),Systemsharedup to256,SystemsharedDDRorDDR2,Systemshared64or128,Systemsharedup to6.40or17.06,425,,Systemsharedup to200 (400)or533 (1066),2:1:1:1,,,,TSMC90 nm,,,,List_of_Nvidia_graphics_processing_units,2026-07-20T05:59:00Z,2026-07-20T05:59:00Z,,,2004,2026-07-20 05:59:00
104,GeForce6200,NVIDIA,GeForce 6 (6xxx) series,NV43,"October11, 2004",PCIe1.0 x16,128,DDR,128,8.80,300,,275(550),4:3:4:2,,,,TSMC110 nm,146,154,,List_of_Nvidia_graphics_processing_units,2026-07-20T05:59:01Z,2026-07-20T05:59:01Z,,,2004,2026-07-20 05:59:01
101,GeForce6200 AGP,NVIDIA,GeForce 6 (6xxx) series,NV44A,"April4, 2005",AGP8x,256,DDR2,64,4.26,350,,266(532),4:3:4:2,,,,TSMC110 nm,75,110,,List_of_Nvidia_graphics_processing_units,2026-07-20T05:59:01Z,2026-07-20T05:59:01Z,,,2005,2026-07-20 05:59:01
94,GeForce6200 LE,NVIDIA,GeForce 6 (6xxx) series,NV44,"April4, 2005",PCIe1.0 x16,128,DDR,64,4.26,350,,266(532),2:1:2:2,,,,TSMC110 nm,75,110,,List_of_Nvidia_graphics_processing_units,2026-07-20T05:59:00Z,2026-07-20T05:59:00Z,,,2005,2026-07-20 05:59:00
96,GeForce6200 LE 512,NVIDIA,GeForce 6 (6xxx) series,NV44,"October11, 2004",AGP8x,512,DDR2,128,8.80,300,,275(550),4:3:4:2,,,,TSMC110 nm,75,110,,List_of_Nvidia_graphics_processing_units,2026-07-20T05:59:00Z,2026-07-20T05:59:00Z,,,2004,2026-07-20 05:59:00
99,GeForce6200 PCI,NVIDIA,GeForce 6 (6xxx) series,NV44,"January16, 2008",PCI,256512,DDR2,64,3.20,280,,200(400),4:3:4:2,,,20,TSMC110 nm,75,110,,List_of_Nvidia_graphics_processing_units,2026-07-20T05:59:01Z,2026-07-20T05:59:01Z,,20,2008,2026-07-20 05:59:01
93,GeForce6200 SETurboCache,NVIDIA,GeForce 6 (6xxx) series,NV44,"December15, 2004",PCIe1.0 x16,64,DDR,32,2.00,350,,250(500),4:3:4:2,,,,TSMC110 nm,75,110,,List_of_Nvidia_graphics_processing_units,2026-07-20T05:59:00Z,2026-07-20T05:59:00Z,,,2004,2026-07-20 05:59:00
105,GeForce6200 X2,NVIDIA,GeForce 6 (6xxx) series,2xNV44,"January16, 2008",PCI,2x 2562x 512,DDR2,2x64,2x3.20,280,,200(400),2x4:3:4:2,,,,TSMC110 nm,2x75,2x110,,List_of_Nvidia_graphics_processing_units,2026-07-20T05:59:01Z,2026-07-20T05:59:01Z,,,2008,2026-07-20 05:59:01
100,GeForce6200TurboCache,NVIDIA,GeForce 6 (6xxx) series,NV44B,"December15, 2004",AGP4x,64,DDR,64,4.00,350,,250(500),4:3:4:2,,,25,TSMC110 nm,75,110,,List_of_Nvidia_graphics_processing_units,2026-07-20T05:59:01Z,2026-07-20T05:59:01Z,,25,2004,2026-07-20 05:59:01
106,GeForce6500,NVIDIA,GeForce 6 (6xxx) series,NV44,"October1, 2005",PCIe1.0 x16,128,DDR2,128,8.51,400,,266(532),4:3:4:2,,,,TSMC110 nm,75,110,,List_of_Nvidia_graphics_processing_units,2026-07-20T05:59:01Z,2026-07-20T05:59:01Z,,,2005,2026-07-20 05:59:01
110,GeForce6600,NVIDIA,GeForce 6 (6xxx) series,NV43,"August12, 2004",PCIe1.0 x16,256512,DDR,128,8.00,300,,250(500),8:3:8:4,,,,TSMC110 nm,146,154,,List_of_Nvidia_graphics_processing_units,2026-07-20T05:59:01Z,2026-07-20T05:59:01Z,,,2004,2026-07-20 05:59:01
112,GeForce6600 GT,NVIDIA,GeForce 6 (6xxx) series,NV43,"August12, 2004",PCIe1.0 x16,128256,GDDR3,128,16.00,500,,500(1000),8:3:8:4,,,,TSMC110 nm,146,154,,List_of_Nvidia_graphics_processing_units,2026-07-20T05:59:01Z,2026-07-20T05:59:01Z,,,2004,2026-07-20 05:59:01
114,GeForce6600 GT Dual,NVIDIA,GeForce 6 (6xxx) series,2xNV43,"August12, 2004",PCIe1.0 x16,2x128,GDDR3,2x128,2x17.92,500,,560(1120),2x8:3:8:4,,,,TSMC110 nm,146,154,,List_of_Nvidia_graphics_processing_units,2026-07-20T05:59:01Z,2026-07-20T05:59:01Z,,,2004,2026-07-20 05:59:01
108,GeForce6600 LE,NVIDIA,GeForce 6 (6xxx) series,NV43,2005,PCIe1.0 x16,128,DDR,128,8.00,300,,250(500),4:3:4:2,,,,TSMC110 nm,146,154,,List_of_Nvidia_graphics_processing_units,2026-07-20T05:59:01Z,2026-07-20T05:59:01Z,,,2005,2026-07-20 05:59:01
107,GeForce6600 VE,NVIDIA,GeForce 6 (6xxx) series,NV43,2005,PCIe1.0 x16,128,GDDR3,128,6.40,300,,200(400),4:2:4:4,,,,TSMC110 nm,146,154,,List_of_Nvidia_graphics_processing_units,2026-07-20T05:59:01Z,2026-07-20T05:59:01Z,,,2005,2026-07-20 05:59:01
115,GeForce6610 XL,NVIDIA,GeForce 6 (6xxx) series,NV43,"November14, 2004",PCIe1.0 x16,128,GDDR3,128,12.80,400,,400(800),8:3:8:4,,,,TSMC110 nm,146,154,,List_of_Nvidia_graphics_processing_units,2026-07-20T05:59:01Z,2026-07-20T05:59:01Z,,,2004,2026-07-20 05:59:01
116,GeForce6700 XL,NVIDIA,GeForce 6 (6xxx) series,NV43,"November14, 2004",PCIe1.0 x16,128,GDDR3,128,17.60,525,,550(1100),8:3:8:4,,,50,TSMC110 nm,146,154,,List_of_Nvidia_graphics_processing_units,2026-07-20T05:59:01Z,2026-07-20T05:59:01Z,,50,2004,2026-07-20 05:59:01
124,GeForce6800,NVIDIA,GeForce 6 (6xxx) series,NV41,"November8, 2004",PCIe1.0 x16,256,DDR,256,19.20,325,,300(600),12:5:12:8,,,,TSMC130 nm,190,225,,List_of_Nvidia_graphics_processing_units,2026-07-20T05:59:01Z,2026-07-20T05:59:01Z,,,2004,2026-07-20 05:59:01
128,GeForce6800 GS,NVIDIA,GeForce 6 (6xxx) series,NV41,"November7, 2005",PCIe1.0 x16,256512,GDDR3,256,32.00,425,,500(1000),12:5:12:8,,,,TSMC130 nm,190,225,,List_of_Nvidia_graphics_processing_units,2026-07-20T05:59:01Z,2026-07-20T05:59:01Z,,,2005,2026-07-20 05:59:01
133,GeForce6800 GT,NVIDIA,GeForce 6 (6xxx) series,NV45,"June8, 2004",PCIe1.0 x16,256,GDDR3,256,32.00,350,,500(1000),16:6:16:16,,,67,TSMC130 nm,222,287,,List_of_Nvidia_graphics_processing_units,2026-07-20T05:59:01Z,2026-07-20T05:59:01Z,,67,2004,2026-07-20 05:59:01
130,GeForce6800 GT AGP,NVIDIA,GeForce 6 (6xxx) series,NV48,"April14, 2004",AGP8x,256,GDDR3,256,32.00,350,,500(1000),16:6:16:16,,,67,TSMC110 nm,222,287,,List_of_Nvidia_graphics_processing_units,2026-07-20T05:59:01Z,2026-07-20T05:59:01Z,,67,2004,2026-07-20 05:59:01
132,GeForce6800 GT DDL,NVIDIA,GeForce 6 (6xxx) series,NV40,"April14, 2004",AGPPro 8x,256,GDDR3,256,32.00,350,,500(1000),16:6:16:16,,,80,TSMC130 nm,222,287,,List_of_Nvidia_graphics_processing_units,2026-07-20T05:59:01Z,2026-07-20T05:59:01Z,,80,2004,2026-07-20 05:59:01
134,GeForce6800 GT Dual,NVIDIA,GeForce 6 (6xxx) series,2xNV45,"June8, 2004",PCIe1.0 x16,2x256,GDDR3,2x256,2x32.00,350,,500(1000),2x16:6:16:16,,,,TSMC130 nm,2x222,2x287,,List_of_Nvidia_graphics_processing_units,2026-07-20T05:59:01Z,2026-07-20T05:59:01Z,,,2004,2026-07-20 05:59:01
127,GeForce6800 GTO,NVIDIA,GeForce 6 (6xxx) series,NV45,"April14, 2004",PCIe1.0 x16,256,GDDR3,256,32.00,350,,500(1000),12:5:12:12,,,,TSMC130 nm,222,287,,List_of_Nvidia_graphics_processing_units,2026-07-20T05:59:01Z,2026-07-20T05:59:01Z,,,2004,2026-07-20 05:59:01
118,GeForce6800 LEAGP,NVIDIA,GeForce 6 (6xxx) series,NV41,"January16, 2005",PCIe1.0 x16,256,DDR,256,19.20,325,,300(600),8:4:8:8,,,,TSMC130 nm,190,225,,List_of_Nvidia_graphics_processing_units,2026-07-20T05:59:01Z,2026-07-20T05:59:01Z,,,2005,2026-07-20 05:59:01
137,GeForce6800 Ultra,NVIDIA,GeForce 6 (6xxx) series,NV45,"July26, 2004",PCIe1.0 x16,256,GDDR3,256,35.20,425,,550(1100),16:6:16:16,,,81,TSMC130 nm,222,287,,List_of_Nvidia_graphics_processing_units,2026-07-20T05:59:01Z,2026-07-20T05:59:01Z,,81,2004,2026-07-20 05:59:01
135,GeForce6800 Ultra AGP,NVIDIA,GeForce 6 (6xxx) series,NV40,"April14, 2004",AGP8x,256,GDDR3,256,35.20,425,,550(1100),16:6:16:16,,,,TSMC130 nm,222,287,,List_of_Nvidia_graphics_processing_units,2026-07-20T05:59:01Z,2026-07-20T05:59:01Z,,,2004,2026-07-20 05:59:01
136,GeForce6800 Ultra DDL,NVIDIA,GeForce 6 (6xxx) series,NV40,"April14, 2004",AGPPro 8x,256,GDDR3,256,35.20,400,,550(1100),16:6:16:16,,,100,TSMC130 nm,222,287,,List_of_Nvidia_graphics_processing_units,2026-07-20T05:59:01Z,2026-07-20T05:59:01Z,,100,2004,2026-07-20 05:59:01
117,GeForce6800 XE,NVIDIA,GeForce 6 (6xxx) series,NV40,"September30, 2005",AGP8x,256,DDR2,128,8.51,275,,266(532),8:3:8:8,,,,TSMC130 nm,222,287,,List_of_Nvidia_graphics_processing_units,2026-07-20T05:59:01Z,2026-07-20T05:59:01Z,,,2005,2026-07-20 05:59:01
120,GeForce6800 XT,NVIDIA,GeForce 6 (6xxx) series,NV41,"September30, 2005",PCIe1.0 x16,256,GDDR3,256,32.00,425,,500(1000),8:4:8:8,,,,TSMC130 nm,190,225,,List_of_Nvidia_graphics_processing_units,2026-07-20T05:59:01Z,2026-07-20T05:59:01Z,,,2005,2026-07-20 05:59:01
138,GeForce7025 + nForce630a,NVIDIA,GeForce 7 (7xxx) series,C68,"February1, 2006",PCI(HyperTransport),Systemsharedup to512,SystemsharedDDR2,Systemshared64or128,Systemsharedup to12.80,,425,Systemsharedup to400(800),2:1:1:1,,,,TSMC90 nm,112,81,,List_of_Nvidia_graphics_processing_units,2026-07-20T05:59:01Z,2026-07-20T05:59:01Z,,,2006,2026-07-20 05:59:01
142,GeForce7050 +nForce 610i,NVIDIA,GeForce 7 (7xxx) series,C73B,"January13, 2008",PCI(HyperTransport),Systemsharedup to512,SystemsharedDDR2,Systemshared64or128,Systemsharedup to12.80,,500,Systemsharedup to400(800),2:1:2:2,,,,TSMC90 nm,112,81,,List_of_Nvidia_graphics_processing_units,2026-07-20T05:59:01Z,2026-07-20T05:59:01Z,,,2008,2026-07-20 05:59:01
143,GeForce7050 +nForce 620i,NVIDIA,GeForce 7 (7xxx) series,C73,"October4, 2007",PCI(HyperTransport),Systemsharedup to512,SystemsharedDDR2,Systemshared64or128,Systemsharedup to12.80,,500(630),Systemsharedup to400(800),2:1:2:2,,,,TSMC90 nm,112,81,,List_of_Nvidia_graphics_processing_units,2026-07-20T05:59:01Z,2026-07-20T05:59:01Z,,,2007,2026-07-20 05:59:01
144,GeForce7050 +nForce 630i,NVIDIA,GeForce 7 (7xxx) series,C73,"October4, 2007",PCI(HyperTransport),Systemsharedup to512,SystemsharedDDR2,Systemshared64or128,Systemsharedup to12.80,,500(630),Systemsharedup to400(800),2:1:2:2,,,,TSMC90 nm,112,81,,List_of_Nvidia_graphics_processing_units,2026-07-20T05:59:02Z,2026-07-20T05:59:02Z,,,2007,2026-07-20 05:59:02
141,GeForce7050 PV +nForce 630a,NVIDIA,GeForce 7 (7xxx) series,C68,"February1, 2006",PCI(HyperTransport),Systemsharedup to512,SystemsharedDDR2,Systemshared64or128,Systemsharedup to12.80,,425,Systemsharedup to400(800),2:1:2:1,,,,TSMC90 nm,112,81,,List_of_Nvidia_graphics_processing_units,2026-07-20T05:59:01Z,2026-07-20T05:59:01Z,,,2006,2026-07-20 05:59:01
140,GeForce7050 SE +nForce 630a,NVIDIA,GeForce 7 (7xxx) series,C68,"February1, 2006",PCI(HyperTransport),Systemsharedup to512,SystemsharedDDR2,Systemshared64or128,Systemsharedup to12.80,,425,Systemsharedup to400(800),2:1:2:1,,,,TSMC90 nm,112,81,,List_of_Nvidia_graphics_processing_units,2026-07-20T05:59:01Z,2026-07-20T05:59:01Z,,,2006,2026-07-20 05:59:01
145,GeForce7100 +nForce 630i,NVIDIA,GeForce 7 (7xxx) series,C73,"October4, 2007",PCI(HyperTransport),Systemsharedup to512,SystemsharedDDR2,Systemshared64or128,Systemsharedup to12.80,,600,Systemsharedup to400(800),4:1:2:2,,,,TSMC90 nm,112,81,,List_of_Nvidia_graphics_processing_units,2026-07-20T05:59:02Z,2026-07-20T05:59:02Z,,,2007,2026-07-20 05:59:02
147,GeForce7100 GS,NVIDIA,GeForce 7 (7xxx) series,NV44B,"August8, 2006",PCIe1.0 x16,128256,DDR2,64,4.26,,350,266(532),4:3:4:2,,,,TSMC110 nm,75,110,,List_of_Nvidia_graphics_processing_units,2026-07-20T05:59:02Z,2026-07-20T05:59:02Z,,,2006,2026-07-20 05:59:02
146,GeForce7150 +nForce 630i,NVIDIA,GeForce 7 (7xxx) series,C73,"November16, 2007",PCI(HyperTransport),Systemsharedup to512,SystemsharedDDR2,Systemshared64or128,Systemsharedup to12.80,,630,Systemsharedup to400(800),2:1:2:2,,,,TSMC90 nm,112,81,,List_of_Nvidia_graphics_processing_units,2026-07-20T05:59:02Z,2026-07-20T05:59:02Z,,,2007,2026-07-20 05:59:02
148,GeForce7200 GS,NVIDIA,GeForce 7 (7xxx) series,G72,"January18, 2006",PCIe1.0 x16,128,DDR2,64,5.34,,450,334(668),2:2:4:2,,,,TSMC90 nm,112,81,,List_of_Nvidia_graphics_processing_units,2026-07-20T05:59:02Z,2026-07-20T05:59:02Z,,,2006,2026-07-20 05:59:02
152,GeForce7300 GS,NVIDIA,GeForce 7 (7xxx) series,G72,"January18, 2006",PCIe1.0 x16,256,DDR2,64,4.26,,450,266(532),4:3:4:2,,,23,TSMC90 nm,112,81,,List_of_Nvidia_graphics_processing_units,2026-07-20T05:59:02Z,2026-07-20T05:59:02Z,,23,2006,2026-07-20 05:59:02
155,GeForce7300 GT,NVIDIA,GeForce 7 (7xxx) series,G73B,"May15, 2006",PCIe1.0 x16,128256,DDR2,128,10.40,,350,325(650),8:4:8:8,,,24,TSMC80 nm,177,100,,List_of_Nvidia_graphics_processing_units,2026-07-20T05:59:02Z,2026-07-20T05:59:02Z,,24,2006,2026-07-20 05:59:02
153,GeForce7300 GTAGP,NVIDIA,GeForce 7 (7xxx) series,G73B,"May15, 2006",AGP8x,512,GDDR3,128,10.40,,350,325(650),8:4:8:8,,,24,TSMC80 nm,177,100,,List_of_Nvidia_graphics_processing_units,2026-07-20T05:59:02Z,2026-07-20T05:59:02Z,,24,2006,2026-07-20 05:59:02
157,GeForce7300 GTMac Edition,NVIDIA,GeForce 7 (7xxx) series,G73,"August26, 2006",PCIe1.0 x16,128,GDDR3,128,16.00,,350,500(1000),8:4:8:8,,,24,TSMC90 nm,177,125,,List_of_Nvidia_graphics_processing_units,2026-07-20T05:59:02Z,2026-07-20T05:59:02Z,,24,2006,2026-07-20 05:59:02
150,GeForce7300 LE,NVIDIA,GeForce 7 (7xxx) series,G72,"March22, 2006",PCIe1.0 x16,128,DDR2,64,5.18,,450,324(648),4:3:4:2,,,,TSMC90 nm,112,81,,List_of_Nvidia_graphics_processing_units,2026-07-20T05:59:02Z,2026-07-20T05:59:02Z,,,2006,2026-07-20 05:59:02
149,GeForce7300 SE,NVIDIA,GeForce 7 (7xxx) series,G72,"March22, 2006",PCIe1.0 x16,256,DDR2,64,4.26,,450,266(532),4:3:4:2,,,,TSMC90 nm,112,81,,List_of_Nvidia_graphics_processing_units,2026-07-20T05:59:02Z,2026-07-20T05:59:02Z,,,2006,2026-07-20 05:59:02
151,GeForce7350 LE,NVIDIA,GeForce 7 (7xxx) series,G72,"March22, 2006",PCIe1.0 x16,128256,DDR2,64,6.40,,450,400(800),4:3:4:2,,,,TSMC90 nm,112,81,,List_of_Nvidia_graphics_processing_units,2026-07-20T05:59:02Z,2026-07-20T05:59:02Z,,,2006,2026-07-20 05:59:02
158,GeForce7500 LE,NVIDIA,GeForce 7 (7xxx) series,G72,"March22, 2006",PCIe1.0 x16,64128256,DDR2,64,6.48,,475,405(810),8:5:8:4,,,,TSMC90 nm,112,81,,List_of_Nvidia_graphics_processing_units,2026-07-20T05:59:02Z,2026-07-20T05:59:02Z,,,2006,2026-07-20 05:59:02
162,GeForce7600 GS,NVIDIA,GeForce 7 (7xxx) series,G73B,"March22, 2006",PCIe1.0 x16,256,DDR2,128,12.80,,400,400(800),12:5:12:8,,,27,TSMC80 nm,177,100,,List_of_Nvidia_graphics_processing_units,2026-07-20T05:59:02Z,2026-07-20T05:59:02Z,,27,2006,2026-07-20 05:59:02
160,GeForce7600 GSAGP,NVIDIA,GeForce 7 (7xxx) series,G71,"July1, 2006",AGP8x,256,GDDR3,128,23.20,,500,725(1450),12:5:12:8,,,27,TSMC90 nm,278,196,,List_of_Nvidia_graphics_processing_units,2026-07-20T05:59:02Z,2026-07-20T05:59:02Z,,27,2006,2026-07-20 05:59:02
165,GeForce7600 GT,NVIDIA,GeForce 7 (7xxx) series,G73B,"March9, 2006",PCIe1.0 x16,256,GDDR3,128,22.40,,560,700(1400),12:5:12:8,,,40,TSMC80 nm,177,100,,List_of_Nvidia_graphics_processing_units,2026-07-20T05:59:02Z,2026-07-20T05:59:02Z,,40,2006,2026-07-20 05:59:02
164,GeForce7600 GTAGP,NVIDIA,GeForce 7 (7xxx) series,G73B,"January8, 2007",AGP8x,256512,GDDR3,128,22.40,,560,700(1400),12:5:12:8,,,40,TSMC80 nm,177,100,,List_of_Nvidia_graphics_processing_units,2026-07-20T05:59:02Z,2026-07-20T05:59:02Z,,40,2007,2026-07-20 05:59:02
166,GeForce7600 GTMac Edition,NVIDIA,GeForce 7 (7xxx) series,G73B,"September2, 2006",PCIe1.0 x16,256,GDDR3,128,22.40,,560,700(1400),12:5:12:8,,,40,TSMC80 nm,177,100,,List_of_Nvidia_graphics_processing_units,2026-07-20T05:59:02Z,2026-07-20T05:59:02Z,,40,2006,2026-07-20 05:59:02
159,GeForce7600 LE,NVIDIA,GeForce 7 (7xxx) series,G73B,"March22, 2006",PCIe1.0 x16,256,DDR2,128,12.80,,400,400(800),8:4:8:8,,,,TSMC80 nm,177,100,,List_of_Nvidia_graphics_processing_units,2026-07-20T05:59:02Z,2026-07-20T05:59:02Z,,,2006,2026-07-20 05:59:02
163,GeForce7650 GS,NVIDIA,GeForce 7 (7xxx) series,G73B,"March22, 2006",PCIe1.0 x16,256,DDR2,128,12.80,,450,400(800),12:5:12:8,,,,TSMC80 nm,177,100,,List_of_Nvidia_graphics_processing_units,2026-07-20T05:59:02Z,2026-07-20T05:59:02Z,,,2006,2026-07-20 05:59:02
170,GeForce7800 GS AGP(20 Pipelines),NVIDIA,GeForce 7 (7xxx) series,G70,"February2, 2006",AGP8x,512,GDDR3,256,40.00,,425,625(1250),20:7:20:16,,,75,TSMC110 nm,302,333,,List_of_Nvidia_graphics_processing_units,2026-07-20T05:59:02Z,2026-07-20T05:59:02Z,,75,2006,2026-07-20 05:59:02
172,GeForce7800 GS AGP(24 Pipelines),NVIDIA,GeForce 7 (7xxx) series,G70,"February2, 2006",AGP8x,512,GDDR3,256,40.00,,425,625(1250),24:8:24:16,,,75,TSMC110 nm,302,333,,List_of_Nvidia_graphics_processing_units,2026-07-20T05:59:02Z,2026-07-20T05:59:02Z,,75,2006,2026-07-20 05:59:02
171,GeForce7800 GS+ AGP(20 Pipelines),NVIDIA,GeForce 7 (7xxx) series,G71,September28 2006,AGP8x,512,GDDR3,256,40.00,,425,625(1250),20:7:20:16,,,75,TSMC90 nm,278,196,,List_of_Nvidia_graphics_processing_units,2026-07-20T05:59:02Z,2026-07-20T05:59:02Z,,75,2006,2026-07-20 05:59:02
173,GeForce7800 GS+ AGP(24 Pipelines),NVIDIA,GeForce 7 (7xxx) series,G71,September28 2006,AGP8x,512,GDDR3,256,40.00,,425,625(1250),24:8:24:16,,,75,TSMC90 nm,278,196,,List_of_Nvidia_graphics_processing_units,2026-07-20T05:59:02Z,2026-07-20T05:59:02Z,,75,2006,2026-07-20 05:59:02
169,GeForce7800 GS+AGP,NVIDIA,GeForce 7 (7xxx) series,G71,September28 2006,AGP8x,256,GDDR3,256,38.40,,375,600(1200),16:6:16:8,,,75,TSMC90 nm,278,196,,List_of_Nvidia_graphics_processing_units,2026-07-20T05:59:02Z,2026-07-20T05:59:02Z,,75,2006,2026-07-20 05:59:02
168,GeForce7800 GSAGP,NVIDIA,GeForce 7 (7xxx) series,G70,"February2, 2006",AGP8x,256,GDDR3,256,38.40,,375,600(1200),16:6:16:8,,,75,TSMC110 nm,302,333,,List_of_Nvidia_graphics_processing_units,2026-07-20T05:59:02Z,2026-07-20T05:59:02Z,,75,2006,2026-07-20 05:59:02
174,GeForce7800 GT,NVIDIA,GeForce 7 (7xxx) series,G70,"August11, 2005",PCIe1.0 x16,256,GDDR3,256,32.00,,400,500(1000),20:7:20:16,,,65,TSMC110 nm,302,333,,List_of_Nvidia_graphics_processing_units,2026-07-20T05:59:02Z,2026-07-20T05:59:02Z,,65,2005,2026-07-20 05:59:02
175,GeForce7800 GT Dual,NVIDIA,GeForce 7 (7xxx) series,2xG70,"August11, 2005",PCIe1.0 x16,2x256,GDDR3,2x256,2x32.00,,400,500(1000),2x20:7:20:16,,,120,TSMC110 nm,2x302,2x333,,List_of_Nvidia_graphics_processing_units,2026-07-20T05:59:02Z,2026-07-20T05:59:02Z,,120,2005,2026-07-20 05:59:02
176,GeForce7800 GTX,NVIDIA,GeForce 7 (7xxx) series,G70,"June22, 2005",PCIe1.0 x16,256,GDDR3,256,38.40,,430,600(1200),24:8:24:16,,,86,TSMC110 nm,302,333,,List_of_Nvidia_graphics_processing_units,2026-07-20T05:59:02Z,2026-07-20T05:59:02Z,,86,2005,2026-07-20 05:59:02
177,GeForce7800 GTX 512,NVIDIA,GeForce 7 (7xxx) series,G70,"November14, 2005",PCIe1.0 x16,512,GDDR3,256,51.20,,500,800(1600),24:8:24:16,,,108,TSMC110 nm,302,333,,List_of_Nvidia_graphics_processing_units,2026-07-20T05:59:02Z,2026-07-20T05:59:02Z,,108,2005,2026-07-20 05:59:02
179,GeForce7900 GS,NVIDIA,GeForce 7 (7xxx) series,G71,"May1, 2006",PCIe1.0 x16,256,GDDR3,256,42.24,,450,660(1320),20:7:20:16,,,49,TSMC90 nm,278,196,,List_of_Nvidia_graphics_processing_units,2026-07-20T05:59:02Z,2026-07-20T05:59:02Z,,49,2006,2026-07-20 05:59:02
178,GeForce7900 GS AGP,NVIDIA,GeForce 7 (7xxx) series,G71,"April2, 2006",AGP8x,256,GDDR3,256,42.24,,450,660(1320),20:7:20:16,,,65,TSMC90 nm,278,196,,List_of_Nvidia_graphics_processing_units,2026-07-20T05:59:02Z,2026-07-20T05:59:02Z,,65,2006,2026-07-20 05:59:02
180,GeForce7900 GT,NVIDIA,GeForce 7 (7xxx) series,G71,"March9, 2006",PCIe1.0 x16,256,GDDR3,256,42.24,,450,660(1320),24:8:24:16,,,48,TSMC90 nm,278,196,,List_of_Nvidia_graphics_processing_units,2026-07-20T05:59:02Z,2026-07-20T05:59:02Z,,48,2006,2026-07-20 05:59:02
181,GeForce7900 GTO,NVIDIA,GeForce 7 (7xxx) series,G71,"October1, 2006",PCIe1.0 x16,512,GDDR3,256,42.24,,650,660(1320),24:8:24:16,,,81,TSMC90 nm,278,196,,List_of_Nvidia_graphics_processing_units,2026-07-20T05:59:02Z,2026-07-20T05:59:02Z,,81,2006,2026-07-20 05:59:02
182,GeForce7900 GTX,NVIDIA,GeForce 7 (7xxx) series,G71,"March9, 2006",PCIe1.0 x16,512,GDDR3,256,51.20,,650,800(1600),24:8:24:16,,,84,TSMC90 nm,278,196,,List_of_Nvidia_graphics_processing_units,2026-07-20T05:59:02Z,2026-07-20T05:59:02Z,,84,2006,2026-07-20 05:59:02
183,GeForce7900 GX2,NVIDIA,GeForce 7 (7xxx) series,2xG71,"April30, 2006",PCIe1.0 x16,2x512,GDDR3,2x256,2x38.40,,500,600(1200),2x24:8:24:16,,,110,TSMC90 nm,2x278,2x196,,List_of_Nvidia_graphics_processing_units,2026-07-20T05:59:02Z,2026-07-20T05:59:02Z,,110,2006,2026-07-20 05:59:02
185,GeForce7950 GT,NVIDIA,GeForce 7 (7xxx) series,G71,"August6, 2006",PCIe1.0 x16,512,GDDR3,256,44.80,,550,700(1400),24:8:24:16,,,65,TSMC90 nm,278,196,,List_of_Nvidia_graphics_processing_units,2026-07-20T05:59:02Z,2026-07-20T05:59:02Z,,65,2006,2026-07-20 05:59:02
184,GeForce7950 GT AGP,NVIDIA,GeForce 7 (7xxx) series,G71,"April2, 2007",AGP8x,512,GDDR3,256,38.40,,500,600(1200),24:8:24:16,,,65,TSMC90 nm,278,196,,List_of_Nvidia_graphics_processing_units,2026-07-20T05:59:02Z,2026-07-20T05:59:02Z,,65,2007,2026-07-20 05:59:02
186,GeForce7950 GX2,NVIDIA,GeForce 7 (7xxx) series,2xG71,"June5, 2006",PCIe1.0 x16,2x512,GDDR3,2x256,2x38.40,,500,600(1200),2x24:8:24:16,,,110,TSMC90 nm,2x278,2x196,,List_of_Nvidia_graphics_processing_units,2026-07-20T05:59:02Z,2026-07-20T05:59:02Z,,110,2006,2026-07-20 05:59:02
187,GeForce8100 +nForce 720a,NVIDIA,GeForce 8 (8xxx) series,C78,"May6, 2008",PCI(HyperTransport),Systemsharedup to512,SystemsharedDDR2orDDR3,Systemshared64or128,Systemsharedup to12.80or17.06,500,,Systemsharedup to400(800)or533(1066),16:8:4:2,,,40,TSMC80 nm,210,127,,List_of_Nvidia_graphics_processing_units,2026-07-20T05:59:02Z,2026-07-20T05:59:02Z,,40,2008,2026-07-20 05:59:02
188,GeForce8200,NVIDIA,GeForce 8 (8xxx) series,C78,"May6, 2008",PCI(HyperTransport),Systemsharedup to512,SystemsharedDDR2orDDR3,Systemshared64or128,Systemsharedup to12.80or17.06,500,,Systemsharedup to400(800)or533(1066),16:8:4:2,,,40,TSMC80 nm,210,127,,List_of_Nvidia_graphics_processing_units,2026-07-20T05:59:02Z,2026-07-20T05:59:02Z,,40,2008,2026-07-20 05:59:02
189,GeForce8300,NVIDIA,GeForce 8 (8xxx) series,C78,"May6, 2008",PCI(HyperTransport),Systemsharedup to512,SystemsharedDDR2orDDR3,Systemshared64or128,Systemsharedup to12.80or17.06,500,,Systemsharedup to400(800)or533(1066),16:8:4:2,,,40,TSMC80 nm,210,127,,List_of_Nvidia_graphics_processing_units,2026-07-20T05:59:02Z,2026-07-20T05:59:02Z,,40,2008,2026-07-20 05:59:02
190,GeForce8300 GS,NVIDIA,GeForce 8 (8xxx) series,G86S,"April17, 2007",PCIe1.0 x16,128,DDR2,64,6.40,459,,400(800),8:8:4:1,,,40,TSMC80 nm,210,127,,List_of_Nvidia_graphics_processing_units,2026-07-20T05:59:03Z,2026-07-20T05:59:03Z,,40,2007,2026-07-20 05:59:03
191,GeForce8400,NVIDIA,GeForce 8 (8xxx) series,G98S,"December4, 2007",PCIe2.0 x16,256,DDR2,64,8.00,540,,500(1000),8:4:4:1,,,25,UMC65 nm,210,86,,List_of_Nvidia_graphics_processing_units,2026-07-20T05:59:03Z,2026-07-20T05:59:03Z,,25,2007,2026-07-20 05:59:03
195,GeForce8400 GS,NVIDIA,GeForce 8 (8xxx) series,G86-213-A2,"April17, 2007",PCIe1.0 x16,256512,DDR2,64,6.40,459,,400(800),16:8:4:2,,,40,TSMC40 nm,210,127,,List_of_Nvidia_graphics_processing_units,2026-07-20T05:59:03Z,2026-07-20T05:59:03Z,,40,2007,2026-07-20 05:59:03
192,GeForce8400 GS PCI,NVIDIA,GeForce 8 (8xxx) series,G98S,"December4, 2007",PCI,512,DDR2,64,5.33,567,,333(666),8:4:4:1,,,25,UMC65 nm,210,86,,List_of_Nvidia_graphics_processing_units,2026-07-20T05:59:03Z,2026-07-20T05:59:03Z,,25,2007,2026-07-20 05:59:03
193,GeForce8400 GSPCI Rev.2,NVIDIA,GeForce 8 (8xxx) series,GT218S,"April17, 2007",PCI,512,DDR3,64,8.00,520,,500(1000),16:8:4:2,,,40,TSMC40 nm,260,57,,List_of_Nvidia_graphics_processing_units,2026-07-20T05:59:03Z,2026-07-20T05:59:03Z,,40,2007,2026-07-20 05:59:03
196,GeForce8400 GSRev. 2,NVIDIA,GeForce 8 (8xxx) series,G98-409-U2,"December4, 2007",PCIe2.0 x16,512,DDR2,64,6.40,567,,400(800),8:8:4:1,,,25,UMC65 nm,210,86,,List_of_Nvidia_graphics_processing_units,2026-07-20T05:59:03Z,2026-07-20T05:59:03Z,,25,2007,2026-07-20 05:59:03
197,GeForce8400 GSRev. 3,NVIDIA,GeForce 8 (8xxx) series,GT218S,"July12, 2010",PCIe2.0 x16,512,DDR2,64,6.40,520,,400(800),16:8:4:2,,,25,TSMC40 nm,260,57,,List_of_Nvidia_graphics_processing_units,2026-07-20T05:59:03Z,2026-07-20T05:59:03Z,,25,2010,2026-07-20 05:59:03
194,GeForce8400 SE,NVIDIA,GeForce 8 (8xxx) series,G86S,"August1, 2008",PCIe1.0 x16,128256512,DDR2,64,6.40,459,,400(800),16:8:4:2,,,50,TSMC80 nm,210,127,,List_of_Nvidia_graphics_processing_units,2026-07-20T05:59:03Z,2026-07-20T05:59:03Z,,50,2008,2026-07-20 05:59:03
198,GeForce8500 GT,NVIDIA,GeForce 8 (8xxx) series,G86-300-A2,"April17, 2007",PCIe1.0 x16,2565121024,GDDR3,128,12.80,459,,400(800),16:8:4:2,,,30,TSMC80 nm,210,127,,List_of_Nvidia_graphics_processing_units,2026-07-20T05:59:03Z,2026-07-20T05:59:03Z,,30,2007,2026-07-20 05:59:03
199,GeForce8600 GS,NVIDIA,GeForce 8 (8xxx) series,G84,"April17, 2007",PCIe1.0 x16,512,DDR2,128,12.80,540,,400(800),16:8:8:2,,,47,TSMC80 nm,289,169,,List_of_Nvidia_graphics_processing_units,2026-07-20T05:59:03Z,2026-07-20T05:59:03Z,,47,2007,2026-07-20 05:59:03
200,GeForce8600 GT,NVIDIA,GeForce 8 (8xxx) series,G84-303-A2,"April17, 2007",PCIe1.0 x16,5121024,GDDR3,128,22.40,540,,700(1400),32:16:8:4,,,47,TSMC80 nm,289,169,,List_of_Nvidia_graphics_processing_units,2026-07-20T05:59:03Z,2026-07-20T05:59:03Z,,47,2007,2026-07-20 05:59:03
201,GeForce8600 GTMac Edition,NVIDIA,GeForce 8 (8xxx) series,G84-303-A2,"April17, 2007",PCIe1.0 x16,128,GDDR3,128,24.00,600,,750(1500),32:16:8:4,,,47,TSMC80 nm,289,169,,List_of_Nvidia_graphics_processing_units,2026-07-20T05:59:03Z,2026-07-20T05:59:03Z,,47,2007,2026-07-20 05:59:03
202,GeForce8600 GTS,NVIDIA,GeForce 8 (8xxx) series,G84-400-A2,"April17, 2007",PCIe1.0 x16,256512,GDDR3,128,32.00,675,,1000(2000),32:16:8:4,,,60,TSMC80 nm,289,169,,List_of_Nvidia_graphics_processing_units,2026-07-20T05:59:03Z,2026-07-20T05:59:03Z,,60,2007,2026-07-20 05:59:03
203,GeForce8600 GTSMac Edition,NVIDIA,GeForce 8 (8xxx) series,G84-400-A2,"September21, 2007",PCIe1.0 x16,512,GDDR3,128,32.26,675,,1008(2016),32:16:8:4,,,75,TSMC80 nm,289,169,,List_of_Nvidia_graphics_processing_units,2026-07-20T05:59:03Z,2026-07-20T05:59:03Z,,75,2007,2026-07-20 05:59:03
204,GeForce8800 GS,NVIDIA,GeForce 8 (8xxx) series,G92-150-A2,"January31, 2008",PCIe2.0 x16,384768,GDDR3,192,38.40,550,,800(1600),96:48:12:12,,,105,TSMC65 nm,754,324,,List_of_Nvidia_graphics_processing_units,2026-07-20T05:59:03Z,2026-07-20T05:59:03Z,,105,2008,2026-07-20 05:59:03
205,GeForce8800 GT,NVIDIA,GeForce 8 (8xxx) series,G92-270-A2,"October29, 2007",PCIe2.0 x16,512,GDDR3,256,57.60,600,,900(1800),112:56:16:14,,,125,TSMC65 nm,754,324,,List_of_Nvidia_graphics_processing_units,2026-07-20T05:59:03Z,2026-07-20T05:59:03Z,,125,2007,2026-07-20 05:59:03
206,GeForce8800 GTMac Edition,NVIDIA,GeForce 8 (8xxx) series,G92-270-A2,"February1, 2008",PCIe2.0 x16,512,GDDR3,256,57.60,600,,900(1800),112:56:16:14,,,125,TSMC65 nm,754,324,,List_of_Nvidia_graphics_processing_units,2026-07-20T05:59:03Z,2026-07-20T05:59:03Z,,125,2008,2026-07-20 05:59:03
207,GeForce8800 GTS320,NVIDIA,GeForce 8 (8xxx) series,G80-100-K0-A2,"February12, 2007",PCIe1.0 x16,320,GDDR3,320,63.36,513,,792(1584),96:24:20:12,,,143,TSMC90 nm,681,484,,List_of_Nvidia_graphics_processing_units,2026-07-20T05:59:03Z,2026-07-20T05:59:03Z,,143,2007,2026-07-20 05:59:03
210,GeForce8800 GTS512,NVIDIA,GeForce 8 (8xxx) series,G92-400-A2,"December11, 2007",PCIe2.0 x16,512,GDDR3,256,52.48,650,,820(1600),128:64:16:16,,,135,TSMC65 nm,754,324,,List_of_Nvidia_graphics_processing_units,2026-07-20T05:59:03Z,2026-07-20T05:59:03Z,,135,2007,2026-07-20 05:59:03
208,GeForce8800 GTS640,NVIDIA,GeForce 8 (8xxx) series,G80-100-K0-A2,"November8, 2006",PCIe1.0 x16,640,GDDR3,320,63.36,513,,792(1584),96:24:20:12,,,143,TSMC90 nm,681,484,,List_of_Nvidia_graphics_processing_units,2026-07-20T05:59:03Z,2026-07-20T05:59:03Z,,143,2006,2026-07-20 05:59:03
209,GeForce8800 GTSCore 112,NVIDIA,GeForce 8 (8xxx) series,G80-100-K0-A2,"November19, 2007",PCIe1.0 x16,640,GDDR3,320,64.00,500,,800(1600),112:28:20:14,,,150,TSMC90 nm,681,484,,List_of_Nvidia_graphics_processing_units,2026-07-20T05:59:03Z,2026-07-20T05:59:03Z,,150,2007,2026-07-20 05:59:03
211,GeForce8800 GTX,NVIDIA,GeForce 8 (8xxx) series,G80-300-A2,"November8, 2006",PCIe1.0 x16,768,GDDR3,384,86.40,576,,900(1800),128:32:24:16,,,155,TSMC90 nm,681,484,,List_of_Nvidia_graphics_processing_units,2026-07-20T05:59:03Z,2026-07-20T05:59:03Z,,155,2006,2026-07-20 05:59:03
212,GeForce8800 Ultra,NVIDIA,GeForce 8 (8xxx) series,G80-450-A3,"May2, 2007",PCIe1.0 x16,768,GDDR3,384,103.70,612,,1080(2160),128:32:24:16,,,171,TSMC90 nm,681,484,,List_of_Nvidia_graphics_processing_units,2026-07-20T05:59:03Z,2026-07-20T05:59:03Z,,171,2007,2026-07-20 05:59:03
213,GeForce9100,NVIDIA,GeForce 9 (9xxx) series,C78,"May6, 2008",PCI,Systemsharedup to1536,SystemsharedDDR2orDDR3,Systemshared64or128,Systemsharedup to12.80or17.06,500,,Systemsharedup to400(800)or533(1066),16:8:4:2,,,,TSMC80 nm,210,127,,List_of_Nvidia_graphics_processing_units,2026-07-20T05:59:03Z,2026-07-20T05:59:03Z,,,2008,2026-07-20 05:59:03
214,GeForce9200,NVIDIA,GeForce 9 (9xxx) series,C78,"May6, 2008",PCI,Systemsharedup to1536,SystemsharedDDR2orDDR3,Systemshared64or128,Systemsharedup to12.80or17.06,500,,Systemsharedup to400(800)or533(1066),16:8:4:2,,,,TSMC80 nm,210,127,,List_of_Nvidia_graphics_processing_units,2026-07-20T05:59:03Z,2026-07-20T05:59:03Z,,,2008,2026-07-20 05:59:03
215,GeForce9200(C79 Core),NVIDIA,GeForce 9 (9xxx) series,C79,"June18, 2008",PCI,Systemsharedup to1536,SystemsharedDDR2orDDR3,Systemshared64or128,Systemsharedup to12.80or17.06,450,,Systemsharedup to400(800)or533(1066),16:8:4:2,,,,TSMC65 nm,314,144,,List_of_Nvidia_graphics_processing_units,2026-07-20T05:59:03Z,2026-07-20T05:59:03Z,,,2008,2026-07-20 05:59:03
216,GeForce9300 +nForce 730i,NVIDIA,GeForce 9 (9xxx) series,C79,"June18, 2008",PCI,Systemsharedup to1536,SystemsharedDDR2orDDR3,Systemshared64or128,Systemsharedup to12.80or17.06,450,,Systemsharedup to400(800)or533(1066),16:8:4:2,,,,TSMC65 nm,314,144,,List_of_Nvidia_graphics_processing_units,2026-07-20T05:59:03Z,2026-07-20T05:59:03Z,,,2008,2026-07-20 05:59:03
220,GeForce9300 GE,NVIDIA,GeForce 9 (9xxx) series,G98,"June1, 2008",PCIe2.0 x16,256,DDR2,64,6.40,540,,400(800),8:4:4:1,,,50,TSMC55 nm,210,80,,List_of_Nvidia_graphics_processing_units,2026-07-20T05:59:03Z,2026-07-20T05:59:03Z,,50,2008,2026-07-20 05:59:03
221,GeForce9300 GS,NVIDIA,GeForce 9 (9xxx) series,G98S,"June1, 2008",PCIe2.0 x16,512,DDR2,64,5.33,567,,333(666),8:4:4:1,,,35,TSMC65 nm,210,86,,List_of_Nvidia_graphics_processing_units,2026-07-20T05:59:03Z,2026-07-20T05:59:03Z,,35,2008,2026-07-20 05:59:03
222,GeForce9300 GSRev. 2,NVIDIA,GeForce 9 (9xxx) series,GT218-670-B1,"March12, 2011",PCIe2.0 x16,256,DDR2,64,5.33,589,,333(666),16:8:4:2,,,,TSMC40 nm,260,57,,List_of_Nvidia_graphics_processing_units,2026-07-20T05:59:03Z,2026-07-20T05:59:03Z,,,2011,2026-07-20 05:59:03
219,GeForce9300 SE,NVIDIA,GeForce 9 (9xxx) series,G98S,"June1, 2008",PCIe2.0 x16,256,DDR2,64,6.40,540,,400(800),8:4:4:1,,,25,TSMC65 nm,210,86,,List_of_Nvidia_graphics_processing_units,2026-07-20T05:59:03Z,2026-07-20T05:59:03Z,,25,2008,2026-07-20 05:59:03
217,GeForce9400,NVIDIA,GeForce 9 (9xxx) series,C79,"June18, 2008",PCI,Systemsharedup to1536,SystemsharedDDR2orDDR3,Systemshared64or128,Systemsharedup to12.80or17.06,450,,Systemsharedup to400(800)or533(1066),16:8:4:2,,,,TSMC65 nm,314,144,,List_of_Nvidia_graphics_processing_units,2026-07-20T05:59:03Z,2026-07-20T05:59:03Z,,,2008,2026-07-20 05:59:03
225,GeForce9400 GT,NVIDIA,GeForce 9 (9xxx) series,G96-200-C1,"August27, 2008",PCIe2.0 x16,512,DDR2,128,12.80,550,,400(800),16:8:4:2,,,50,TSMC55 nm,314,121,,List_of_Nvidia_graphics_processing_units,2026-07-20T05:59:03Z,2026-07-20T05:59:03Z,,50,2008,2026-07-20 05:59:03
223,GeForce9400 GT(G86 Core),NVIDIA,GeForce 9 (9xxx) series,G86S,August1 2008,PCIe2.0 x16,128256512,DDR2,64,9.60,459,,600(1200),16:8:4:2,,,50,TSMC80 nm,210,127,,List_of_Nvidia_graphics_processing_units,2026-07-20T05:59:03Z,2026-07-20T05:59:03Z,,50,2008,2026-07-20 05:59:03
224,GeForce9400 GTPCI,NVIDIA,GeForce 9 (9xxx) series,G96-200-C1,"August27, 2008",PCI,256,DDR2,128,12.80,550,,400(800),16:8:4:2,,,50,TSMC55 nm,314,121,,List_of_Nvidia_graphics_processing_units,2026-07-20T05:59:03Z,2026-07-20T05:59:03Z,,50,2008,2026-07-20 05:59:03
226,GeForce9400 GTRev. 2,NVIDIA,GeForce 9 (9xxx) series,G96-200-C1,"August27, 2008",PCIe2.0 x16,5121024,GDDR3,128,12.80,550,,400(800),16:8:4:2,,,50,TSMC55 nm,314,121,,List_of_Nvidia_graphics_processing_units,2026-07-20T05:59:03Z,2026-07-20T05:59:03Z,,50,2008,2026-07-20 05:59:03
227,GeForce9400 GTRev. 3,NVIDIA,GeForce 9 (9xxx) series,GT218-670-B1,"June13, 2012",PCIe2.0 x16,128,DDR2,64,9.60,589,,600(1200),16:8:4:2,,,50,TSMC40 nm,260,57,,List_of_Nvidia_graphics_processing_units,2026-07-20T05:59:03Z,2026-07-20T05:59:03Z,,50,2012,2026-07-20 05:59:03
218,GeForce9400(C7A Core),NVIDIA,GeForce 9 (9xxx) series,C7A,"October15, 2008",PCI,Systemsharedup to1536,SystemsharedDDR2orDDR3,Systemshared64or128,Systemsharedup to12.80or17.06,580,,Systemsharedup to400(800)or533(1066),16:8:4:2,,,,TSMC80 nm,210,127,,List_of_Nvidia_graphics_processing_units,2026-07-20T05:59:03Z,2026-07-20T05:59:03Z,,,2008,2026-07-20 05:59:03
228,GeForce9500 GS,NVIDIA,GeForce 9 (9xxx) series,G96-259-A1,"July29, 2008",PCIe2.0 x16,512,DDR2,128,16.13,550,,504(1008),32:16:8:4,,,40,UMC65 nm,314,144,,List_of_Nvidia_graphics_processing_units,2026-07-20T05:59:03Z,2026-07-20T05:59:03Z,,40,2008,2026-07-20 05:59:03
229,GeForce9500 GSRev. 2,NVIDIA,GeForce 9 (9xxx) series,G96C,"July29, 2008",PCIe2.0 x16,512,DDR2,128,16.00,500,,500(1000),32:16:8:4,,,40,TSMC55 nm,314,121,,List_of_Nvidia_graphics_processing_units,2026-07-20T05:59:03Z,2026-07-20T05:59:03Z,,40,2008,2026-07-20 05:59:03
230,GeForce9500 GT,NVIDIA,GeForce 9 (9xxx) series,G96-300-C1,"July29, 2008",PCIe2.0 x16,512,GDDR3,128,32.00,600,,1000(2000),32:16:8:4,,,50,UMC65 nm,314,144,,List_of_Nvidia_graphics_processing_units,2026-07-20T05:59:03Z,2026-07-20T05:59:03Z,,50,2008,2026-07-20 05:59:03
233,GeForce9500 GTMac Edition,NVIDIA,GeForce 9 (9xxx) series,G96C,"May19, 2010",PCIe2.0 x16,512,GDDR3,128,25.60,550,,800(1600),32:16:8:4,,,50,TSMC55 nm,314,121,,List_of_Nvidia_graphics_processing_units,2026-07-20T05:59:03Z,2026-07-20T05:59:03Z,,50,2010,2026-07-20 05:59:03
231,GeForce9500 GTRev. 2,NVIDIA,GeForce 9 (9xxx) series,G96-309-B1,"July29, 2008",PCIe2.0 x16,512,GDDR3,128,28.80,600,,900(1800),32:16:8:4,,,50,UMC55 nm,314,121,,List_of_Nvidia_graphics_processing_units,2026-07-20T05:59:03Z,2026-07-20T05:59:03Z,,50,2008,2026-07-20 05:59:03
232,GeForce9500 GTRev. 3,NVIDIA,GeForce 9 (9xxx) series,G96-300-C1,"July29, 2008",PCIe2.0 x16,512,GDDR3,128,25.60,550,,800(1600),32:16:8:4,,,50,TSMC55 nm,314,121,,List_of_Nvidia_graphics_processing_units,2026-07-20T05:59:03Z,2026-07-20T05:59:03Z,,50,2008,2026-07-20 05:59:03
234,GeForce9600 GS,NVIDIA,GeForce 9 (9xxx) series,G94-300-A1,"July29, 2008",PCIe2.0 x16,768,DDR2,192,48.00,500,,1000(2000),48:24:12:6,,,,TSMC65 nm,505,240,,List_of_Nvidia_graphics_processing_units,2026-07-20T05:59:03Z,2026-07-20T05:59:03Z,,,2008,2026-07-20 05:59:03
235,GeForce9600 GSO,NVIDIA,GeForce 9 (9xxx) series,G92-150-A2,"April28, 2008",PCIe2.0 x16,3847681536,GDDR3,192,38.40,550,,800(1600),96:48:12:12,,,84,TSMC65 nm,754,324,,List_of_Nvidia_graphics_processing_units,2026-07-20T05:59:03Z,2026-07-20T05:59:03Z,,84,2008,2026-07-20 05:59:03
236,GeForce9600 GSO512,NVIDIA,GeForce 9 (9xxx) series,G94-300-A1G94B,"October23, 2008",PCIe2.0 x16,512,GDDR3,256,57.60,650,,900(1800),48:24:16:6,,,90,TSMC65 nm55 nm,505,240196,,List_of_Nvidia_graphics_processing_units,2026-07-20T05:59:03Z,2026-07-20T05:59:03Z,,90,2008,2026-07-20 05:59:03
238,GeForce9600 GT,NVIDIA,GeForce 9 (9xxx) series,G94-300-A1,"February21, 2008",PCIe2.0 x16,5121024,GDDR3,256,57.60,650,,900(1800),64:32:16:8,,,95,TSMC65 nm,505,240,,List_of_Nvidia_graphics_processing_units,2026-07-20T05:59:03Z,2026-07-20T05:59:03Z,,95,2008,2026-07-20 05:59:03
237,GeForce9600 GTGreenEdition,NVIDIA,GeForce 9 (9xxx) series,G94-300-A1G94B,"February21, 2008",PCIe2.0 x16,5121024,GDDR3,256,44.80,600,,700(1400),64:32:16:8,,,59,TSMC65 nm55 nm,505,240196,,List_of_Nvidia_graphics_processing_units,2026-07-20T05:59:03Z,2026-07-20T05:59:03Z,,59,2008,2026-07-20 05:59:03
240,GeForce9600 GTMac Edition,NVIDIA,GeForce 9 (9xxx) series,G94-300-A1,"December22, 2008",PCIe2.0 x16,1024,DDR2,256,17.02,600,,266(532),64:32:16:8,,,95,TSMC65 nm,505,240,,List_of_Nvidia_graphics_processing_units,2026-07-20T05:59:04Z,2026-07-20T05:59:04Z,,95,2008,2026-07-20 05:59:04
239,GeForce9600 GTRev. 2,NVIDIA,GeForce 9 (9xxx) series,G94-358-B1,"February21, 2008",PCIe2.0 x16,5121024,GDDR3,256,57.60,650,,900(1800),64:32:16:8,,,95,TSMC55 nm,505,196,,List_of_Nvidia_graphics_processing_units,2026-07-20T05:59:03Z,2026-07-20T05:59:03Z,,95,2008,2026-07-20 05:59:03
241,GeForce9600 GTX,NVIDIA,GeForce 9 (9xxx) series,G92,"May27, 2009",PCIe2.0 x16,512,GDDR3,256,44.80,580,,700(1400),96:48:16:12,,,140,TSMC65 nm,754,324,,List_of_Nvidia_graphics_processing_units,2026-07-20T05:59:04Z,2026-07-20T05:59:04Z,,140,2009,2026-07-20 05:59:04
242,GeForce9800 GT,NVIDIA,GeForce 9 (9xxx) series,G92-270-A2G92-280-B1,"July21, 2008",PCIe2.0 x16,5121024,GDDR3,256,57.0,600,,900(1800),112:56:16:14,,,125,TSMC65 nm55 nm,754,324260,,List_of_Nvidia_graphics_processing_units,2026-07-20T05:59:04Z,2026-07-20T05:59:04Z,,125,2008,2026-07-20 05:59:04
243,GeForce9800 GTRebrand,NVIDIA,GeForce 9 (9xxx) series,G92-270-A2,"July21, 2008",PCIe2.0 x16,512,GDDR3,256,64.00,725,,1000(2000),128:64:16:16,,,125,TSMC65 nm,754,324,,List_of_Nvidia_graphics_processing_units,2026-07-20T05:59:04Z,2026-07-20T05:59:04Z,,125,2008,2026-07-20 05:59:04
244,GeForce9800 GTX,NVIDIA,GeForce 9 (9xxx) series,G92-420-A2,"March28, 2008",PCIe2.0 x16,512,GDDR3,256,70.40,675,,1100(2200),128:64:16:16,,,140,TSMC65 nm,754,324,,List_of_Nvidia_graphics_processing_units,2026-07-20T05:59:04Z,2026-07-20T05:59:04Z,,140,2008,2026-07-20 05:59:04
245,GeForce9800 GTX+,NVIDIA,GeForce 9 (9xxx) series,G92-420-B1,"July 16,2008",PCIe2.0 x16,512,GDDR3,256,70.40,738,,1100(2200),128:64:16:16,,,141,TSMC55 nm,754,260,,List_of_Nvidia_graphics_processing_units,2026-07-20T05:59:04Z,2026-07-20T05:59:04Z,,141,2008,2026-07-20 05:59:04
246,GeForce9800 GX2,NVIDIA,GeForce 9 (9xxx) series,2×G92-450-A2,"March18, 2008",PCIe2.0 x16,2×512,GDDR3,2×256,2×64.00,600,,1000(2000),2×128:64:16:16,,,197,TSMC/UMC65 nm,2×754,2×324,,List_of_Nvidia_graphics_processing_units,2026-07-20T05:59:04Z,2026-07-20T05:59:04Z,,197,2008,2026-07-20 05:59:04
259,GeForceG210 OEM,NVIDIA,GeForce 200 series,G96C,"May26, 2009",PCIe1.0 x16,512,,64,8.1,550,,504(1.0),16:8:4:2,,,30.5,TSMC55 nm,314,121,,List_of_Nvidia_graphics_processing_units,2026-07-20T05:59:04Z,2026-07-20T05:59:04Z,,30,2009,2026-07-20 05:59:04
260,GeForceG210 OEMRev. 2,NVIDIA,GeForce 200 series,GT218-200-B1,"August24, 2009",PCIe2.0 x16,1024,,64,6.4,589,,400(0.8),16:8:4:2,,,30.5,TSMC40 nm,260,57,,List_of_Nvidia_graphics_processing_units,2026-07-20T05:59:04Z,2026-07-20T05:59:04Z,,30,2009,2026-07-20 05:59:04
721,GeForceRTX 3050 Ti Mobile/Laptop,NVIDIA,GeForce RTX 30 series,GA107,"May 11, 2021",PCIe 4.0 x8,,GDDR6,128,192,735–1462,1035–1695,12,2560:80: 48:80:20(20) (3),,,35–80,Samsung 8N,8.7,200,,List_of_Nvidia_graphics_processing_units,2026-07-20T05:59:13Z,2026-07-20T05:59:13Z,,35,2021,2026-07-20 05:59:13
723,GeForceRTX 3070 Mobile/Laptop,NVIDIA,GeForce RTX 30 series,GA104-770-A1,"January 12, 2021",PCIe 4.0 x16,,GDDR6,256,384448,780–1215,1290–1720,1214,5120:160: 80:160:40(40) (6),,,80–125,Samsung 8N,17.4,392,,List_of_Nvidia_graphics_processing_units,2026-07-20T05:59:13Z,2026-07-20T05:59:13Z,,80,2021,2026-07-20 05:59:13
701,Geforce GTX 1630,NVIDIA,GeForce 16 series,TU117,"Jun 28, 2022",PCIe 3.0 x16,,GDDR6,64,96,1740,1785,,512:32:16,,,75,TSMC 12FFN,4.7,200,,List_of_Nvidia_graphics_processing_units,2026-07-20T05:59:13Z,2026-07-20T05:59:13Z,,75,2022,2026-07-20 05:59:13
1060,H100 GPU accelerator (PCIe card),NVIDIA,Tesla,,"March 22, 2022",,80,HBM2E,5120,2039,—N/a,1755 CUDA 1620 TC,,14592:456 :24:456:0 (114),,,350,756.4,,,,List_of_Nvidia_graphics_processing_units,2026-07-20T05:59:24Z,2026-07-20T05:59:24Z,,350,2022,2026-07-20 05:59:24
1061,H100 GPU accelerator (SXM card),NVIDIA,Tesla,,"March 22, 2022",,64 or 80 or 96,HBM3,5120,3352,—N/a,1980 CUDA 1830 TC,,16896:528 :24:528:0 (132),,,700,989.4,,,,List_of_Nvidia_graphics_processing_units,2026-07-20T05:59:24Z,2026-07-20T05:59:24Z,,700,2022,2026-07-20 05:59:24
1062,H200 GPU accelerator (PCIe card),NVIDIA,Tesla,,"November 18, 2024",,141,HBM3E,5120,3360,—N/a,1785,,16896:528 :24:528:0 (132),,,600,835,,,,List_of_Nvidia_graphics_processing_units,2026-07-20T05:59:24Z,2026-07-20T05:59:24Z,,600,2024,2026-07-20 05:59:24
1063,H200 GPU accelerator (SXM card),NVIDIA,Tesla,,"November 18, 2024",,141,HBM3E,5120,3360,—N/a,1980,,16896:528 :24:528:0 (132),,,700,989,,,,List_of_Nvidia_graphics_processing_units,2026-07-20T05:59:24Z,2026-07-20T05:59:24Z,,700,2024,2026-07-20 05:59:24
1064,H800 GPU accelerator (SXM card),NVIDIA,Tesla,,"March 21, 2023",,80,HBM3,5120,3360,—N/a,1755,,16896:528 :24:528:0 (132),,,700,—N/a,,,,List_of_Nvidia_graphics_processing_units,2026-07-20T05:59:24Z,2026-07-20T05:59:24Z,,700,2023,2026-07-20 05:59:24
1034,K10 GPU accelerator,NVIDIA,Tesla,,"May 1, 2012",,2× 4,GDDR5,2× 256,2× 160,—N/a,,,2× 1536:138 :32:0:0 (8),,,225,No,,,,List_of_Nvidia_graphics_processing_units,2026-07-20T05:59:23Z,2026-07-20T05:59:23Z,,225,2012,2026-07-20 05:59:23
1035,K20 GPU accelerator,NVIDIA,Tesla,,"November 12, 2012",,5,GDDR5,320,208,—N/a,758,,2496:208 :40:0:0 (13),,,225,No,,,,List_of_Nvidia_graphics_processing_units,2026-07-20T05:59:23Z,2026-07-20T05:59:23Z,,225,2012,2026-07-20 05:59:23
1036,K20X GPU accelerator,NVIDIA,Tesla,,"November 12, 2012",,6,GDDR5,384,250,—N/a,,,2688:224 :48:0:0 (14),,,235,No,,,,List_of_Nvidia_graphics_processing_units,2026-07-20T05:59:23Z,2026-07-20T05:59:23Z,,235,2012,2026-07-20 05:59:23
1037,K40 GPU accelerator,NVIDIA,Tesla,,"October 8, 2013",,12,GDDR5,384,288,—N/a,875,,2880:240 :48:0:0 (15),,,235,No,,,,List_of_Nvidia_graphics_processing_units,2026-07-20T05:59:23Z,2026-07-20T05:59:23Z,,235,2013,2026-07-20 05:59:23
1038,K80 GPU accelerator,NVIDIA,Tesla,,"November 17, 2014",,2× 12,GDDR5,2× 384,2× 240,—N/a,875,,2× 2496:208 :48:0:0 (13),,,300,No,,,,List_of_Nvidia_graphics_processing_units,2026-07-20T05:59:23Z,2026-07-20T05:59:23Z,,300,2014,2026-07-20 05:59:23
1066,L4 GPU accelerator,NVIDIA,Tesla,,"March 21, 2023",,24,GDDR6,192,300,—N/a,2040,,7424:240 :80:240:0 (60),,,72,121.0,,,,List_of_Nvidia_graphics_processing_units,2026-07-20T05:59:24Z,2026-07-20T05:59:24Z,,72,2023,2026-07-20 05:59:24
1065,L40 GPU accelerator,NVIDIA,Tesla,,"October 13, 2022",,48,GDDR6,384,864,—N/a,2490,,18176:568 :192:568:142 (142),,,300,362.1,,,,List_of_Nvidia_graphics_processing_units,2026-07-20T05:59:24Z,2026-07-20T05:59:24Z,,300,2022,2026-07-20 05:59:24
1041,M10 GPU accelerator,NVIDIA,Tesla,,"May 18, 2016",,4× 8,GDDR5,4× 128,4× 83,—N/a,,,4× 640:40 :16:0:0 (5),,,225,No,,,,List_of_Nvidia_graphics_processing_units,2026-07-20T05:59:23Z,2026-07-20T05:59:23Z,,225,2016,2026-07-20 05:59:23
1027,M2050 GPU Computing Module,NVIDIA,Tesla,,"July 25, 2011",,3,GDDR5,384,148.4,575,—N/a,,448:56 :48:0:0 (14),,,225,No,,,,List_of_Nvidia_graphics_processing_units,2026-07-20T05:59:23Z,2026-07-20T05:59:23Z,,225,2011,2026-07-20 05:59:23
1030,M2070/M2070Q GPU Computing Module,NVIDIA,Tesla,,"July 25, 2011",,6,GDDR5,384,150.3,575,—N/a,,448:56 :48:0:0 (14),,,225,No,,,,List_of_Nvidia_graphics_processing_units,2026-07-20T05:59:23Z,2026-07-20T05:59:23Z,,225,2011,2026-07-20 05:59:23
1031,M2090 GPU Computing Module,NVIDIA,Tesla,,"July 25, 2011",,6,GDDR5,384,177.6,650,—N/a,,512:64 :48:0:0 (16),,,225,No,,,,List_of_Nvidia_graphics_processing_units,2026-07-20T05:59:23Z,2026-07-20T05:59:23Z,,225,2011,2026-07-20 05:59:23
1039,M4 GPU accelerator,NVIDIA,Tesla,,"November 10, 2015",,4,GDDR5,128,88,—N/a,1072,,1024:64 :32:0:0 (8),,,50–75,No,,,,List_of_Nvidia_graphics_processing_units,2026-07-20T05:59:23Z,2026-07-20T05:59:23Z,,50,2015,2026-07-20 05:59:23
1042,M40 GPU accelerator,NVIDIA,Tesla,,"November 10, 2015",,12 or 24,GDDR5,384,288,—N/a,1114,,3072:192 :96:0:0 (24),,,250,No,,,,List_of_Nvidia_graphics_processing_units,2026-07-20T05:59:23Z,2026-07-20T05:59:23Z,,250,2015,2026-07-20 05:59:23
1040,M6 GPU accelerator,NVIDIA,Tesla,,"August 30, 2015",,8,GDDR5,256,147.2,—N/a,1051,,1536:96 :64:0:0 (12),,,75–100,No,,,,List_of_Nvidia_graphics_processing_units,2026-07-20T05:59:23Z,2026-07-20T05:59:23Z,,75,2015,2026-07-20 05:59:23
1043,M60 GPU accelerator,NVIDIA,Tesla,,"August 30, 2015",,2× 8,GDDR5,2× 256,2× 160,—N/a,1178,,2× 2048:128 :64:0:0 (16),,,225–300,No,,,,List_of_Nvidia_graphics_processing_units,2026-07-20T05:59:23Z,2026-07-20T05:59:23Z,,225,2015,2026-07-20 05:59:23
2,NV1,NVIDIA,Pre-GeForce,NV1,"September30, 1995",PCI,2,EDO,64,0.48,75,,60,1:1:1,,,2,SGS500 nm,1,135,,List_of_Nvidia_graphics_processing_units,2026-07-20T05:58:59Z,2026-07-20T05:58:59Z,,2,1995,2026-07-20 05:58:59
952,NVIDIA T1000,NVIDIA,Quadro RTX x000 / Tx00 / Tx000 series,TU117,"May 6, 2021",PCIe 3.0 x16,,GDDR6,128,160,1065,1395,10000,896:56:32:14,,,50,TSMC12FFN,,,,List_of_Nvidia_graphics_processing_units,2026-07-20T05:59:21Z,2026-07-20T05:59:21Z,,50,2021,2026-07-20 05:59:21
950,NVIDIA T400,NVIDIA,Quadro RTX x000 / Tx00 / Tx000 series,TU117,"May 6, 2021",PCIe 3.0 x16,,GDDR6,64,80,420,1425,10000,384:24:16:6,,,30,TSMC12FFN,,,,List_of_Nvidia_graphics_processing_units,2026-07-20T05:59:21Z,2026-07-20T05:59:21Z,,30,2021,2026-07-20 05:59:21
951,NVIDIA T600,NVIDIA,Quadro RTX x000 / Tx00 / Tx000 series,TU117-850-A1,"Apr 12, 2021",PCIe 3.0 x16,,GDDR6,128,160,735,1335,10000,640:40:32:10,,,40,TSMC12FFN,,,,List_of_Nvidia_graphics_processing_units,2026-07-20T05:59:21Z,2026-07-20T05:59:21Z,,40,2021,2026-07-20 05:59:21
746,NVS 100,NVIDIA,Quadro NVS,NV17,"Dec 22, 2003",AGP 4× / PCI,,DDR,64,2.664,200,,333,0:2:4:2,,,,150,,,,List_of_Nvidia_graphics_processing_units,2026-07-20T05:59:14Z,2026-07-20T05:59:14Z,,,2003,2026-07-20 05:59:14
747,NVS 200,NVIDIA,Quadro NVS,NV17,"Dec 22, 2003",AGP 4× / PCI,,DDR,128,8.0,250,,250,0:2:4:2,,,,150,,,,List_of_Nvidia_graphics_processing_units,2026-07-20T05:59:14Z,2026-07-20T05:59:14Z,,,2003,2026-07-20 05:59:14
772,NVS 2100M,NVIDIA,Mobility NVS series,GT218M,"Jan 7, 2010",PCIe 2.0 x16,,GDDR3,64,12.8,535,,1600,16:8:4,,,14,40,,,,List_of_Nvidia_graphics_processing_units,2026-07-20T05:59:14Z,2026-07-20T05:59:14Z,,14,2010,2026-07-20 05:59:14
748,NVS 210S,NVIDIA,Quadro NVS,MCP51,"Dec 22, 2003",Integrated,,DDR,128,,425,,,1:2:2:1,,,,90,,,,List_of_Nvidia_graphics_processing_units,2026-07-20T05:59:14Z,2026-07-20T05:59:14Z,,,2003,2026-07-20 05:59:14
749,NVS 280,NVIDIA,Quadro NVS,NV34GL,"Oct 28, 2003",PCIe x16/AGP 8× / PCI,,DDR,128,8.0,275,,250,0:2:4:2/1:2:2:2 *:4:4:4,,,13,150,,,,List_of_Nvidia_graphics_processing_units,2026-07-20T05:59:14Z,2026-07-20T05:59:14Z,,13,2003,2026-07-20 05:59:14
750,NVS 285,NVIDIA,Quadro NVS,NV44,"Jun 6, 2006",PCIe x1/x16,,DDR,128,8.8,275,,275,3:4:4:2,,,18,110,,,,List_of_Nvidia_graphics_processing_units,2026-07-20T05:59:14Z,2026-07-20T05:59:14Z,,18,2006,2026-07-20 05:59:14
751,NVS 290,NVIDIA,Quadro NVS,G86-827-A2,"Oct 4, 2007",PCIe x1/x16,,DDR2,64,6.4,460,,800,16:8:4,,,21,80,,,,List_of_Nvidia_graphics_processing_units,2026-07-20T05:59:14Z,2026-07-20T05:59:14Z,,21,2007,2026-07-20 05:59:14
752,NVS 295,NVIDIA,Quadro NVS,G98,"May 7, 2009",PCIe x1/x16,,GDDR3,64,11.2,550,,1400,8:8:4,,,23,65,,,,List_of_Nvidia_graphics_processing_units,2026-07-20T05:59:14Z,2026-07-20T05:59:14Z,,23,2009,2026-07-20 05:59:14
753,NVS 300,NVIDIA,Quadro NVS,GT218,"Jan 8, 2011",PCIe x1/x16,,DDR3,64,12.64,589,,1580,16:8:4,,,17.5,40,,,,List_of_Nvidia_graphics_processing_units,2026-07-20T05:59:14Z,2026-07-20T05:59:14Z,,17,2011,2026-07-20 05:59:14
754,NVS 310,NVIDIA,Quadro NVS,GF119,"Jun 26, 2012",PCIe x16,,DDR3,64,14,523,,1750,48:8:4,,,19.5,40,,,,List_of_Nvidia_graphics_processing_units,2026-07-20T05:59:14Z,2026-07-20T05:59:14Z,,19,2012,2026-07-20 05:59:14
773,NVS 3100M,NVIDIA,Mobility NVS series,GT218M,"Jan 7, 2010",PCIe 2.0 x16,,GDDR3,64,12.8,600,,1600,16:8:4,,,14,40,,,,List_of_Nvidia_graphics_processing_units,2026-07-20T05:59:14Z,2026-07-20T05:59:14Z,,14,2010,2026-07-20 05:59:14
755,NVS 315,NVIDIA,Quadro NVS,GF119,"Mar 10, 2013",PCIe x16,,DDR3,64,14,523,,1750,48:8:4,,,19.5,40,,,,List_of_Nvidia_graphics_processing_units,2026-07-20T05:59:14Z,2026-07-20T05:59:14Z,,19,2013,2026-07-20 05:59:14
756,NVS 400,NVIDIA,Quadro NVS,2× NV17,"Jul 16, 2004",PCI,,DDR,2× 128,2× 11.0,220,,332,2× 0:2:4:2,,,18,150,,,,List_of_Nvidia_graphics_processing_units,2026-07-20T05:59:14Z,2026-07-20T05:59:14Z,,18,2004,2026-07-20 05:59:14
757,NVS 420,NVIDIA,Quadro NVS,2xG98-850-U2,"Jan 20, 2009",PCIe x1/x16,,GDDR3,2× 64,2× 11.2,550,,1400,2× 8:8:4,,,40,65,,,,List_of_Nvidia_graphics_processing_units,2026-07-20T05:59:14Z,2026-07-20T05:59:14Z,,40,2009,2026-07-20 05:59:14
774,NVS 4200M,NVIDIA,Mobility NVS series,GF119,"Jan 7, 2010",PCIe 2.0 x16,,GDDR3,64,12.8,810,,1600,48:8:4,,,25,40,,,,List_of_Nvidia_graphics_processing_units,2026-07-20T05:59:14Z,2026-07-20T05:59:14Z,,25,2010,2026-07-20 05:59:14
758,NVS 440,NVIDIA,Quadro NVS,2xNV43,"Feb 14, 2006",PCIe x1/x16,,DDR,2× 128,2× 8.000,250,,500,2× 4:8:8:8,,,31,110,,,,List_of_Nvidia_graphics_processing_units,2026-07-20T05:59:14Z,2026-07-20T05:59:14Z,,31,2006,2026-07-20 05:59:14
759,NVS 450,NVIDIA,Quadro NVS,2xG98,"Nov 11, 2008",PCIe x1/x16,,GDDR3,2× 64,2× 11.2,550,,1400,2× 8:8:4,,,35,65,,,,List_of_Nvidia_graphics_processing_units,2026-07-20T05:59:14Z,2026-07-20T05:59:14Z,,35,2008,2026-07-20 05:59:14
745,NVS 50,NVIDIA,Quadro NVS,NV18,"May 31, 2005",AGP 4× / PCI,,DDR,32,1.6,250,,200,0:2:4:2,,,,150,,,,List_of_Nvidia_graphics_processing_units,2026-07-20T05:59:14Z,2026-07-20T05:59:14Z,,,2005,2026-07-20 05:59:14
760,NVS 510,NVIDIA,Quadro NVS,GK107,"Oct 23, 2012",PCIe 2.0 x16,,DDR3,128,28.5,797,,1782,192:16:8(1 SMX),,,35,28,,,,List_of_Nvidia_graphics_processing_units,2026-07-20T05:59:14Z,2026-07-20T05:59:14Z,,35,2012,2026-07-20 05:59:14
775,NVS 5100M,NVIDIA,Mobility NVS series,GT216M,"Feb 22, 2011",PCIe 2.0 x16,,GDDR3,128,25.6,550,,1600,48:16:8,,,35,40,,,,List_of_Nvidia_graphics_processing_units,2026-07-20T05:59:14Z,2026-07-20T05:59:14Z,,35,2011,2026-07-20 05:59:14
776,NVS 5200M,NVIDIA,Mobility NVS series,GF108 GF117,"Jun 1, 2012",PCIe 2.0 x16,,GDDR3,64,14.4,625,,1800,96:16:4,,,35,40/28,,,,List_of_Nvidia_graphics_processing_units,2026-07-20T05:59:14Z,2026-07-20T05:59:14Z,,35,2012,2026-07-20 05:59:14
777,NVS 5400M,NVIDIA,Mobility NVS series,GF108 GF117,"Jun 1, 2012",PCIe 2.0 x16,,GDDR3,128,28.8,660,,1800,96:16:4,,,35,40/28,,,,List_of_Nvidia_graphics_processing_units,2026-07-20T05:59:14Z,2026-07-20T05:59:14Z,,35,2012,2026-07-20 05:59:14
761,NVS 810,NVIDIA,Quadro NVS,2× GM107,"Nov 4, 2015",PCIe 3.0 x16,,DDR3,2× 64,2× 14.4,1033,,1800,2× 512:32:16,,,68,28,,,,List_of_Nvidia_graphics_processing_units,2026-07-20T05:59:14Z,2026-07-20T05:59:14Z,,68,2015,2026-07-20 05:59:14
1072,NX-SoC (Nintendo Switch),NVIDIA,Console/handheld GPUs,GM20B,"August 30, 2019",Integrated,,LPDDR4X,64,21.3 (undocked) 25.6(docked),384.0 (undocked)768.0 (docked),,1333 (undocked)1600 (docked),256:16:162,,,,TSMC 16 nm,,,,List_of_Nvidia_graphics_processing_units,2026-07-20T05:59:24Z,2026-07-20T05:59:24Z,,,2019,2026-07-20 05:59:24
460,Nvidia Titan V,NVIDIA,Volta series,GV100-400-A1,"December7, 2017",PCIe 3x16,12,,3072,651.3,,1200(1455),848(1.7),5120:320:96:80:640,,,250,24.58(29.80),,,,List_of_Nvidia_graphics_processing_units,2026-07-20T05:59:08Z,2026-07-20T05:59:08Z,,250,2017,2026-07-20 05:59:08
461,Nvidia Titan V(CEO Edition),NVIDIA,Volta series,GV100-???-A1,"June21, 2018",PCIe 3x16,32,,4096,868.4,,1200(1455),848(1.7),5120:320:128:80:640,,,250,24.58(29.80),,,,List_of_Nvidia_graphics_processing_units,2026-07-20T05:59:08Z,2026-07-20T05:59:08Z,,250,2018,2026-07-20 05:59:08
1049,P100 GPU accelerator (12 GB card),NVIDIA,Tesla,,"June 20, 2016",,12,HBM2,3072,549,—N/a,1303,,3584:224 :96:0:0 (56),,,250,No,,,,List_of_Nvidia_graphics_processing_units,2026-07-20T05:59:23Z,2026-07-20T05:59:23Z,,250,2016,2026-07-20 05:59:23
1048,P100 GPU accelerator (16 GB card),NVIDIA,Tesla,,"June 20, 2016",,16,HBM2,4096,732,—N/a,1303,,3584:224 :96:0:0 (56),,,250,No,,,,List_of_Nvidia_graphics_processing_units,2026-07-20T05:59:23Z,2026-07-20T05:59:23Z,,250,2016,2026-07-20 05:59:23
1047,P100 GPU accelerator (mezzanine),NVIDIA,Tesla,,"April 5, 2016",,16,HBM2,4096,732,—N/a,1480,,3584:224 :96:0:0 (56),,,300,No,,,,List_of_Nvidia_graphics_processing_units,2026-07-20T05:59:23Z,2026-07-20T05:59:23Z,,300,2016,2026-07-20 05:59:23
1044,P4 GPU accelerator,NVIDIA,Tesla,,"September 13, 2016",,8,GDDR5,256,192.0,—N/a,1063,,2560:160 :64:0:0 (20),,,50–75,No,,,,List_of_Nvidia_graphics_processing_units,2026-07-20T05:59:23Z,2026-07-20T05:59:23Z,,50,2016,2026-07-20 05:59:23
1046,P40 GPU accelerator,NVIDIA,Tesla,,"September 13, 2016",,24,GDDR5,384,345.6,—N/a,1531,,3840:240 :96:0:0 (30),,,250,No,,,,List_of_Nvidia_graphics_processing_units,2026-07-20T05:59:23Z,2026-07-20T05:59:23Z,,250,2016,2026-07-20 05:59:23
1045,P6 GPU accelerator,NVIDIA,Tesla,,"March 24, 2017",,16,GDDR5,256,192.2,—N/a,1506,,2048:128 :64:0:0 (16),,,90,No,,,,List_of_Nvidia_graphics_processing_units,2026-07-20T05:59:23Z,2026-07-20T05:59:23Z,,90,2017,2026-07-20 05:59:23
778,Quadro,NVIDIA,Quadro,NV10GL,,AGP 4x,,SDR,128,2.66,135,,166,0:4:4:4,,,,220,,,,List_of_Nvidia_graphics_processing_units,2026-07-20T05:59:14Z,2026-07-20T05:59:14Z,,,,2026-07-20 05:59:14
873,Quadro 1000M,NVIDIA,Quadro x000 series,GF108,"Jan 13, 2011",PCIe 2.0 x16,,DDR3,128,28.8,700,,1800,96:16:4,,,45,40,,,,List_of_Nvidia_graphics_processing_units,2026-07-20T05:59:20Z,2026-07-20T05:59:20Z,,45,2011,2026-07-20 05:59:20
866,Quadro 2000,NVIDIA,Quadro x000 series,GF106GL (GF106-875),"Dec 24, 2010",PCIe 2.0 x16,,GDDR5,128,41.6,625,,2600,192:324:16,,,62,40,,,,List_of_Nvidia_graphics_processing_units,2026-07-20T05:59:20Z,2026-07-20T05:59:20Z,,62,2010,2026-07-20 05:59:20
874,Quadro 2000M,NVIDIA,Quadro x000 series,GF106,"Jan 13, 2011",PCIe 2.0 x16,,DDR3,128,28.8,550,,1800,192:32:16,,,55,40,,,,List_of_Nvidia_graphics_processing_units,2026-07-20T05:59:20Z,2026-07-20T05:59:20Z,,55,2011,2026-07-20 05:59:20
875,Quadro 3000M,NVIDIA,Quadro x000 series,GF104,"Feb 22, 2011",PCIe 2.0 x16,,GDDR5,256,80,450,,2500,240:40:32,,,75,40,,,,List_of_Nvidia_graphics_processing_units,2026-07-20T05:59:20Z,2026-07-20T05:59:20Z,,75,2011,2026-07-20 05:59:20
864,Quadro 400,NVIDIA,Quadro x000 series,GT216GL,"Apr 5, 2011",PCIe 2.0 x16,,DDR3,64,12.3,450,,1540,48:16:4,,,32,40,,,,List_of_Nvidia_graphics_processing_units,2026-07-20T05:59:20Z,2026-07-20T05:59:20Z,,32,2011,2026-07-20 05:59:20
867,Quadro 4000,NVIDIA,Quadro x000 series,GF100,"Nov 2, 2010",PCIe 2.0 x16,,GDDR5,256,89.6,475,,2800,256:324:32,,,142,40,,,,List_of_Nvidia_graphics_processing_units,2026-07-20T05:59:20Z,2026-07-20T05:59:20Z,,142,2010,2026-07-20 05:59:20
876,Quadro 4000M,NVIDIA,Quadro x000 series,GF104,"Feb 22, 2011",PCIe 2.0 x16,,GDDR5,256,80,475,,2500,336:56:32,,,100,40,,,,List_of_Nvidia_graphics_processing_units,2026-07-20T05:59:20Z,2026-07-20T05:59:20Z,,100,2011,2026-07-20 05:59:20
879,Quadro 410,NVIDIA,Quadro Kxxx series,GK107,"Aug 7, 2012",PCIe 2.0 x16,,DDR3,64,14.4,706,,1800,192:16:8(1 SMX),,,38,28,,,,List_of_Nvidia_graphics_processing_units,2026-07-20T05:59:20Z,2026-07-20T05:59:20Z,,38,2012,2026-07-20 05:59:20
868,Quadro 5000,NVIDIA,Quadro x000 series,GF100,"Feb 23, 2011",PCIe 2.0 x16,,GDDR5,320,120,513,,3000,352:444:40,,,152,40,,,,List_of_Nvidia_graphics_processing_units,2026-07-20T05:59:20Z,2026-07-20T05:59:20Z,,152,2011,2026-07-20 05:59:20
877,Quadro 5000M,NVIDIA,Quadro x000 series,GF100,"Jul 27, 2010",PCIe 2.0 x16,,GDDR5,256,76.8,405,,2400,320:40:32,,,100,40,,,,List_of_Nvidia_graphics_processing_units,2026-07-20T05:59:20Z,2026-07-20T05:59:20Z,,100,2010,2026-07-20 05:59:20
872,Quadro 500M,NVIDIA,Quadro x000 series,GF108,"Feb 22, 2011",PCIe 2.0 x16,,DDR3,128,28.8,700,,1800,96:16:4,,,35,40,,,,List_of_Nvidia_graphics_processing_units,2026-07-20T05:59:20Z,2026-07-20T05:59:20Z,,35,2011,2026-07-20 05:59:20
878,Quadro 5010M,NVIDIA,Quadro x000 series,GF110,"Feb 22, 2011",PCIe 2.0 x16,,GDDR5,256,83.2,450,,2600,384:48:32,,,100,40,,,,List_of_Nvidia_graphics_processing_units,2026-07-20T05:59:20Z,2026-07-20T05:59:20Z,,100,2011,2026-07-20 05:59:20
865,Quadro 600,NVIDIA,Quadro x000 series,GF108GL,"Dec 13, 2010",PCIe 2.0 x16,,DDR3,128,25.6,640,,1600,96:164:4,,,40,40,,,,List_of_Nvidia_graphics_processing_units,2026-07-20T05:59:20Z,2026-07-20T05:59:20Z,,40,2010,2026-07-20 05:59:20
869,Quadro 6000,NVIDIA,Quadro x000 series,GF100,"Dec 10, 2010",PCIe 2.0 x16,,GDDR5,384,144,574,,3000,448:564:48,,,204,40,,,,List_of_Nvidia_graphics_processing_units,2026-07-20T05:59:20Z,2026-07-20T05:59:20Z,,204,2010,2026-07-20 05:59:20
870,Quadro 7000,NVIDIA,Quadro x000 series,GF110,"May 2, 2012",PCIe 2.0 x16,,GDDR5,384,177,651,,3696,512:644:48,,,204,40,,,,List_of_Nvidia_graphics_processing_units,2026-07-20T05:59:20Z,2026-07-20T05:59:20Z,,204,2012,2026-07-20 05:59:20
858,Quadro CX,NVIDIA,Quadro FX (x800) series,GT200GL + NVIO2,"Nov 11, 2008",PCIe 2.0 x16,,GDDR3,384,76.8,602,,1600,192:64:24,,,150,55,,,,List_of_Nvidia_graphics_processing_units,2026-07-20T05:59:20Z,2026-07-20T05:59:20Z,,150,2008,2026-07-20 05:59:20
783,Quadro DCC,NVIDIA,Quadro,NV20GL,,AGP 4x,,DDR,128,7.4,200,,460,1:4:8:4,,,,180,,,,List_of_Nvidia_graphics_processing_units,2026-07-20T05:59:14Z,2026-07-20T05:59:14Z,,,,2026-07-20 05:59:14
779,Quadro DDR,NVIDIA,Quadro,NV10GL,,AGP 4x,,DDR,128,5.312,135,,333,0:4:4:4,,,,220,,,,List_of_Nvidia_graphics_processing_units,2026-07-20T05:59:14Z,2026-07-20T05:59:14Z,,,,2026-07-20 05:59:14
801,Quadro FX 1000,NVIDIA,Quadro FX series,NV30GL,,AGP 8x,,GDDR2,128,9.6,300,,600,2:4:8:4,,,,130,,,,List_of_Nvidia_graphics_processing_units,2026-07-20T05:59:18Z,2026-07-20T05:59:18Z,,,,2026-07-20 05:59:18
802,Quadro FX 1100,NVIDIA,Quadro FX series,NV36GL,,AGP 8x,,DDR2,128,10.4,425,,650,3:4:4:4,,,,130,,,,List_of_Nvidia_graphics_processing_units,2026-07-20T05:59:18Z,2026-07-20T05:59:18Z,,,,2026-07-20 05:59:18
809,Quadro FX 1300,NVIDIA,Quadro FX (x300) series,NV38,,PCIe x16,,DDR,256,17.6,350,,550,3:4:8:4,,,55,130,,,,List_of_Nvidia_graphics_processing_units,2026-07-20T05:59:18Z,2026-07-20T05:59:18Z,,55,,2026-07-20 05:59:18
811,Quadro FX 1400,NVIDIA,Quadro FX (x400) series,NV41,,PCIe x16,,DDR,256,19.2,350,,600,5:8:8:8,,,75,130,,,,List_of_Nvidia_graphics_processing_units,2026-07-20T05:59:19Z,2026-07-20T05:59:19Z,,75,,2026-07-20 05:59:19
817,Quadro FX 1500,NVIDIA,Quadro FX (x500) series,G71,,PCIe x16,,GDDR3,256,40.0,325,,625,6:16:16:16,,,65,90,,,,List_of_Nvidia_graphics_processing_units,2026-07-20T05:59:19Z,2026-07-20T05:59:19Z,,65,,2026-07-20 05:59:19
826,Quadro FX 1500M,NVIDIA,Quadro FX (x500) series,G71GLM,"Apr 18, 2006",PCIe 1.0 x16,,GDDR3,256,32,375,,1000,8:24:24:16,,,15,90,,,,List_of_Nvidia_graphics_processing_units,2026-07-20T05:59:19Z,2026-07-20T05:59:19Z,,15,2006,2026-07-20 05:59:19
835,Quadro FX 1600M,NVIDIA,Quadro FX (x600) series,G84M,"Jun 1, 2007",PCIe 1.0 x16,,GDDR3,128,25.6,625,,1600,32:16:8,,,50?,80,,,,List_of_Nvidia_graphics_processing_units,2026-07-20T05:59:19Z,2026-07-20T05:59:19Z,,50,2007,2026-07-20 05:59:19
841,Quadro FX 1700,NVIDIA,Quadro FX (x700) series,G84-875-A2,"Sep 12, 2007",PCIe x16,,DDR2,128,12.8,460,,800,32:16:8,,,42,80,,,,List_of_Nvidia_graphics_processing_units,2026-07-20T05:59:19Z,2026-07-20T05:59:19Z,,42,2007,2026-07-20 05:59:19
848,Quadro FX 1700M,NVIDIA,Quadro FX (x700) series,G96M,"Oct 1, 2008",PCIe 1.0 x16,,GDDR3,128,25.6,625,,1600,32:16:8,,,50,65,,,,List_of_Nvidia_graphics_processing_units,2026-07-20T05:59:19Z,2026-07-20T05:59:19Z,,50,2008,2026-07-20 05:59:19
854,Quadro FX 1800,NVIDIA,Quadro FX (x800) series,G94-876-B1,"Mar 30, 2009",PCIe 2.0 x16,,GDDR3,192,38.4,550,,1600,64:32:12,,,59,65,,,,List_of_Nvidia_graphics_processing_units,2026-07-20T05:59:19Z,2026-07-20T05:59:19Z,,59,2009,2026-07-20 05:59:19
861,Quadro FX 1800M,NVIDIA,Quadro FX (x800) series,GT215M,"Jun 15, 2009",PCIe 2.0 x16,,GDDR3GDDR5,128,25.635.2,450,,16002200,72:24:8,,,45,40,,,,List_of_Nvidia_graphics_processing_units,2026-07-20T05:59:20Z,2026-07-20T05:59:20Z,,45,2009,2026-07-20 05:59:20
803,Quadro FX 2000,NVIDIA,Quadro FX series,NV30GL,,AGP 8x,,GDDR2,128,12.8,400,,800,2:4:8:4,,,,130,,,,List_of_Nvidia_graphics_processing_units,2026-07-20T05:59:18Z,2026-07-20T05:59:18Z,,,,2026-07-20 05:59:18
827,Quadro FX 2500M,NVIDIA,Quadro FX (x500) series,G71GLM,"Sep 29, 2005",PCIe 1.0 x16,,GDDR3,256,38.4,500,,1200,8:24:24:16,,,15,90,,,,List_of_Nvidia_graphics_processing_units,2026-07-20T05:59:19Z,2026-07-20T05:59:19Z,,15,2005,2026-07-20 05:59:19
849,Quadro FX 2700M,NVIDIA,Quadro FX (x700) series,G94M,"Aug 14, 2008",PCIe 1.0 x16,,GDDR3,256,51.2,530,,1600,48:24:16,,,65,65,,,,List_of_Nvidia_graphics_processing_units,2026-07-20T05:59:19Z,2026-07-20T05:59:19Z,,65,2008,2026-07-20 05:59:19
862,Quadro FX 2800M,NVIDIA,Quadro FX (x800) series,G92M,"Dec 1, 2009",PCIe 2.0 x16,,GDDR3,256,64,500,,2000,96:48:16,,,75,55,,,,List_of_Nvidia_graphics_processing_units,2026-07-20T05:59:20Z,2026-07-20T05:59:20Z,,75,2009,2026-07-20 05:59:20
804,Quadro FX 3000,NVIDIA,Quadro FX series,NV35GL,,AGP 8x,,DDR,256,27.2,400,,850,3:4:8:4,,,,130,,,,List_of_Nvidia_graphics_processing_units,2026-07-20T05:59:18Z,2026-07-20T05:59:18Z,,,,2026-07-20 05:59:18
805,Quadro FX 3000G,NVIDIA,Quadro FX series,NV35GL,,AGP 8x,,DDR,256,27.2,400,,850,3:4:8:4,,,,130,,,,List_of_Nvidia_graphics_processing_units,2026-07-20T05:59:18Z,2026-07-20T05:59:18Z,,,,2026-07-20 05:59:18
808,Quadro FX 330,NVIDIA,Quadro FX (x300) series,NV37GL,,PCIe x16,,DDR,128,3.2,250,,400,2:4:4:4,,,21,150,,,,List_of_Nvidia_graphics_processing_units,2026-07-20T05:59:18Z,2026-07-20T05:59:18Z,,21,,2026-07-20 05:59:18
812,Quadro FX 3400,NVIDIA,Quadro FX (x400) series,NV45GL/ NV40,,PCIe x16,,GDDR3,256,28.8,350,,900,5:12:12:12,,,101,130,,,,List_of_Nvidia_graphics_processing_units,2026-07-20T05:59:19Z,2026-07-20T05:59:19Z,,101,,2026-07-20 05:59:19
813,Quadro FX 3450,NVIDIA,Quadro FX (x400) series,NV41,,PCIe x16,,GDDR3,256,32.0,425,,1000,5:12:12:12,,,83,110,,,,List_of_Nvidia_graphics_processing_units,2026-07-20T05:59:19Z,2026-07-20T05:59:19Z,,83,,2026-07-20 05:59:19
815,Quadro FX 350,NVIDIA,Quadro FX (x500) series,G72,,PCIe x16,,DDR2,64,6.4,550,,400,3:4:4:2,,,21,90,,,,List_of_Nvidia_graphics_processing_units,2026-07-20T05:59:19Z,2026-07-20T05:59:19Z,,21,,2026-07-20 05:59:19
818,Quadro FX 3500,NVIDIA,Quadro FX (x500) series,G71,,PCIe x16,,GDDR3,256,42.2,450,,660,7:20:20:16,,,80,90,,,,List_of_Nvidia_graphics_processing_units,2026-07-20T05:59:19Z,2026-07-20T05:59:19Z,,80,,2026-07-20 05:59:19
828,Quadro FX 3500M,NVIDIA,Quadro FX (x500) series,G71GLM,"Mar 1, 2007",PCIe 1.0 x16,,GDDR3,256,38.4,575,,1200,8:24:24:16,,,15,90,,,,List_of_Nvidia_graphics_processing_units,2026-07-20T05:59:19Z,2026-07-20T05:59:19Z,,15,2007,2026-07-20 05:59:19
825,Quadro FX 350M,NVIDIA,Quadro FX (x500) series,G72GLM,"Mar 13, 2006",PCIe 1.0 x16,,GDDR3,128,14.4,450,,900,3:4:4:2,,,15,90,,,,List_of_Nvidia_graphics_processing_units,2026-07-20T05:59:19Z,2026-07-20T05:59:19Z,,15,2006,2026-07-20 05:59:19
836,Quadro FX 3600M,NVIDIA,Quadro FX (x600) series,G92M,"Feb 23, 2008",PCIe 1.0 x16,,GDDR3,256,51.2,500,,1600,64:32:1696:48:16,,,70,65,,,,List_of_Nvidia_graphics_processing_units,2026-07-20T05:59:19Z,2026-07-20T05:59:19Z,,70,2008,2026-07-20 05:59:19
833,Quadro FX 360M,NVIDIA,Quadro FX (x600) series,G86M,"May 9, 2007",PCIe 1.0 x16,,DDR2,64,9.6,400,,1200,16:8:4,,,17,80,,,,List_of_Nvidia_graphics_processing_units,2026-07-20T05:59:19Z,2026-07-20T05:59:19Z,,17,2007,2026-07-20 05:59:19
837,Quadro FX 370,NVIDIA,Quadro FX (x700) series,G84-825-A2,"Sep 12, 2007",PCIe x16,,DDR2,64,6.4,360,,800,16:8:4,,,35,80,,,,List_of_Nvidia_graphics_processing_units,2026-07-20T05:59:19Z,2026-07-20T05:59:19Z,,35,2007,2026-07-20 05:59:19
838,Quadro FX 370 LP,NVIDIA,Quadro FX (x700) series,G98,"Nov 6, 2008",PCIe x16,,DDR2,64,8,540,,1000,8:8:4,,,25,80,,,,List_of_Nvidia_graphics_processing_units,2026-07-20T05:59:19Z,2026-07-20T05:59:19Z,,25,2008,2026-07-20 05:59:19
842,Quadro FX 3700,NVIDIA,Quadro FX (x700) series,G92-875-A2,"Jan 8, 2008",PCIe 2.0 x16,,GDDR3,256,51.2,500,,1600,112:56:16,,,78,65,,,,List_of_Nvidia_graphics_processing_units,2026-07-20T05:59:19Z,2026-07-20T05:59:19Z,,78,2008,2026-07-20 05:59:19
850,Quadro FX 3700M,NVIDIA,Quadro FX (x700) series,G92M,"Aug 14, 2008",PCIe 1.0 x16,,GDDR3,256,51.2,530,,1600,128:64:16,,,75,65,,,,List_of_Nvidia_graphics_processing_units,2026-07-20T05:59:19Z,2026-07-20T05:59:19Z,,75,2008,2026-07-20 05:59:19
845,Quadro FX 370M,NVIDIA,Quadro FX (x700) series,G98M,"Aug 15, 2008",PCIe 1.0 x16,,GDDR3,64,9.6,550,,1200,8:4:4,,,20,65,,,,List_of_Nvidia_graphics_processing_units,2026-07-20T05:59:19Z,2026-07-20T05:59:19Z,,20,2008,2026-07-20 05:59:19
851,Quadro FX 380,NVIDIA,Quadro FX (x800) series,G96-850-C1,"Mar 30, 2009",PCIe 2.0 x16,,GDDR3,128,22.4,450,,1400,16:8:8,,,34,65,,,,List_of_Nvidia_graphics_processing_units,2026-07-20T05:59:19Z,2026-07-20T05:59:19Z,,34,2009,2026-07-20 05:59:19
852,Quadro FX 380 LP,NVIDIA,Quadro FX (x800) series,GT218GL,"Dec 1, 2009",PCIe 2.0 x16,,GDDR3,64,12.8,589,,1600,16:8:4,,,28,40,,,,List_of_Nvidia_graphics_processing_units,2026-07-20T05:59:19Z,2026-07-20T05:59:19Z,,28,2009,2026-07-20 05:59:19
855,Quadro FX 3800,NVIDIA,Quadro FX (x800) series,G200-835-B3 + NVIO2-A2,"Mar 30, 2009",PCIe 2.0 x16,,GDDR3,256,51.2,600,,1600,192:64:16,,,108,55,,,,List_of_Nvidia_graphics_processing_units,2026-07-20T05:59:19Z,2026-07-20T05:59:19Z,,108,2009,2026-07-20 05:59:19
863,Quadro FX 3800M,NVIDIA,Quadro FX (x800) series,G92M,"Aug 14, 2008",PCIe 2.0 x16,,GDDR3,256,64,675,,2000,128:64:16,,,100,55,,,,List_of_Nvidia_graphics_processing_units,2026-07-20T05:59:20Z,2026-07-20T05:59:20Z,,100,2008,2026-07-20 05:59:20
859,Quadro FX 380M,NVIDIA,Quadro FX (x800) series,GT218M,"Jan 7, 2010",PCIe 2.0 x16,,GDDR3,64,12.8,625,,1600,16:8:4,,,25,40,,,,List_of_Nvidia_graphics_processing_units,2026-07-20T05:59:20Z,2026-07-20T05:59:20Z,,25,2010,2026-07-20 05:59:20
806,Quadro FX 4000,NVIDIA,Quadro FX series,NV40GL,,AGP 8x,,GDDR3,256,32.0,375,,1000,6:12:12:12,,,142,130,,,,List_of_Nvidia_graphics_processing_units,2026-07-20T05:59:18Z,2026-07-20T05:59:18Z,,142,,2026-07-20 05:59:18
807,Quadro FX 4000 SDI,NVIDIA,Quadro FX series,NV40GL,,AGP 8x,,GDDR3,256,32.0,375,,1000,6:12:12:12,,,,130,,,,List_of_Nvidia_graphics_processing_units,2026-07-20T05:59:18Z,2026-07-20T05:59:18Z,,,,2026-07-20 05:59:18
814,Quadro FX 4400,NVIDIA,Quadro FX (x400) series,NV45GL A3/ NV40,,PCIe x16,,GDDR3,256,33.7,400,,1050,6:16:16:16,,,110,130,,,,List_of_Nvidia_graphics_processing_units,2026-07-20T05:59:19Z,2026-07-20T05:59:19Z,,110,,2026-07-20 05:59:19
819,Quadro FX 4500,NVIDIA,Quadro FX (x500) series,G70,,PCIe x16,,GDDR3,256,33.6,430,,525,8:24:24:16,,,109,110,,,,List_of_Nvidia_graphics_processing_units,2026-07-20T05:59:19Z,2026-07-20T05:59:19Z,,109,,2026-07-20 05:59:19
820,Quadro FX 4500 SDI,NVIDIA,Quadro FX (x500) series,G70,,PCIe x16,,GDDR3,256,33.6,430,,525,8:24:24:16,,,116,110,,,,List_of_Nvidia_graphics_processing_units,2026-07-20T05:59:19Z,2026-07-20T05:59:19Z,,116,,2026-07-20 05:59:19
822,Quadro FX 4500 rev. A2,NVIDIA,Quadro FX (x500) series,G71,,PCIe x16,,GDDR3,256,51.2,650,,800,8:24:24:16,,,105,90,,,,List_of_Nvidia_graphics_processing_units,2026-07-20T05:59:19Z,2026-07-20T05:59:19Z,,105,,2026-07-20 05:59:19
821,Quadro FX 4500X2,NVIDIA,Quadro FX (x500) series,G71,,PCIe x16,,GDDR3,2x 256,2x 38.7,500,,605,2× 8:24:24:16,,,145,90,,,,List_of_Nvidia_graphics_processing_units,2026-07-20T05:59:19Z,2026-07-20T05:59:19Z,,145,,2026-07-20 05:59:19
831,Quadro FX 4600 SDI2,NVIDIA,Quadro FX (x600) series,G80-850-A2 + NVIO-1-A3,"Mar 5, 2007",PCIe x16,,GDDR3,384,67.2,500,,1400,96:24:24,,,154,90,,,,List_of_Nvidia_graphics_processing_units,2026-07-20T05:59:19Z,2026-07-20T05:59:19Z,,154,2007,2026-07-20 05:59:19
830,Quadro FX 46002,NVIDIA,Quadro FX (x600) series,G80-850-A2 + NVIO-1-A3,"Mar 5, 2007",PCIe x16,,GDDR3,384,67.2,500,,1400,96:24:24,,,134,90,,,,List_of_Nvidia_graphics_processing_units,2026-07-20T05:59:19Z,2026-07-20T05:59:19Z,,134,2007,2026-07-20 05:59:19
839,Quadro FX 470,NVIDIA,Quadro FX (x700) series,MCP7A-U,"Sep 12, 2007",PCIe 2.0 x16(Integrated),,DDR2,128,12.8,580,,800(system memory),16:8:4,,,30,65,,,,List_of_Nvidia_graphics_processing_units,2026-07-20T05:59:19Z,2026-07-20T05:59:19Z,,30,2007,2026-07-20 05:59:19
843,Quadro FX 4700X2,NVIDIA,Quadro FX (x700) series,2× G92-880-A2,"Apr 18, 2008",PCIe 2.0 x16,,GDDR3,2× 256,2× 51.2,600,,1600,2× 128:64:16,,,226,65,,,,List_of_Nvidia_graphics_processing_units,2026-07-20T05:59:19Z,2026-07-20T05:59:19Z,,226,2008,2026-07-20 05:59:19
856,Quadro FX 4800,NVIDIA,Quadro FX (x800) series,G200-850-B3 + NVIO2-A2,"Nov 11, 2008",PCIe 2.0 x16,,GDDR3,384,76.8,602,,1600,192:64:24,,,150,55,,,,List_of_Nvidia_graphics_processing_units,2026-07-20T05:59:20Z,2026-07-20T05:59:20Z,,150,2008,2026-07-20 05:59:20
798,Quadro FX 500,NVIDIA,Quadro FX series,NV34GL,,AGP 8x,,DDR,128,7.68,270,,480,2:4:4:4,,,,150,,,,List_of_Nvidia_graphics_processing_units,2026-07-20T05:59:18Z,2026-07-20T05:59:18Z,,,,2026-07-20 05:59:18
810,Quadro FX 540,NVIDIA,Quadro FX (x400) series,NV43GL,,PCIe x16,,GDDR3,128,8.8,300,,550,4:8:8:8,,,35,90,,,,List_of_Nvidia_graphics_processing_units,2026-07-20T05:59:18Z,2026-07-20T05:59:18Z,,35,,2026-07-20 05:59:18
816,Quadro FX 550,NVIDIA,Quadro FX (x500) series,NV43,,PCIe x16,,GDDR3,128,12.8,360,,400,4:8:8:8,,,30,110,,,,List_of_Nvidia_graphics_processing_units,2026-07-20T05:59:19Z,2026-07-20T05:59:19Z,,30,,2026-07-20 05:59:19
823,Quadro FX 5500,NVIDIA,Quadro FX (x500) series,G71,,PCIe x16,,DDR2,256,32.3,650,,505,8:24:24:16,,,96,90,,,,List_of_Nvidia_graphics_processing_units,2026-07-20T05:59:19Z,2026-07-20T05:59:19Z,,96,,2026-07-20 05:59:19
824,Quadro FX 5500 SDI,NVIDIA,Quadro FX (x500) series,G71,,PCIe x16,,DDR2,256,32.3,650,,505,8:24:24:16,,,104,90,,,,List_of_Nvidia_graphics_processing_units,2026-07-20T05:59:19Z,2026-07-20T05:59:19Z,,104,,2026-07-20 05:59:19
829,Quadro FX 560,NVIDIA,Quadro FX (x600) series,G73GL,"Apr 20, 2006",PCIe x16,,GDDR3,128,19.2,350,,1200,5:12:12:8,,,30,90,,,,List_of_Nvidia_graphics_processing_units,2026-07-20T05:59:19Z,2026-07-20T05:59:19Z,,30,2006,2026-07-20 05:59:19
832,Quadro FX 56002,NVIDIA,Quadro FX (x600) series,G80-875-A2 + NVIO-1-A3,"Mar 5, 2007",PCIe 2.0 x16,,GDDR3,384,76.8,600,,1600,128:32:24,,,171,90,,,,List_of_Nvidia_graphics_processing_units,2026-07-20T05:59:19Z,2026-07-20T05:59:19Z,,171,2007,2026-07-20 05:59:19
834,Quadro FX 560M,NVIDIA,Quadro FX (x600) series,G73GLM,"Apr 20, 2006",PCIe 1.0 x16,,GDDR3,128,19.2,500,,1200,5:12:12:8,,,35?,90,,,,List_of_Nvidia_graphics_processing_units,2026-07-20T05:59:19Z,2026-07-20T05:59:19Z,,35,2006,2026-07-20 05:59:19
840,Quadro FX 570,NVIDIA,Quadro FX (x700) series,G84-850-A2,"Sep 12, 2007",PCIe x16,,DDR2,128,12.8,460,,800,16:8:8,,,38,80,,,,List_of_Nvidia_graphics_processing_units,2026-07-20T05:59:19Z,2026-07-20T05:59:19Z,,38,2007,2026-07-20 05:59:19
846,Quadro FX 570M,NVIDIA,Quadro FX (x700) series,G84M,"Jun 1, 2007",PCIe 1.0 x16,,GDDR3,128,22.4,475,,1400,32:16:8,,,45,80,,,,List_of_Nvidia_graphics_processing_units,2026-07-20T05:59:19Z,2026-07-20T05:59:19Z,,45,2007,2026-07-20 05:59:19
853,Quadro FX 580,NVIDIA,Quadro FX (x800) series,G96-875-C1,"Apr 9, 2009",PCIe 2.0 x16,,GDDR3,128,25.6,450,,1600,32:16:8,,,40,65,,,,List_of_Nvidia_graphics_processing_units,2026-07-20T05:59:19Z,2026-07-20T05:59:19Z,,40,2009,2026-07-20 05:59:19
857,Quadro FX 5800,NVIDIA,Quadro FX (x800) series,G200-875-B2 + NVIO2-A2,"Nov 11, 2008",PCIe 2.0 x16,,GDDR3,512,102.4,610,,1600,240:80:32,,,189,55,,,,List_of_Nvidia_graphics_processing_units,2026-07-20T05:59:20Z,2026-07-20T05:59:20Z,,189,2008,2026-07-20 05:59:20
799,Quadro FX 600,NVIDIA,Quadro FX series,NV34GL,,PCI,,DDR,128,7.68,350,,480,2:4:4:4,,,,150,,,,List_of_Nvidia_graphics_processing_units,2026-07-20T05:59:18Z,2026-07-20T05:59:18Z,,,,2026-07-20 05:59:18
800,Quadro FX 700,NVIDIA,Quadro FX series,NV35GL,,AGP 8x,,DDR,128,8.8,275,,550,3:4:8:4,,,,150,,,,List_of_Nvidia_graphics_processing_units,2026-07-20T05:59:18Z,2026-07-20T05:59:18Z,,,,2026-07-20 05:59:18
847,Quadro FX 770M,NVIDIA,Quadro FX (x700) series,G96M,"Aug 14, 2008",PCIe 1.0 x16,,GDDR3,128,25.6,500,,1600,32:16:8,,,35,65,,,,List_of_Nvidia_graphics_processing_units,2026-07-20T05:59:19Z,2026-07-20T05:59:19Z,,35,2008,2026-07-20 05:59:19
860,Quadro FX 880M,NVIDIA,Quadro FX (x800) series,GT216M,"Jan 7, 2010",PCIe 2.0 x16,,GDDR3,128,25.6,550,,1600,48:16:8,,,35,40,,,,List_of_Nvidia_graphics_processing_units,2026-07-20T05:59:20Z,2026-07-20T05:59:20Z,,35,2010,2026-07-20 05:59:20
796,Quadro FX Go 1000,NVIDIA,Quadro Go (GL) & Quadro FX Go series,NV36 GLM,February 2004?,AGP 8x,,DDR,128,9.12?,295,,570,4:3:4:4,,,,130?,,,,List_of_Nvidia_graphics_processing_units,2026-07-20T05:59:18Z,2026-07-20T05:59:18Z,,,2004,2026-07-20 05:59:18
797,Quadro FX Go 1400,NVIDIA,Quadro Go (GL) & Quadro FX Go series,NV41 GLM,"February 25, 2005",PCIe,,DDR,256,18.9?F,275,,590,12:5:12:12?,,,,130,,,,List_of_Nvidia_graphics_processing_units,2026-07-20T05:59:18Z,2026-07-20T05:59:18Z,,,2005,2026-07-20 05:59:18
795,Quadro FX Go 700,NVIDIA,Quadro Go (GL) & Quadro FX Go series,NV31 GLM,,AGP 8x,,DDR,128,9.44?,295,,590,4:2:4:4,,,,130,,,,List_of_Nvidia_graphics_processing_units,2026-07-20T05:59:18Z,2026-07-20T05:59:18Z,,,,2026-07-20 05:59:18
931,Quadro GP100,NVIDIA,Quadro Pxxx series,GP100-876-A1,"Oct 1, 2016",PCIe 3.0 x16,,HBM2,4096,720,1304,1442,703 (1406),3584:224:128:56,,,235,16,,,,List_of_Nvidia_graphics_processing_units,2026-07-20T05:59:21Z,2026-07-20T05:59:21Z,,235,2016,2026-07-20 05:59:21
945,Quadro GV100,NVIDIA,Quadro GVxxx series,GV100-875-A1,"Mar 27, 2018",PCIe 3.0 x16,,HBM2,4096,870,1132,1627,848 (1696),5120:320:128:80:640,,,250,12,,,,List_of_Nvidia_graphics_processing_units,2026-07-20T05:59:21Z,2026-07-20T05:59:21Z,,250,2018,2026-07-20 05:59:21
893,Quadro K1000M,NVIDIA,Quadro Kxxx series,GK107,"Jun 1, 2012",PCIe 3.0 x16,,DDR3,128,28.8,850,,1800,192:16:16,,,45,28,,,,List_of_Nvidia_graphics_processing_units,2026-07-20T05:59:20Z,2026-07-20T05:59:20Z,,45,2012,2026-07-20 05:59:20
900,Quadro K1100M,NVIDIA,Quadro Kxxx series,GK107,"Jul 23, 2013",PCIe 3.0 x16,,GDDR5,128,44.8,716,,1400(2800),384:32:16(2 SMX),,,45,28,,,,List_of_Nvidia_graphics_processing_units,2026-07-20T05:59:20Z,2026-07-20T05:59:20Z,,45,2013,2026-07-20 05:59:20
888,Quadro K1200,NVIDIA,Quadro Kxxx series,GM107-860,"Jan 28, 2015",PCIe 2.0 x16,,GDDR5,128,80.2,954,,1253,512:32:16(4 SMM),,,45,28,,,,List_of_Nvidia_graphics_processing_units,2026-07-20T05:59:20Z,2026-07-20T05:59:20Z,,45,2015,2026-07-20 05:59:20
881,Quadro K2000,NVIDIA,Quadro Kxxx series,GK107,"Mar 1, 2013",PCIe 2.0 x16,,GDDR5,128,64,954,,1000(4000),384:32:16(2 SMX),,,51,28,,,,List_of_Nvidia_graphics_processing_units,2026-07-20T05:59:20Z,2026-07-20T05:59:20Z,,51,2013,2026-07-20 05:59:20
882,Quadro K2000D,NVIDIA,Quadro Kxxx series,GK107,"Mar 1, 2013",PCIe 2.0 x16,,GDDR5,128,64,954,,1000(4000),384:32:16(2 SMX),,,51,28,,,,List_of_Nvidia_graphics_processing_units,2026-07-20T05:59:20Z,2026-07-20T05:59:20Z,,51,2013,2026-07-20 05:59:20
894,Quadro K2000M,NVIDIA,Quadro Kxxx series,GK107,"Jun 1, 2012",PCIe 3.0 x16,,DDR3,128,28.8,745,,1800,384:32:16,,,55,28,,,,List_of_Nvidia_graphics_processing_units,2026-07-20T05:59:20Z,2026-07-20T05:59:20Z,,55,2012,2026-07-20 05:59:20
901,Quadro K2100M,NVIDIA,Quadro Kxxx series,GK106,"Jul 23, 2013",PCIe 3.0 x16,,GDDR5,128,48.0,654,,1500(3000),576:48:16(3 SMX),,,55,28,,,,List_of_Nvidia_graphics_processing_units,2026-07-20T05:59:20Z,2026-07-20T05:59:20Z,,55,2013,2026-07-20 05:59:20
889,Quadro K2200,NVIDIA,Quadro Kxxx series,GM107-875-A2,"Jul 22, 2014",PCIe 2.0 x16,,GDDR5,128,80.2,1046,,1253(5012),640:40:16(5 SMM),,,68,28,,,,List_of_Nvidia_graphics_processing_units,2026-07-20T05:59:20Z,2026-07-20T05:59:20Z,,68,2014,2026-07-20 05:59:20
905,Quadro K2200M,NVIDIA,Quadro Kxxx series,GM107,"Jul 19, 2014",PCIe 3.0 x16,,GDDR5,128,80.2,1150,1150,1253(5012),640:40:16(5 SMM),,,65,28,,,,List_of_Nvidia_graphics_processing_units,2026-07-20T05:59:21Z,2026-07-20T05:59:21Z,,65,2014,2026-07-20 05:59:21
895,Quadro K3000M,NVIDIA,Quadro Kxxx series,GK104,"Jun 1, 2012",PCIe 3.0 x16,,GDDR5,256,89.6,654,,2800,576:48:32,,,75,28,,,,List_of_Nvidia_graphics_processing_units,2026-07-20T05:59:20Z,2026-07-20T05:59:20Z,,75,2012,2026-07-20 05:59:20
902,Quadro K3100M,NVIDIA,Quadro Kxxx series,GK104,"Jul 23, 2013",PCIe 3.0 x16,,GDDR5,256,102.4,680,,800(3200),768:64:32(4 SMX),,,75,28,,,,List_of_Nvidia_graphics_processing_units,2026-07-20T05:59:20Z,2026-07-20T05:59:20Z,,75,2013,2026-07-20 05:59:20
883,Quadro K4000,NVIDIA,Quadro Kxxx series,GK106,"Mar 1, 2013",PCIe 2.0 x16,,GDDR5,192,134.8,810.5,,1404(5616),768:64:24(4 SMX),,,80,28,,,,List_of_Nvidia_graphics_processing_units,2026-07-20T05:59:20Z,2026-07-20T05:59:20Z,,80,2013,2026-07-20 05:59:20
896,Quadro K4000M,NVIDIA,Quadro Kxxx series,GK104,"Jun 1, 2012",PCIe 3.0 x16,,GDDR5,256,89.6,600,,2800,960:80:32,,,100,28,,,,List_of_Nvidia_graphics_processing_units,2026-07-20T05:59:20Z,2026-07-20T05:59:20Z,,100,2012,2026-07-20 05:59:20
903,Quadro K4100M,NVIDIA,Quadro Kxxx series,GK104,"Jul 23, 2013",PCIe 3.0 x16,,GDDR5,256,102.4,706,,800(3200),1152:96:32(6 SMX),,,100,28,,,,List_of_Nvidia_graphics_processing_units,2026-07-20T05:59:21Z,2026-07-20T05:59:21Z,,100,2013,2026-07-20 05:59:21
886,Quadro K420,NVIDIA,Quadro Kxxx series,GK107,"Jul 22, 2014",PCIe 2.0 x16,,DDR3,128,29,780,,1800,192:16:16(1 SMX),,,41,28,,,,List_of_Nvidia_graphics_processing_units,2026-07-20T05:59:20Z,2026-07-20T05:59:20Z,,41,2014,2026-07-20 05:59:20
890,Quadro K4200,NVIDIA,Quadro Kxxx series,GK104,"Jul 22, 2014",PCIe 2.0 x16,,GDDR5,256,172.8,780,,1350(5400),1344:112:32(7 SMX),,,105,28,,,,List_of_Nvidia_graphics_processing_units,2026-07-20T05:59:20Z,2026-07-20T05:59:20Z,,105,2014,2026-07-20 05:59:20
884,Quadro K5000,NVIDIA,Quadro Kxxx series,GK104,"Aug 17, 2012",PCIe 2.0 x16,,GDDR5,256,172.8,706,,1350(5400),1536:128:32(8 SMX),,,122,28,,,,List_of_Nvidia_graphics_processing_units,2026-07-20T05:59:20Z,2026-07-20T05:59:20Z,,122,2012,2026-07-20 05:59:20
897,Quadro K5000M,NVIDIA,Quadro Kxxx series,GK104,"Aug 7, 2012",PCIe 3.0 x16,,GDDR5,256,96,706,,3000,1344:112:32,,,100,28,,,,List_of_Nvidia_graphics_processing_units,2026-07-20T05:59:20Z,2026-07-20T05:59:20Z,,100,2012,2026-07-20 05:59:20
892,Quadro K500M,NVIDIA,Quadro Kxxx series,GK107,"Jun 1, 2012",PCIe 3.0 x16,,DDR3,64,12.8,850,,1600,192:16:8,,,35,28,,,,List_of_Nvidia_graphics_processing_units,2026-07-20T05:59:20Z,2026-07-20T05:59:20Z,,35,2012,2026-07-20 05:59:20
904,Quadro K5100M,NVIDIA,Quadro Kxxx series,GK104,"Jul 23, 2013",PCIe 3.0 x16,,GDDR5,256,115.2,771,,900(3600),1536:128:32(8 SMX),,,100,28,,,,List_of_Nvidia_graphics_processing_units,2026-07-20T05:59:21Z,2026-07-20T05:59:21Z,,100,2013,2026-07-20 05:59:21
898,Quadro K510M,NVIDIA,Quadro Kxxx series,GK208,"Jul 23, 2013",PCIe 3.0 x8,,GDDR5,64,19.2,850,,1200(2400),192:16:8(1 SMX),,,30,28,,,,List_of_Nvidia_graphics_processing_units,2026-07-20T05:59:20Z,2026-07-20T05:59:20Z,,30,2013,2026-07-20 05:59:20
891,Quadro K5200,NVIDIA,Quadro Kxxx series,GK110B,"Jul 22, 2014",PCIe 3.0 x16,,GDDR5,256,192,650,,1500(6000),2304:192:32(12 SMX),,,150,28,,,,List_of_Nvidia_graphics_processing_units,2026-07-20T05:59:20Z,2026-07-20T05:59:20Z,,150,2014,2026-07-20 05:59:20
880,Quadro K600,NVIDIA,Quadro Kxxx series,GK107,"Mar 1, 2013",PCIe 2.0 x16,,DDR3,128,28.5,876,,891(1782),192:16:16(1 SMX),,,41,28,,,,List_of_Nvidia_graphics_processing_units,2026-07-20T05:59:20Z,2026-07-20T05:59:20Z,,41,2013,2026-07-20 05:59:20
885,Quadro K6000,NVIDIA,Quadro Kxxx series,GK110,"Jul 23, 2013",PCIe 3.0 x16,,GDDR5,384,288,901.5,,1502(6008),2880:240:48(15 SMX),,,225,28,,,,List_of_Nvidia_graphics_processing_units,2026-07-20T05:59:20Z,2026-07-20T05:59:20Z,,225,2013,2026-07-20 05:59:20
899,Quadro K610M,NVIDIA,Quadro Kxxx series,GK208,"Jul 23, 2013",PCIe 3.0 x16,,GDDR5,64,20.8,980,,1300(2600),192:16:8(1 SMX),,,30,28,,,,List_of_Nvidia_graphics_processing_units,2026-07-20T05:59:20Z,2026-07-20T05:59:20Z,,30,2013,2026-07-20 05:59:20
887,Quadro K620,NVIDIA,Quadro Kxxx series,GM107-850,"Jul 22, 2014",PCIe 2.0 x16,,DDR3,128,28.8,1000,,900(1800),384:24:16(3 SMM),,,45,28,,,,List_of_Nvidia_graphics_processing_units,2026-07-20T05:59:20Z,2026-07-20T05:59:20Z,,45,2014,2026-07-20 05:59:20
912,Quadro M1000M,NVIDIA,Quadro Mxxx series,GM107,"Aug 18, 2015",PCIe 3.0 x16,,GDDR5,128,80.2,993,,1253(5012),512:32:16(4 SMM),,,40,28,,,,List_of_Nvidia_graphics_processing_units,2026-07-20T05:59:21Z,2026-07-20T05:59:21Z,,40,2015,2026-07-20 05:59:21
919,Quadro M1200 Mobile,NVIDIA,Quadro Mxxx series,GM107,"Jan 11, 2017",PCIe 3.0 x16,,GDDR5,128,80.2,991,1148,5012,640:40:16(5 SMM),,,45,28,,,,List_of_Nvidia_graphics_processing_units,2026-07-20T05:59:21Z,2026-07-20T05:59:21Z,,45,2017,2026-07-20 05:59:21
906,Quadro M2000,NVIDIA,Quadro Mxxx series,GM206-875-A1,"Apr 8, 2016",PCIe 3.0 x16,,GDDR5,128,105.8,796,,1653(6612),768:48:32:6,,,75,28,,,,List_of_Nvidia_graphics_processing_units,2026-07-20T05:59:21Z,2026-07-20T05:59:21Z,,75,2016,2026-07-20 05:59:21
913,Quadro M2000M,NVIDIA,Quadro Mxxx series,GM107,"Dec 3, 2015",PCIe 3.0 x16,,GDDR5,128,80.2,1029,1098,1253(5012),640:40:16(5 SMM),,,55,28,,,,List_of_Nvidia_graphics_processing_units,2026-07-20T05:59:21Z,2026-07-20T05:59:21Z,,55,2015,2026-07-20 05:59:21
920,Quadro M2200 Mobile,NVIDIA,Quadro Mxxx series,GM206,"Jan 11, 2017",PCIe 3.0 x16,,GDDR5,128,88.1,695,1037,5508,1024:64:32(8 SMM),,,55,28,,,,List_of_Nvidia_graphics_processing_units,2026-07-20T05:59:21Z,2026-07-20T05:59:21Z,,55,2017,2026-07-20 05:59:21
914,Quadro M3000M,NVIDIA,Quadro Mxxx series,GM204,"Aug 18, 2015",PCIe 3.0 x16,,GDDR5,256,160.4,1050,,1253(5012),1024:64:32(8 SMM),,,75,28,,,,List_of_Nvidia_graphics_processing_units,2026-07-20T05:59:21Z,2026-07-20T05:59:21Z,,75,2015,2026-07-20 05:59:21
907,Quadro M4000,NVIDIA,Quadro Mxxx series,GM204-850-A1,"Jun 29, 2015",PCIe 3.0 x16,,GDDR5,256,192.4,773,,1503(6012),1664:104:64:13,,,120,28,,,,List_of_Nvidia_graphics_processing_units,2026-07-20T05:59:21Z,2026-07-20T05:59:21Z,,120,2015,2026-07-20 05:59:21
915,Quadro M4000M,NVIDIA,Quadro Mxxx series,GM204,"Aug 18, 2015",PCIe 3.0 x16,,GDDR5,256,160.4,975,,1253(5012),1280:80:48(10 SMM),,,100,28,,,,List_of_Nvidia_graphics_processing_units,2026-07-20T05:59:21Z,2026-07-20T05:59:21Z,,100,2015,2026-07-20 05:59:21
908,Quadro M5000,NVIDIA,Quadro Mxxx series,GM204-875-A1,"Jun 29, 2015",PCIe 3.0 x16,,GDDR5,256,211.6,861,,1653(6612),2048:128:64:16,,,150,28,,,,List_of_Nvidia_graphics_processing_units,2026-07-20T05:59:21Z,2026-07-20T05:59:21Z,,150,2015,2026-07-20 05:59:21
916,Quadro M5000M,NVIDIA,Quadro Mxxx series,GM204,"Aug 18, 2015",PCIe 3.0 x16,,GDDR5,256,160.4,962,,1253(5012),1536:96:64(12 SMM),,,100,28,,,,List_of_Nvidia_graphics_processing_units,2026-07-20T05:59:21Z,2026-07-20T05:59:21Z,,100,2015,2026-07-20 05:59:21
910,Quadro M500M,NVIDIA,Quadro Mxxx series,GM108,"Apr 27, 2016",PCIe 3.0 x16,,DDR3,64,14.40,1029,1124,900 (1800),384:24:8(3 SMM),,,25,28,,,,List_of_Nvidia_graphics_processing_units,2026-07-20T05:59:21Z,2026-07-20T05:59:21Z,,25,2016,2026-07-20 05:59:21
917,Quadro M520 Mobile,NVIDIA,Quadro Mxxx series,GM108,"Jan 11, 2017",PCIe 3.0 x16,,GDDR5,64,40,965,1176,5000,384:24:8(3 SMM),,,25,28,,,,List_of_Nvidia_graphics_processing_units,2026-07-20T05:59:21Z,2026-07-20T05:59:21Z,,25,2017,2026-07-20 05:59:21
921,Quadro M5500 Mobile,NVIDIA,Quadro Mxxx series,GM204,"Apr 8, 2016",PCIe 3.0 x16,,GDDR5,256,211.4,861,1140,6606,2048:128:64(16 SMM),,,150,28,,,,List_of_Nvidia_graphics_processing_units,2026-07-20T05:59:21Z,2026-07-20T05:59:21Z,,150,2016,2026-07-20 05:59:21
909,Quadro M6000,NVIDIA,Quadro Mxxx series,GM200GLGM200-880-A1,"Mar 21, 2015",PCIe 3.0 x16,,GDDR5,384,317,988,,1653(6612),3072:192:96:24,,,250,28,,,,List_of_Nvidia_graphics_processing_units,2026-07-20T05:59:21Z,2026-07-20T05:59:21Z,,250,2015,2026-07-20 05:59:21
911,Quadro M600M,NVIDIA,Quadro Mxxx series,GM107,"Aug 18, 2015",PCIe 3.0 x16,,GDDR5,128,80.2,837,876,1253(5012),384:24:16(3 SMM),,,30,28,,,,List_of_Nvidia_graphics_processing_units,2026-07-20T05:59:21Z,2026-07-20T05:59:21Z,,30,2015,2026-07-20 05:59:21
918,Quadro M620 Mobile,NVIDIA,Quadro Mxxx series,GM107,"Jan 11, 2017",PCIe 3.0 x16,,GDDR5,128,80.2,756,1018,5012,512:32:16(4 SMM),,,30,28,,,,List_of_Nvidia_graphics_processing_units,2026-07-20T05:59:21Z,2026-07-20T05:59:21Z,,30,2017,2026-07-20 05:59:21
762,Quadro NVS 110M,NVIDIA,Mobility Quadro NVS series,G72M,"Jun 1, 2006",PCIe 1.0 x16,,DDR,64,4.8,300,,600,3:4:4:2,,,10,90,,,,List_of_Nvidia_graphics_processing_units,2026-07-20T05:59:14Z,2026-07-20T05:59:14Z,,10,2006,2026-07-20 05:59:14
763,Quadro NVS 120M,NVIDIA,Mobility Quadro NVS series,G72GLM,"Jun 1, 2006",PCIe 1.0 x16,,DDR2,64,5.6,450,,700,3:4:4:2,,,10,90,,,,List_of_Nvidia_graphics_processing_units,2026-07-20T05:59:14Z,2026-07-20T05:59:14Z,,10,2006,2026-07-20 05:59:14
764,Quadro NVS 130M,NVIDIA,Mobility Quadro NVS series,G86M,"May 9, 2007",PCIe 2.0 x16,,DDR2,64,6.4?,400?,,700,8:4:4,,,10,80,,,,List_of_Nvidia_graphics_processing_units,2026-07-20T05:59:14Z,2026-07-20T05:59:14Z,,10,2007,2026-07-20 05:59:14
765,Quadro NVS 135M,NVIDIA,Mobility Quadro NVS series,G86M,"May 9, 2007",PCIe 2.0 x16,,GDDR3,64,9.504,400,,1188,16:8:4,,,10,80,,,,List_of_Nvidia_graphics_processing_units,2026-07-20T05:59:14Z,2026-07-20T05:59:14Z,,10,2007,2026-07-20 05:59:14
766,Quadro NVS 140M,NVIDIA,Mobility Quadro NVS series,G86M,"May 9, 2007",PCIe 2.0 x16,,GDDR3,64,9.6,400,,1200,16:8:4,,,10,80,,,,List_of_Nvidia_graphics_processing_units,2026-07-20T05:59:14Z,2026-07-20T05:59:14Z,,10,2007,2026-07-20 05:59:14
767,Quadro NVS 150M,NVIDIA,Mobility Quadro NVS series,G98M,"Aug 15, 2008",PCIe 2.0 x16,,GDDR3,64,11.2,530,,1400,8:4:4,,,10,65,,,,List_of_Nvidia_graphics_processing_units,2026-07-20T05:59:14Z,2026-07-20T05:59:14Z,,10,2008,2026-07-20 05:59:14
768,Quadro NVS 160M,NVIDIA,Mobility Quadro NVS series,G98M,"Aug 15, 2008",PCIe 2.0 x16,,GDDR3,64,11.2,580,,1400,8:8:4,,,12,65,,,,List_of_Nvidia_graphics_processing_units,2026-07-20T05:59:14Z,2026-07-20T05:59:14Z,,12,2008,2026-07-20 05:59:14
769,Quadro NVS 300M,NVIDIA,Mobility Quadro NVS series,G72GLM,"May 24, 2006",PCIe 1.0 x16,,DDR2,64,8,450,,1000,3:4:4:2,,,16,90,,,,List_of_Nvidia_graphics_processing_units,2026-07-20T05:59:14Z,2026-07-20T05:59:14Z,,16,2006,2026-07-20 05:59:14
770,Quadro NVS 320M,NVIDIA,Mobility Quadro NVS series,G84M,"Jun 9, 2007",PCIe 2.0 x16,,GDDR3,128,22.4,575,,1400,32:16:8,,,20,65,,,,List_of_Nvidia_graphics_processing_units,2026-07-20T05:59:14Z,2026-07-20T05:59:14Z,,20,2007,2026-07-20 05:59:14
771,Quadro NVS 510M,NVIDIA,Mobility Quadro NVS series,G72GLM,"Aug 21, 2006",PCIe 1.0 x16,,GDDR3,256,38.4,500,,1200,8:24:24:16,,,45?,90,,,,List_of_Nvidia_graphics_processing_units,2026-07-20T05:59:14Z,2026-07-20T05:59:14Z,,45,2006,2026-07-20 05:59:14
925,Quadro P1000,NVIDIA,Quadro Pxxx series,GP107-860,"Feb 7, 2017",PCIe 3.0 x16,,GDDR5,128,82,1266,1481,1752(7008),640:40:32:5,,,47,14,,,,List_of_Nvidia_graphics_processing_units,2026-07-20T05:59:21Z,2026-07-20T05:59:21Z,,47,2017,2026-07-20 05:59:21
934,Quadro P1000 Mobile,NVIDIA,Quadro Pxxx series,GP107(N18P-Q1-A1),"Feb 7, 2017",PCIe 3.0 x16,,GDDR5,128,96,1493,1519,1502,512:32:16:4,,,40,14,,,,List_of_Nvidia_graphics_processing_units,2026-07-20T05:59:21Z,2026-07-20T05:59:21Z,,40,2017,2026-07-20 05:59:21
926,Quadro P2000,NVIDIA,Quadro Pxxx series,GP106-875,"Feb 6, 2017",PCIe 3.0 x16,,GDDR5,160,140,1076,1480,2002(8008),1024:64:40:8,,,75,16,,,,List_of_Nvidia_graphics_processing_units,2026-07-20T05:59:21Z,2026-07-20T05:59:21Z,,75,2017,2026-07-20 05:59:21
935,Quadro P2000 Mobile,NVIDIA,Quadro Pxxx series,GP107(N18P-Q3-A1),"Feb 6, 2017",PCIe 3.0 x16,,GDDR5,128,96,1557,1607,1502,768:64:32:6,,,50,14,,,,List_of_Nvidia_graphics_processing_units,2026-07-20T05:59:21Z,2026-07-20T05:59:21Z,,50,2017,2026-07-20 05:59:21
927,Quadro P2200,NVIDIA,Quadro Pxxx series,GP106-880-K1-A1,"Jun 10, 2019",PCIe 3.0 x16,,GDDR5X,160,200,1000,1493,1251 (10008),1280:80:40:9,,,75,16,,,,List_of_Nvidia_graphics_processing_units,2026-07-20T05:59:21Z,2026-07-20T05:59:21Z,,75,2019,2026-07-20 05:59:21
936,Quadro P3000 Mobile,NVIDIA,Quadro Pxxx series,GP106,"Jan 11, 2017",PCIe 3.0 x16,,GDDR5,192,168,1088,1215,1752,1280:80:48:10,,,75,16,,,,List_of_Nvidia_graphics_processing_units,2026-07-20T05:59:21Z,2026-07-20T05:59:21Z,,75,2017,2026-07-20 05:59:21
940,Quadro P3200 Mobile,NVIDIA,Quadro Pxxx series,GP104,"Feb 21, 2018",PCIe 3.0 x16,,GDDR5,192,168.2,1328,1543,1752,1792:112:64:14,,,75,16,,,,List_of_Nvidia_graphics_processing_units,2026-07-20T05:59:21Z,2026-07-20T05:59:21Z,,75,2018,2026-07-20 05:59:21
922,Quadro P400,NVIDIA,Quadro Pxxx series,GP107-825,"Feb 7, 2017",PCIe 3.0 x16,,GDDR5,64,32,1228,1252,1003(4012),256:16:16:2,,,30,14,,,,List_of_Nvidia_graphics_processing_units,2026-07-20T05:59:21Z,2026-07-20T05:59:21Z,,30,2017,2026-07-20 05:59:21
928,Quadro P4000,NVIDIA,Quadro Pxxx series,GP104-850-A1,"Feb 6, 2017",PCIe 3.0 x16,,GDDR5,256,243,1202,1480,1901(7604),1792:112:64:14,,,105,16,,,,List_of_Nvidia_graphics_processing_units,2026-07-20T05:59:21Z,2026-07-20T05:59:21Z,,105,2017,2026-07-20 05:59:21
938,Quadro P4000 Max-Q,NVIDIA,Quadro Pxxx series,GP104,"Jan 11, 2017",PCIe 3.0 x16,,GDDR5,256,192,1114,1228,1502,1792:112:64:14,,,80,16,,,,List_of_Nvidia_graphics_processing_units,2026-07-20T05:59:21Z,2026-07-20T05:59:21Z,,80,2017,2026-07-20 05:59:21
937,Quadro P4000 Mobile,NVIDIA,Quadro Pxxx series,GP104,"Jan 11, 2017",PCIe 3.0 x16,,GDDR5,256,192,1202,1228,1500,1792:112:64:14,,,100,16,,,,List_of_Nvidia_graphics_processing_units,2026-07-20T05:59:21Z,2026-07-20T05:59:21Z,,100,2017,2026-07-20 05:59:21
942,Quadro P4200 Max-Q,NVIDIA,Quadro Pxxx series,GP104,"Feb 21, 2018",PCIe 3.0 x16,,GDDR5,256,224.4,1215,1480,1753,2304:144:64:18,,,100,16,,,,List_of_Nvidia_graphics_processing_units,2026-07-20T05:59:21Z,2026-07-20T05:59:21Z,,100,2018,2026-07-20 05:59:21
941,Quadro P4200 Mobile,NVIDIA,Quadro Pxxx series,GP104,"Feb 21, 2018",PCIe 3.0 x16,,GDDR5,256,224.4,1418,1594,1753,2304:144:64:18,,,100,16,,,,List_of_Nvidia_graphics_processing_units,2026-07-20T05:59:21Z,2026-07-20T05:59:21Z,,100,2018,2026-07-20 05:59:21
932,Quadro P500 Mobile,NVIDIA,Quadro Pxxx series,GP108,"Jan 5, 2018",PCIe 3.0 x16,,GDDR5,64,40,1455,1519,1253,256:16:16:2,,,18,14,,,,List_of_Nvidia_graphics_processing_units,2026-07-20T05:59:21Z,2026-07-20T05:59:21Z,,18,2018,2026-07-20 05:59:21
929,Quadro P5000,NVIDIA,Quadro Pxxx series,GP104-875-A1,"Oct 1, 2016",PCIe 3.0 x16,,GDDR5X,256,288,1607,1733,1126(9008),2560:160:64:20,,,180,16,,,,List_of_Nvidia_graphics_processing_units,2026-07-20T05:59:21Z,2026-07-20T05:59:21Z,,180,2016,2026-07-20 05:59:21
939,Quadro P5000 Mobile,NVIDIA,Quadro Pxxx series,GP104,"Jan 11, 2017",PCIe 3.0 x16,,GDDR5,256,192,1164,1506,1500,2048:128:64:16,,,100,16,,,,List_of_Nvidia_graphics_processing_units,2026-07-20T05:59:21Z,2026-07-20T05:59:21Z,,100,2017,2026-07-20 05:59:21
944,Quadro P5200 Max-Q,NVIDIA,Quadro Pxxx series,GP104,"Feb 21, 2018",PCIe 3.0 x16,,GDDR5,256,230.9,1240,1480,1804,2560:160:64:20,,,100,16,,,,List_of_Nvidia_graphics_processing_units,2026-07-20T05:59:21Z,2026-07-20T05:59:21Z,,100,2018,2026-07-20 05:59:21
943,Quadro P5200 Mobile,NVIDIA,Quadro Pxxx series,GP104,"Feb 21, 2018",PCIe 3.0 x16,,GDDR5,256,230.9,1582,1759,1804,2560:160:64:20,,,100,16,,,,List_of_Nvidia_graphics_processing_units,2026-07-20T05:59:21Z,2026-07-20T05:59:21Z,,100,2018,2026-07-20 05:59:21
923,Quadro P600,NVIDIA,Quadro Pxxx series,GP107-850,"Feb 7, 2017",PCIe 3.0 x16,,GDDR5,128,64,1329,1557,1003(4012),384:24:16:3,,,40,14,,,,List_of_Nvidia_graphics_processing_units,2026-07-20T05:59:21Z,2026-07-20T05:59:21Z,,40,2017,2026-07-20 05:59:21
933,Quadro P600 Mobile,NVIDIA,Quadro Pxxx series,GP107,"Feb 7, 2017",PCIe 3.0 x16,,GDDR5,128,80,1430,1620,1252,384:24:16:3,,,25,14,,,,List_of_Nvidia_graphics_processing_units,2026-07-20T05:59:21Z,2026-07-20T05:59:21Z,,25,2017,2026-07-20 05:59:21
930,Quadro P6000,NVIDIA,Quadro Pxxx series,GP102-875-A1,"Oct 1, 2016",PCIe 3.0 x16,,GDDR5X,384,432,1506,1645,1126(9008),3840:240:96:30,,,250,16,,,,List_of_Nvidia_graphics_processing_units,2026-07-20T05:59:21Z,2026-07-20T05:59:21Z,,250,2016,2026-07-20 05:59:21
924,Quadro P620,NVIDIA,Quadro Pxxx series,GP107-855,"Feb 1, 2018",PCIe 3.0 x16,,GDDR5,128,64,1266,1354,1003(4012),512:32:16:4,,,40,14,,,,List_of_Nvidia_graphics_processing_units,2026-07-20T05:59:21Z,2026-07-20T05:59:21Z,,40,2018,2026-07-20 05:59:21
1024,Quadro Plex 2200 D2 Visual Computing System,NVIDIA,Tesla,,"July 25, 2008",,2× 4,GDDR3,2× 512,2× 102.4,648,—N/a,,2× 240:80 :32:0:0 (30),,,,No,,,,List_of_Nvidia_graphics_processing_units,2026-07-20T05:59:23Z,2026-07-20T05:59:23Z,,,2008,2026-07-20 05:59:23
1025,Quadro Plex 2200 S4 Visual Computing System,NVIDIA,Tesla,,"July 25, 2008",,4× 4,GDDR3,4× 512,4× 102.4,648,—N/a,,4× 240:80 :32:0:0 (30),,,1200,No,,,,List_of_Nvidia_graphics_processing_units,2026-07-20T05:59:23Z,2026-07-20T05:59:23Z,,1200,2008,2026-07-20 05:59:23
871,Quadro Plex 7000,NVIDIA,Quadro x000 series,2× GF100,"July 25, 2011",PCIe 2.0 x16,,GDDR5,2× 384,2× 144,574,,3000,2× 512:644:48,,,600,40,,,,List_of_Nvidia_graphics_processing_units,2026-07-20T05:59:20Z,2026-07-20T05:59:20Z,,600,2011,2026-07-20 05:59:20
962,Quadro RTX 3000 Max-Q,NVIDIA,Quadro RTX x000 / Tx00 / Tx000 series,TU106,"May 27, 2019",PCIe 3.0,,GDDR6,256,416,600,1215,1625,2304:144 :48:36:288,,,60,12,,,,List_of_Nvidia_graphics_processing_units,2026-07-20T05:59:22Z,2026-07-20T05:59:22Z,,60,2019,2026-07-20 05:59:22
961,Quadro RTX 3000 Mobile,NVIDIA,Quadro RTX x000 / Tx00 / Tx000 series,TU106 (N19E-Q1-KA-K1),"May 27, 2019",PCIe 3.0,,GDDR6,256,448,945,1380,1750,2304:144 :48:36:288,,,60-80,12,,,,List_of_Nvidia_graphics_processing_units,2026-07-20T05:59:22Z,2026-07-20T05:59:22Z,,60,2019,2026-07-20 05:59:22
946,Quadro RTX 4000,NVIDIA,Quadro RTX x000 / Tx00 / Tx000 series,TU104-850-A1,"Nov 13, 2018",PCIe 3.0 x16,,GDDR6,256,416,1005,1545,1625(13000),2304:144:64:36:288,,,100-125,12,,,,List_of_Nvidia_graphics_processing_units,2026-07-20T05:59:21Z,2026-07-20T05:59:21Z,,100,2018,2026-07-20 05:59:21
964,Quadro RTX 4000 Max-Q,NVIDIA,Quadro RTX x000 / Tx00 / Tx000 series,TU104,"May 27, 2019",PCIe 3.0,,GDDR6,256,416,780,1380,1625,2560:160 :64:40:320,,,80,12,,,,List_of_Nvidia_graphics_processing_units,2026-07-20T05:59:22Z,2026-07-20T05:59:22Z,,80,2019,2026-07-20 05:59:22
963,Quadro RTX 4000 Mobile,NVIDIA,Quadro RTX x000 / Tx00 / Tx000 series,TU104 (N19E-Q3-A1),"May 27, 2019",PCIe 3.0,,GDDR6,256,448,1110,1560,1750,2560:160 :64:40:320,,,110,12,,,,List_of_Nvidia_graphics_processing_units,2026-07-20T05:59:22Z,2026-07-20T05:59:22Z,,110,2019,2026-07-20 05:59:22
947,Quadro RTX 5000,NVIDIA,Quadro RTX x000 / Tx00 / Tx000 series,TU104-875-A1,"Aug 13, 2018",PCIe 3.0 x16,,GDDR6,256,448,1620,1815,1750(14000),3072:192:64:48:384,,,125-230,12,,,,List_of_Nvidia_graphics_processing_units,2026-07-20T05:59:21Z,2026-07-20T05:59:21Z,,125,2018,2026-07-20 05:59:21
966,Quadro RTX 5000 Max-Q,NVIDIA,Quadro RTX x000 / Tx00 / Tx000 series,TU104,"May 27, 2019",PCIe 3.0,,GDDR6,256,384,600,1350,1500,3072:192 :64:48:384,,,80,12,,,,List_of_Nvidia_graphics_processing_units,2026-07-20T05:59:22Z,2026-07-20T05:59:22Z,,80,2019,2026-07-20 05:59:22
965,Quadro RTX 5000 Mobile,NVIDIA,Quadro RTX x000 / Tx00 / Tx000 series,TU104 (N19E-Q5-A1),"May 27, 2019",PCIe 3.0,,GDDR6,256,448,1035,1530,1750,3072:192 :64:48:384,,,110,12,,,,List_of_Nvidia_graphics_processing_units,2026-07-20T05:59:22Z,2026-07-20T05:59:22Z,,110,2019,2026-07-20 05:59:22
948,Quadro RTX 6000,NVIDIA,Quadro RTX x000 / Tx00 / Tx000 series,TU102-875-A1,"Aug 13, 2018",PCIe 3.0 x16,,GDDR6,384,672,1440,1770,1750(14000),4608:288:96:72:576,,,100-260,12,,,,List_of_Nvidia_graphics_processing_units,2026-07-20T05:59:21Z,2026-07-20T05:59:21Z,,100,2018,2026-07-20 05:59:21
967,Quadro RTX 6000 Mobile,NVIDIA,Quadro RTX x000 / Tx00 / Tx000 series,TU102,"Sep 4, 2019",PCIe 3.0,,GDDR6,384,672,1275,1455,1750,4608:288 :96:72:576,,,200,12,,,,List_of_Nvidia_graphics_processing_units,2026-07-20T05:59:22Z,2026-07-20T05:59:22Z,,200,2019,2026-07-20 05:59:22
949,Quadro RTX 8000,NVIDIA,Quadro RTX x000 / Tx00 / Tx000 series,TU102-875-A1,"Aug 13, 2018",PCIe 3.0 x16,,GDDR6,384,672,1395,1770,1750(14000),4608:288:96:72:576,,,100-260,12,,,,List_of_Nvidia_graphics_processing_units,2026-07-20T05:59:21Z,2026-07-20T05:59:21Z,,100,2018,2026-07-20 05:59:21
957,Quadro T1000 Mobile,NVIDIA,Quadro RTX x000 / Tx00 / Tx000 series,TU117 (N19P-Q1-A1),"May 27, 2019",PCIe 3.0,,GDDR5,128,128,1395,1455,2000,768:48 :32:12:1536,,,40-50,12,,,,List_of_Nvidia_graphics_processing_units,2026-07-20T05:59:21Z,2026-07-20T05:59:21Z,,40,2019,2026-07-20 05:59:21
958,Quadro T1200 Mobile,NVIDIA,Quadro RTX x000 / Tx00 / Tx000 series,TU117,"Apr 12, 2021",PCIe 3.0,,GDDR5,128,224,1515,1785,1500,1024:64 :32:16:64,,,18,12,,,,List_of_Nvidia_graphics_processing_units,2026-07-20T05:59:21Z,2026-07-20T05:59:21Z,,18,2021,2026-07-20 05:59:22
960,Quadro T2000 Max-Q,NVIDIA,Quadro RTX x000 / Tx00 / Tx000 series,TU117,"May 27, 2019",PCIe 3.0,,GDDR5,128,128,1035,1395,1250,1024:64 :32:16:2048,,,40,12,,,,List_of_Nvidia_graphics_processing_units,2026-07-20T05:59:22Z,2026-07-20T05:59:22Z,,40,2019,2026-07-20 05:59:22
959,Quadro T2000 Mobile,NVIDIA,Quadro RTX x000 / Tx00 / Tx000 series,TU117 (N19P-Q3-A1),"May 27, 2019",PCIe 3.0,,GDDR5,128,128,1575,1785,2001,1024:64 :32:16:2048,,,60,12,,,,List_of_Nvidia_graphics_processing_units,2026-07-20T05:59:22Z,2026-07-20T05:59:22Z,,60,2019,2026-07-20 05:59:22
953,Quadro T500 Mobile,NVIDIA,Quadro RTX x000 / Tx00 / Tx000 series,TU117 (N19P-Q1-A1),"Dec 2, 2020",PCIe 3.0,,GDDR5,64,80,1365,1695,1250,896:56 :32:14:56,,,18,12,,,,List_of_Nvidia_graphics_processing_units,2026-07-20T05:59:21Z,2026-07-20T05:59:21Z,,18,2020,2026-07-20 05:59:21
955,Quadro T550 Mobile,NVIDIA,Quadro RTX x000 / Tx00 / Tx000 series,TU117,May 2022,PCIe 3.0,,GDDR5,64,112,1065,1665,1500,1024:64 :32:26:64,,,23,12,,,,List_of_Nvidia_graphics_processing_units,2026-07-20T05:59:21Z,2026-07-20T05:59:21Z,,23,2022,2026-07-20 05:59:21
956,Quadro T600 Mobile,NVIDIA,Quadro RTX x000 / Tx00 / Tx000 series,TU117,"Apr 12, 2021",PCIe 3.0,,GDDR5,128,192,780,1410,1500,896:56 :32:14:56,,,40,12,,,,List_of_Nvidia_graphics_processing_units,2026-07-20T05:59:21Z,2026-07-20T05:59:21Z,,40,2021,2026-07-20 05:59:21
844,Quadro VX 200,NVIDIA,Quadro FX (x700) series,G92-851-A2,"Jan 8, 2008",PCIe 2.0 x16,,GDDR3,256,51.2,450,,1600,96:48:16,,,75,65,,,,List_of_Nvidia_graphics_processing_units,2026-07-20T05:59:19Z,2026-07-20T05:59:19Z,,75,2008,2026-07-20 05:59:19
781,Quadro2 EX,NVIDIA,Quadro,NV11GL,,AGP 4x,,SDR,128,2.7,175,,166,0:2:4:2,,,,180,,,,List_of_Nvidia_graphics_processing_units,2026-07-20T05:59:14Z,2026-07-20T05:59:14Z,,,,2026-07-20 05:59:14
792,Quadro2 Go,NVIDIA,Quadro Go (GL) & Quadro FX Go series,NV11 GLM,"August 14, 2001",AGP 4x,,SDRDDR,128,2.95.8,143,,130360,2:0:4:2,,,,180,,,,List_of_Nvidia_graphics_processing_units,2026-07-20T05:59:18Z,2026-07-20T05:59:18Z,,,2001,2026-07-20 05:59:18
780,Quadro2 MXR,NVIDIA,Quadro,NV11GL,,AGP 4x,,SDR,128,2.93,200,,183,0:2:4:2,,,,180,,,,List_of_Nvidia_graphics_processing_units,2026-07-20T05:59:14Z,2026-07-20T05:59:14Z,,,,2026-07-20 05:59:14
782,Quadro2 PRO,NVIDIA,Quadro,NV15GL,,AGP 4x,,DDR,128,6.4,250,,400,0:4:8:4,,,,150,,,,List_of_Nvidia_graphics_processing_units,2026-07-20T05:59:14Z,2026-07-20T05:59:14Z,,,,2026-07-20 05:59:14
784,Quadro4 380XGL,NVIDIA,Quadro,NV18GL,,AGP 8x,,DDR,128,8.2,275,,513,0:2:4:2,,,,150,,,,List_of_Nvidia_graphics_processing_units,2026-07-20T05:59:14Z,2026-07-20T05:59:14Z,,,,2026-07-20 05:59:14
793,Quadro4 500 Go GL,NVIDIA,Quadro Go (GL) & Quadro FX Go series,NV17 GLM,"April 23, 2002","AGP 4x,8x",,DDR,128,7.0,220,,220,2:0:4:2,,,,150,,,,List_of_Nvidia_graphics_processing_units,2026-07-20T05:59:18Z,2026-07-20T05:59:18Z,,,2002,2026-07-20 05:59:18
785,Quadro4 500XGL,NVIDIA,Quadro,NV17GL,,AGP 4x,,SDR,128,2.7,250,,166,0:2:4:2,,,,150,,,,List_of_Nvidia_graphics_processing_units,2026-07-20T05:59:14Z,2026-07-20T05:59:14Z,,,,2026-07-20 05:59:14
786,Quadro4 550XGL,NVIDIA,Quadro,NV17GL,,AGP 4x,,DDR,128,6.4,270,,400,0:2:4:2,,,,150,,,,List_of_Nvidia_graphics_processing_units,2026-07-20T05:59:14Z,2026-07-20T05:59:14Z,,,,2026-07-20 05:59:15
787,Quadro4 580XGL,NVIDIA,Quadro,NV18GL,,AGP 8x,,DDR,128,6.4,300,,400,0:2:4:2,,,,150,,,,List_of_Nvidia_graphics_processing_units,2026-07-20T05:59:18Z,2026-07-20T05:59:18Z,,,,2026-07-20 05:59:18
794,Quadro4 700 Go GL,NVIDIA,Quadro Go (GL) & Quadro FX Go series,NV28 GLM,"February 5, 2003","AGP 4x,8x",,DDR,128?,7.4?,176,,200,4:2:4:4,,,,150,,,,List_of_Nvidia_graphics_processing_units,2026-07-20T05:59:18Z,2026-07-20T05:59:18Z,,,2003,2026-07-20 05:59:18
788,Quadro4 700XGL,NVIDIA,Quadro,NV25,,AGP 4x,,DDR,128,8.8,275,,550,2:4:8:4,,,,150,,,,List_of_Nvidia_graphics_processing_units,2026-07-20T05:59:18Z,2026-07-20T05:59:18Z,,,,2026-07-20 05:59:18
789,Quadro4 750XGL,NVIDIA,Quadro,NV25,,AGP 4x,,DDR,128,8.8,275,,550,2:4:8:4,,,,150,,,,List_of_Nvidia_graphics_processing_units,2026-07-20T05:59:18Z,2026-07-20T05:59:18Z,,,,2026-07-20 05:59:18
790,Quadro4 900XGL,NVIDIA,Quadro,NV25,,AGP 4x,,DDR,128,10.4,300,,650,2:4:8:4,,,,150,,,,List_of_Nvidia_graphics_processing_units,2026-07-20T05:59:18Z,2026-07-20T05:59:18Z,,,,2026-07-20 05:59:18
791,Quadro4 980XGL,NVIDIA,Quadro,NV28GL,,AGP 8x,,DDR,128,10.4,300,,650,2:4:8:4,,,,150,,,,List_of_Nvidia_graphics_processing_units,2026-07-20T05:59:18Z,2026-07-20T05:59:18Z,,,,2026-07-20 05:59:18
1071,RSX (PS3),NVIDIA,Console/handheld GPUs,G70,"November 11, 2006",FlexIO,,XDRGDDR3,128,15 (write)20 (read)20.8,500,,650,24:8:24:81,,,,Toshiba 90/65/40 nm/28 nm,,,,List_of_Nvidia_graphics_processing_units,2026-07-20T05:59:24Z,2026-07-20T05:59:24Z,,,2006,2026-07-20 05:59:24
995,RTX 1000 Mobile Ada Generation,NVIDIA,RTX Ada Generation,AD107,"Feb, 2024",PCIe 4.0,,GDDR6,96,192,1485,2025,2000,2560:20:80,,,35–140,TSMC 4N,,,,List_of_Nvidia_graphics_processing_units,2026-07-20T05:59:22Z,2026-07-20T05:59:22Z,,35,2024,2026-07-20 05:59:22
987,RTX 2000 Ada Generation,NVIDIA,RTX Ada Generation,AD107-875-A1,"Feb 12, 2024",PCIe 4.0 x8,,GDDR6,128,224,1620,2130,2000,2816:88 :48:22:88,,,70,TSMC 4N,,,,List_of_Nvidia_graphics_processing_units,2026-07-20T05:59:22Z,2026-07-20T05:59:22Z,,70,2024,2026-07-20 05:59:22
996,RTX 2000 Mobile Ada Generation,NVIDIA,RTX Ada Generation,AD107,"Mar, 2023",PCIe 4.0,,GDDR6,128,256,1635,2115,2000,3072:24:96,,,35–140,TSMC 4N,,,,List_of_Nvidia_graphics_processing_units,2026-07-20T05:59:22Z,2026-07-20T05:59:22Z,,35,2023,2026-07-20 05:59:22
997,RTX 3000 Mobile Ada Generation,NVIDIA,RTX Ada Generation,AD106,"Mar, 2023",PCIe 4.0,,GDDR6,128,256,1395,1695,2000,4608:36:144,,,35–140,TSMC 4N,,,,List_of_Nvidia_graphics_processing_units,2026-07-20T05:59:22Z,2026-07-20T05:59:22Z,,35,2023,2026-07-20 05:59:22
998,RTX 3500 Mobile Ada Generation,NVIDIA,RTX Ada Generation,AD104,"Mar, 2023",PCIe 4.0,,GDDR6,192,432,1110,1545,2250,5120:40:160,,,60–140,TSMC 4N,,,,List_of_Nvidia_graphics_processing_units,2026-07-20T05:59:22Z,2026-07-20T05:59:22Z,,60,2023,2026-07-20 05:59:22
989,RTX 4000 Ada Generation,NVIDIA,RTX Ada Generation,AD104,"Aug 9, 2023",PCIe 4.0 x16,,GDDR6,160,360,1500,2175,1750(14000),6144:192 :80:48:192,,,130,TSMC 4N,,,,List_of_Nvidia_graphics_processing_units,2026-07-20T05:59:22Z,2026-07-20T05:59:22Z,,130,2023,2026-07-20 05:59:22
999,RTX 4000 Mobile Ada Generation,NVIDIA,RTX Ada Generation,AD104,"Mar, 2023",PCIe 4.0,,GDDR6,192,432,1290,1665,2250,7424:58:232,,,60–175,TSMC 4N,,,,List_of_Nvidia_graphics_processing_units,2026-07-20T05:59:22Z,2026-07-20T05:59:22Z,,60,2023,2026-07-20 05:59:22
988,RTX 4000 SFF Ada Generation,NVIDIA,RTX Ada Generation,AD104,"Mar 21, 2023",PCIe 4.0 x16,,GDDR6,160,280,720,1560,1750(14000),6144:192 :80:48:192,,,70,TSMC 4N,,,,List_of_Nvidia_graphics_processing_units,2026-07-20T05:59:22Z,2026-07-20T05:59:22Z,,70,2023,2026-07-20 05:59:22
990,RTX 4500 Ada Generation,NVIDIA,RTX Ada Generation,AD103,"Aug 9, 2023",PCIe 4.0 x16,,GDDR6,192,432,2070,2580,2250 (18000),7680:240 :80:60:240,,,210,TSMC 4N,,,,List_of_Nvidia_graphics_processing_units,2026-07-20T05:59:22Z,2026-07-20T05:59:22Z,,210,2023,2026-07-20 05:59:22
994,RTX 500 Mobile Ada Generation,NVIDIA,RTX Ada Generation,AD107,"Feb, 2024",PCIe 4.0,,GDDR6,64,128,1485,2025,2000,2048:16:64,,,35–60,TSMC 4N,,,,List_of_Nvidia_graphics_processing_units,2026-07-20T05:59:22Z,2026-07-20T05:59:22Z,,35,2024,2026-07-20 05:59:22
991,RTX 5000 Ada Generation,NVIDIA,RTX Ada Generation,AD102-850-KAB-A1,"Aug 9, 2023",PCIe 4.0 x16,,GDDR6,256,576,1155,2550,2250 (18000),12800:400 :160:100:400,,,250,TSMC 4N,,,,List_of_Nvidia_graphics_processing_units,2026-07-20T05:59:22Z,2026-07-20T05:59:22Z,,250,2023,2026-07-20 05:59:22
1000,RTX 5000 Mobile Ada Generation,NVIDIA,RTX Ada Generation,AD103,"Mar, 2023",PCIe 4.0,,GDDR6,256,576,1425,2115,2250,9728:76:304,,,60–175,TSMC 4N,,,,List_of_Nvidia_graphics_processing_units,2026-07-20T05:59:22Z,2026-07-20T05:59:22Z,,60,2023,2026-07-20 05:59:22
992,RTX 5880 Ada Generation,NVIDIA,RTX Ada Generation,AD102,"Jan 5, 2024",PCIe 4.0 x16,,GDDR6,384,960,975,2460,2500(20000),14080:440 :176:110:440,,,285,TSMC 4N,,,,List_of_Nvidia_graphics_processing_units,2026-07-20T05:59:22Z,2026-07-20T05:59:22Z,,285,2024,2026-07-20 05:59:22
993,RTX 6000 Ada Generation,NVIDIA,RTX Ada Generation,AD102-870-A1,"Dec 3, 2022",PCIe 4.0 x16,,GDDR6,384,960,915,2505,2500(20000),18176:568 :192:142:568,,,300,TSMC 4N,,,,List_of_Nvidia_graphics_processing_units,2026-07-20T05:59:22Z,2026-07-20T05:59:22Z,,300,2022,2026-07-20 05:59:22
969,RTX A1000,NVIDIA,RTX Ax000 series,GA107,"Apr 16, 2024",PCIe 4.0 x8,,GDDR6,128,192,727,1462,1500(12000),2304:72 :32:18:72,,,50,8,,,,List_of_Nvidia_graphics_processing_units,2026-07-20T05:59:22Z,2026-07-20T05:59:22Z,,50,2024,2026-07-20 05:59:22
978,RTX A1000 Mobile,NVIDIA,RTX Ax000 series,GA107,"Mar 30, 2022",PCIe 4.0,,GDDR6,128,224,630,1140,1375,2048:64 :32:16:64,,,60,Samsung 8N,,,,List_of_Nvidia_graphics_processing_units,2026-07-20T05:59:22Z,2026-07-20T05:59:22Z,,60,2022,2026-07-20 05:59:22
979,RTX A1000 Mobile 6 GB,NVIDIA,RTX Ax000 series,GA107,"Mar 30, 2022",PCIe 4.0,,GDDR6,96,168,652,1140,1375,2560:80 :32:20:80,,,95,Samsung 8N,,,,List_of_Nvidia_graphics_processing_units,2026-07-20T05:59:22Z,2026-07-20T05:59:22Z,,95,2022,2026-07-20 05:59:22
970,RTX A2000,NVIDIA,RTX Ax000 series,GA106-850-A1,"Aug 10, 2021",PCIe 4.0 x16,,GDDR6,192,288,562,1200,1500(12000),3328:104 :48:26:104,,,70,8,,,,List_of_Nvidia_graphics_processing_units,2026-07-20T05:59:22Z,2026-07-20T05:59:22Z,,70,2021,2026-07-20 05:59:22
980,RTX A2000 Mobile,NVIDIA,RTX Ax000 series,GA106,"Apr 12, 2021",PCIe 4.0,,GDDR6,128,192,1215,1687,1500,2560:80 :48:20:80,,,95,Samsung 8N,,,,List_of_Nvidia_graphics_processing_units,2026-07-20T05:59:22Z,2026-07-20T05:59:22Z,,95,2021,2026-07-20 05:59:22
981,RTX A3000 Mobile,NVIDIA,RTX Ax000 series,GA104-A1,"Apr 12, 2021",PCIe 4.0,,GDDR6,192,264,600,1230,1375,4096:128 :64:32:128,,,70,Samsung 8N,,,,List_of_Nvidia_graphics_processing_units,2026-07-20T05:59:22Z,2026-07-20T05:59:22Z,,70,2021,2026-07-20 05:59:22
982,RTX A3000 Mobile 12 GB,NVIDIA,RTX Ax000 series,GA104-A1,"Mar 22, 2022",PCIe 4.0,,GDDR6,192,336,855,1440,1750,4096:128 :64:32:128,,,115,Samsung 8N,,,,List_of_Nvidia_graphics_processing_units,2026-07-20T05:59:22Z,2026-07-20T05:59:22Z,,115,2022,2026-07-20 05:59:22
968,RTX A400,NVIDIA,RTX Ax000 series,GA107,"Apr 16, 2024",PCIe 4.0 x8,,GDDR6,64,96,727,1762,1500(12000),768:24 :16:6:24,,,50,8,,,,List_of_Nvidia_graphics_processing_units,2026-07-20T05:59:22Z,2026-07-20T05:59:22Z,,50,2024,2026-07-20 05:59:22
972,RTX A4000,NVIDIA,RTX Ax000 series,GA104-875-A1,"Apr 12, 2021",PCIe 4.0 x16,,GDDR6,256,448,735,1560,1750(14000),6144:192 :96:48:192,,,140,8,,,,List_of_Nvidia_graphics_processing_units,2026-07-20T05:59:22Z,2026-07-20T05:59:22Z,,140,2021,2026-07-20 05:59:22
983,RTX A4000 Mobile,NVIDIA,RTX Ax000 series,GA104-A1,"Apr 12, 2021",PCIe 4.0,,GDDR6,256,384,1140,1680,1500,5120:160 :80:40:160,,,140,Samsung 8N,,,,List_of_Nvidia_graphics_processing_units,2026-07-20T05:59:22Z,2026-07-20T05:59:22Z,,140,2021,2026-07-20 05:59:22
973,RTX A4500,NVIDIA,RTX Ax000 series,GA102-825-KD-A1,"Nov 23, 2021",PCIe 4.0 x16,,GDDR6,320,640,1050,1650,2000(16000),7168:224 :80:56:224,,,200,8,,,,List_of_Nvidia_graphics_processing_units,2026-07-20T05:59:22Z,2026-07-20T05:59:22Z,,200,2021,2026-07-20 05:59:22
984,RTX A4500 Mobile,NVIDIA,RTX Ax000 series,GA104-A1,"Mar 22, 2022",PCIe 4.0,,GDDR6,256,512,930,1500,2000,5888:184 :96:46:184,,,140,Samsung 8N,,,,List_of_Nvidia_graphics_processing_units,2026-07-20T05:59:22Z,2026-07-20T05:59:22Z,,140,2022,2026-07-20 05:59:22
977,RTX A500 Mobile,NVIDIA,RTX Ax000 series,GA107S,"Mar 22, 2022",PCIe 4.0,,GDDR6,64,112,832,1537,1500,2048:64 :32:16:64,,,60,Samsung 8N,,,,List_of_Nvidia_graphics_processing_units,2026-07-20T05:59:22Z,2026-07-20T05:59:22Z,,60,2022,2026-07-20 05:59:22
974,RTX A5000,NVIDIA,RTX Ax000 series,GA102-850-A1,"Apr 12, 2021",PCIe 4.0 x16,,GDDR6,384,768,1170,1695,2000(16000),8192:256 :96:64:256,,,230,8,,,,List_of_Nvidia_graphics_processing_units,2026-07-20T05:59:22Z,2026-07-20T05:59:22Z,,230,2021,2026-07-20 05:59:22
985,RTX A5000 Mobile,NVIDIA,RTX Ax000 series,GA104-A1,"Apr 12, 2021",PCIe 4.0,,GDDR6,256,448,900,1575,1750,6144:192 :96:48:192,,,150,Samsung 8N,,,,List_of_Nvidia_graphics_processing_units,2026-07-20T05:59:22Z,2026-07-20T05:59:22Z,,150,2021,2026-07-20 05:59:22
975,RTX A5500,NVIDIA,RTX Ax000 series,GA102-860-A1,"Mar 22, 2022",PCIe 4.0 x16,,GDDR6,384,768,1080,1665,2000(16000),10240:320 :112:80:320,,,230,8,,,,List_of_Nvidia_graphics_processing_units,2026-07-20T05:59:22Z,2026-07-20T05:59:22Z,,230,2022,2026-07-20 05:59:22
986,RTX A5500 Mobile,NVIDIA,RTX Ax000 series,GA103-A1,"Mar 22, 2022",PCIe 4.0,,GDDR6,256,512,975,1500,2000,7424:232 :96:58:232,,,165,Samsung 8N,,,,List_of_Nvidia_graphics_processing_units,2026-07-20T05:59:22Z,2026-07-20T05:59:22Z,,165,2022,2026-07-20 05:59:22
976,RTX A6000,NVIDIA,RTX Ax000 series,GA102-875-A1,"Oct 5, 2020",PCIe 4.0 x16,,GDDR6,384,768,1410,1800,2000(16000),10752:336 :112:84:336,,,300,8,,,,List_of_Nvidia_graphics_processing_units,2026-07-20T05:59:22Z,2026-07-20T05:59:22Z,,300,2020,2026-07-20 05:59:22
1008,RTX PRO 1000 Blackwell Mobile,NVIDIA,RTX PRO Blackwell series,GB207,,PCIe 5.0 x16,,GDDR7,128,448,2235,2520,1750,2560:80 :32:80:20,,,35,TSMC 4N,,,,List_of_Nvidia_graphics_processing_units,2026-07-20T05:59:23Z,2026-07-20T05:59:23Z,,35,,2026-07-20 05:59:23
1001,RTX PRO 2000 Blackwell,NVIDIA,RTX PRO Blackwell series,GB206,"Aug 11, 2025",PCIe 5.0 x8,,GDDR7,128,288,982,1957,1125,4352:136 :48:136:34,,,70,TSMC 4N,,,,List_of_Nvidia_graphics_processing_units,2026-07-20T05:59:22Z,2026-07-20T05:59:22Z,,70,2025,2026-07-20 05:59:22
1009,RTX PRO 2000 Blackwell Mobile,NVIDIA,RTX PRO Blackwell series,GB206,,PCIe 5.0 x16,,GDDR7,128,448,952,1455,1750,3328:104 :32:104:26,,,45,TSMC 4N,,,,List_of_Nvidia_graphics_processing_units,2026-07-20T05:59:23Z,2026-07-20T05:59:23Z,,45,,2026-07-20 05:59:23
1010,RTX PRO 3000 Blackwell Mobile,NVIDIA,RTX PRO Blackwell series,GB205,,PCIe 5.0 x16,,GDDR7,192,672,847,1447,1750,5888:184 :80:184:46,,,60,TSMC 4N,,,,List_of_Nvidia_graphics_processing_units,2026-07-20T05:59:23Z,2026-07-20T05:59:23Z,,60,,2026-07-20 05:59:23
1002,RTX PRO 4000 Blackwell,NVIDIA,RTX PRO Blackwell series,GB203,"Mar 18, 2025",PCIe 5.0 x16,,GDDR7,192,672,1590,2617,1750,8960:280 :96:280:70,,,140,TSMC 4N,,,,List_of_Nvidia_graphics_processing_units,2026-07-20T05:59:22Z,2026-07-20T05:59:22Z,,140,2025,2026-07-20 05:59:22
1011,RTX PRO 4000 Blackwell Mobile,NVIDIA,RTX PRO Blackwell series,GB203,,PCIe 5.0 x16,,GDDR7,256,896,975,1500,1750,7680:240 :96:240:60,,,80,TSMC 4N,,,,List_of_Nvidia_graphics_processing_units,2026-07-20T05:59:23Z,2026-07-20T05:59:23Z,,80,,2026-07-20 05:59:23
1003,RTX PRO 4500 Blackwell,NVIDIA,RTX PRO Blackwell series,GB203,"Mar 18, 2025",PCIe 5.0 x16,,GDDR7,256,896,1590,2617,1750,10496:328 :112:328:82,,,200,TSMC 4N,,,,List_of_Nvidia_graphics_processing_units,2026-07-20T05:59:22Z,2026-07-20T05:59:22Z,,200,2025,2026-07-20 05:59:22
1007,RTX PRO 500 Blackwell Mobile,NVIDIA,RTX PRO Blackwell series,GB207,,PCIe 5.0 x16,,GDDR7,96,336,2235,2520,1750,1792:56 :24:56:14,,,35,TSMC 4N,,,,List_of_Nvidia_graphics_processing_units,2026-07-20T05:59:22Z,2026-07-20T05:59:22Z,,35,,2026-07-20 05:59:22
1004,RTX PRO 5000 Blackwell,NVIDIA,RTX PRO Blackwell series,GB202,"Mar 18, 2025",PCIe 5.0 x16,,GDDR7,384,1344,1590,2617,1750,14080:440 :176:440:110,,,300,TSMC 4N,,,,List_of_Nvidia_graphics_processing_units,2026-07-20T05:59:22Z,2026-07-20T05:59:22Z,,300,2025,2026-07-20 05:59:22
1012,RTX PRO 5000 Blackwell Mobile,NVIDIA,RTX PRO Blackwell series,GB203,,PCIe 5.0 x16,,GDDR7,256,896,990,1515,1750,10496:328 :112:328:82,,,95,TSMC 4N,,,,List_of_Nvidia_graphics_processing_units,2026-07-20T05:59:23Z,2026-07-20T05:59:23Z,,95,,2026-07-20 05:59:23
1005,RTX PRO 6000 Blackwell Max-Q Workstation Edition,NVIDIA,RTX PRO Blackwell series,GB202,"Mar 18, 2025",PCIe 5.0 x16,,GDDR7,512,1792,1590,2288,1750,24064:752 :192:752:188,,,300,TSMC 4N,,,,List_of_Nvidia_graphics_processing_units,2026-07-20T05:59:22Z,2026-07-20T05:59:22Z,,300,2025,2026-07-20 05:59:22
1006,RTX PRO 6000 Blackwell Workstation Edition,NVIDIA,RTX PRO Blackwell series,GB202,"Mar 18, 2025",PCIe 5.0 x16,,GDDR7,512,1792,1590,2617,1750,24064:752 :192:752:188,,,600,TSMC 4N,,,,List_of_Nvidia_graphics_processing_units,2026-07-20T05:59:22Z,2026-07-20T05:59:22Z,,600,2025,2026-07-20 05:59:22
3,Riva 128,NVIDIA,Pre-GeForce,NV3,"April1, 1997",PCI,4,SDR,128,1.60,100,,100,1:1:1,,,4,SGS350 nm,4,71,,List_of_Nvidia_graphics_processing_units,2026-07-20T05:58:59Z,2026-07-20T05:58:59Z,,4,1997,2026-07-20 05:58:59
5,Riva 128ZX,NVIDIA,Pre-GeForce,NV3,"February23, 1998",AGP2x,8,SDR,128,1.60,100,,100,1:1:1,,,,SGS350 nm,4,71,,List_of_Nvidia_graphics_processing_units,2026-07-20T05:58:59Z,2026-07-20T05:58:59Z,,,1998,2026-07-20 05:58:59
6,Riva TNT,NVIDIA,Pre-GeForce,NV4,"May23, 1998",AGP2x,16,SDR,128,1.76,90,,110,2:2:2,,,,TSMC350 nm,7,128,,List_of_Nvidia_graphics_processing_units,2026-07-20T05:58:59Z,2026-07-20T05:58:59Z,,,1998,2026-07-20 05:58:59
12,Riva TNT2,NVIDIA,Pre-GeForce,NV5,"October12, 1999",AGP4x,16,SDR,128,2.40,125,,150,2:2:2,,,,TSMC250 nm,15,63,,List_of_Nvidia_graphics_processing_units,2026-07-20T05:58:59Z,2026-07-20T05:58:59Z,,,1999,2026-07-20 05:58:59
10,Riva TNT2M64,NVIDIA,Pre-GeForce,NV6,"October12, 1999",AGP4x,16,SDR,64,1.14,125,,143,2:2:2,,,,TSMC250 nm,15,63,,List_of_Nvidia_graphics_processing_units,2026-07-20T05:58:59Z,2026-07-20T05:58:59Z,,,1999,2026-07-20 05:58:59
11,Riva TNT2M64 Pro,NVIDIA,Pre-GeForce,NV6,"October12, 1999",AGP4x,32,SDR,64,1.14,125,,143,2:2:2,,,,TSMC250 nm,15,63,,List_of_Nvidia_graphics_processing_units,2026-07-20T05:58:59Z,2026-07-20T05:58:59Z,,,1999,2026-07-20 05:58:59
13,Riva TNT2Pro,NVIDIA,Pre-GeForce,NV5,"October12, 1999",AGP4x,32,SDR,128,2.67,143,,167,2:2:2,,,,TSMC250 nm,15,63,,List_of_Nvidia_graphics_processing_units,2026-07-20T05:58:59Z,2026-07-20T05:58:59Z,,,1999,2026-07-20 05:58:59
14,Riva TNT2Ultra,NVIDIA,Pre-GeForce,NV5,"March15, 1999",AGP4x,32,SDR,128,2.93,150,,183,2:2:2,,,,TSMC250 nm,15,63,,List_of_Nvidia_graphics_processing_units,2026-07-20T05:58:59Z,2026-07-20T05:58:59Z,,,1999,2026-07-20 05:58:59
8,Riva TNT2Vanta,NVIDIA,Pre-GeForce,NV6,"March22, 1999",AGP4x,8,SDR,64,1.06,100,,133,2:2:2,,,,TSMC250 nm,15,63,,List_of_Nvidia_graphics_processing_units,2026-07-20T05:58:59Z,2026-07-20T05:58:59Z,,,1999,2026-07-20 05:58:59
9,Riva TNT2Vanta-16,NVIDIA,Pre-GeForce,NV6,"March22, 1999",AGP4x,16,SDR,64,1.06,100,,133,2:2:2,,,,TSMC250 nm,15,63,,List_of_Nvidia_graphics_processing_units,2026-07-20T05:58:59Z,2026-07-20T05:58:59Z,,,1999,2026-07-20 05:58:59
1021,"S1070 GPU Computing Server ""400 configuration""",NVIDIA,Tesla,,"June 1, 2008",,4× 4,GDDR3,4× 512,4× 98.5,602,—N/a,,4× 240:80 :32:0:0 (30),,,800,No,,,,List_of_Nvidia_graphics_processing_units,2026-07-20T05:59:23Z,2026-07-20T05:59:23Z,,800,2008,2026-07-20 05:59:23
1022,"S1070 GPU Computing Server ""500 configuration""",NVIDIA,Tesla,,"June 1, 2008",,4× 4,GDDR3,4× 512,4× 98.5,602,—N/a,,4× 240:80 :32:0:0 (30),,,800,No,,,,List_of_Nvidia_graphics_processing_units,2026-07-20T05:59:23Z,2026-07-20T05:59:23Z,,800,2008,2026-07-20 05:59:23
1023,S1075 GPU Computing Server,NVIDIA,Tesla,,"June 1, 2008",,4× 4,GDDR3,4× 512,4× 98.5,602,—N/a,,4× 240:80 :32:0:0 (30),,,,No,,,,List_of_Nvidia_graphics_processing_units,2026-07-20T05:59:23Z,2026-07-20T05:59:23Z,,,2008,2026-07-20 05:59:23
1032,S2050 GPU Computing Server,NVIDIA,Tesla,,"July 25, 2011",,4× 3,GDDR5,4× 384,4× 148.4,575,—N/a,,4× 448:56 :48:0:0 (14),,,900,No,,,,List_of_Nvidia_graphics_processing_units,2026-07-20T05:59:23Z,2026-07-20T05:59:23Z,,900,2011,2026-07-20 05:59:23
1033,S2070 GPU Computing Server,NVIDIA,Tesla,,"July 25, 2011",,4× 6,GDDR5,4× 384,4× 148.4,575,—N/a,,4× 448:56 :48:0:0 (14),,,900,No,,,,List_of_Nvidia_graphics_processing_units,2026-07-20T05:59:23Z,2026-07-20T05:59:23Z,,900,2011,2026-07-20 05:59:23
1019,S870 GPU Computing Server,NVIDIA,Tesla,,"May 2, 2007",,4× 1.5,GDDR3,4× 384,4× 76.8,600,—N/a,,4× 128:32 :24:0:0 (16),,,,No,,,,List_of_Nvidia_graphics_processing_units,2026-07-20T05:59:23Z,2026-07-20T05:59:23Z,,,2007,2026-07-20 05:59:23
1,STG-2000,NVIDIA,Pre-GeForce,NV1,"September30, 1995",PCI,1,FPM,64,0.40,75,,50,1:1:1,,,,SGS500 nm,1,135,,List_of_Nvidia_graphics_processing_units,2026-07-20T05:58:58Z,2026-07-20T05:58:58Z,,,1995,2026-07-20 05:58:58
1053,T4 GPU accelerator (PCIe card),NVIDIA,Tesla,,"September 12, 2018",,16,GDDR6,256,320,—N/a,1590,,2560:160 :64:320:40 (40),,,70,64.8,,,,List_of_Nvidia_graphics_processing_units,2026-07-20T05:59:23Z,2026-07-20T05:59:23Z,,70,2018,2026-07-20 05:59:23
458,TITAN XPascal,NVIDIA,GeForce 10 series,GP102-400-A1,"August2, 2016",PCIe 3x16,12,,384,480.4,,1417(1531),1251(10.0),3584:224:96:28,,,250,TSMC16FF,11.8,471,,List_of_Nvidia_graphics_processing_units,2026-07-20T05:59:08Z,2026-07-20T05:59:08Z,,250,2016,2026-07-20 05:59:08
459,TITAN Xp,NVIDIA,GeForce 10 series,GP102-450-A1,"April6, 2017",PCIe 3x16,12,,384,547.6,,1405(1582),1426(11.4),3840:240:96:30,,,250,TSMC16FF,11.8,471,,List_of_Nvidia_graphics_processing_units,2026-07-20T05:59:08Z,2026-07-20T05:59:08Z,,250,2017,2026-07-20 05:59:08
480,Titan RTX,NVIDIA,GeForce RTX 20 series,TU102-400-A1,"December18, 2018",,24,,384,672.0,,1350(1770),1750(14.0),4608:288:96:72:576:72,,,280,24.883(32.625),18.6,754,,List_of_Nvidia_graphics_processing_units,2026-07-20T05:59:08Z,2026-07-20T05:59:08Z,,280,2018,2026-07-20 05:59:08
1052,V100 GPU accelerator (PCIe FHHL card),NVIDIA,Tesla,,"March 27, 2018",,16,HBM2,4096,829.4,—N/a,1290,,5120:320 :128:640:0 (80),,,250,105.7,,,,List_of_Nvidia_graphics_processing_units,2026-07-20T05:59:23Z,2026-07-20T05:59:23Z,,250,2018,2026-07-20 05:59:23
1051,V100 GPU accelerator (PCIe card),NVIDIA,Tesla,,"June 21, 2017",,16 or 32,HBM2,4096,900,—N/a,1370,,5120:320 :128:640:0 (80),,,250,112.2,,,,List_of_Nvidia_graphics_processing_units,2026-07-20T05:59:23Z,2026-07-20T05:59:23Z,,250,2017,2026-07-20 05:59:23
1050,V100 GPU accelerator (mezzanine),NVIDIA,Tesla,,"May 10, 2017",,16 or 32,HBM2,4096,900,—N/a,1455,,5120:320 :128:640:0 (80),,,300,119.2,,,,List_of_Nvidia_graphics_processing_units,2026-07-20T05:59:23Z,2026-07-20T05:59:23Z,,300,2017,2026-07-20 05:59:23
7,Vanta LT,NVIDIA,Pre-GeForce,NV6,"March1, 2000",AGP2x,816,SDR,64,0.800,105,,100,2:2:2,,,,TSMC250 nm,15,63,,List_of_Nvidia_graphics_processing_units,2026-07-20T05:58:59Z,2026-07-20T05:58:59Z,,,2000,2026-07-20 05:58:59
1070,XGPU (Xbox),NVIDIA,Console/handheld GPUs,NV2A,"November 15, 2001",Integrated,,DDR,128,6.4,233,,200,4:2:8:41,,,,TSMC 150 nm,,,,List_of_Nvidia_graphics_processing_units,2026-07-20T05:59:24Z,2026-07-20T05:59:24Z,,,2001,2026-07-20 05:59:24
